CASE_ID,ACCIDENT_YEAR,PROC_DATE,JURIS,COLLISION_DATE,COLLISION_TIME,OFFICER_ID,REPORTING_DISTRICT,DAY_OF_WEEK,CHP_SHIFT,POPULATION,CNTY_CITY_LOC,SPECIAL_COND,BEAT_TYPE,CHP_BEAT_TYPE,CITY_DIVISION_LAPD,CHP_BEAT_CLASS,BEAT_NUMBER,PRIMARY_RD,SECONDARY_RD,DISTANCE,DIRECTION,INTERSECTION,WEATHER_1,WEATHER_2,STATE_HWY_IND,CALTRANS_COUNTY,CALTRANS_DISTRICT,STATE_ROUTE,ROUTE_SUFFIX,POSTMILE_PREFIX,POSTMILE,LOCATION_TYPE,RAMP_INTERSECTION,SIDE_OF_HWY,TOW_AWAY,COLLISION_SEVERITY,NUMBER_KILLED,NUMBER_INJURED,PARTY_COUNT,PRIMARY_COLL_FACTOR,PCF_CODE_OF_VIOL,PCF_VIOL_CATEGORY,PCF_VIOLATION,PCF_VIOL_SUBSECTION,HIT_AND_RUN,TYPE_OF_COLLISION,MVIW,PED_ACTION,ROAD_SURFACE,ROAD_COND_1,ROAD_COND_2,LIGHTING,CONTROL_DEVICE,CHP_ROAD_TYPE,PEDESTRIAN_ACCIDENT,BICYCLE_ACCIDENT,MOTORCYCLE_ACCIDENT,TRUCK_ACCIDENT,NOT_PRIVATE_PROPERTY,ALCOHOL_INVOLVED,STWD_VEHTYPE_AT_FAULT,CHP_VEHTYPE_AT_FAULT,COUNT_SEVERE_INJ,COUNT_VISIBLE_INJ,COUNT_COMPLAINT_PAIN,COUNT_PED_KILLED,COUNT_PED_INJURED,COUNT_BICYCLIST_KILLED,COUNT_BICYCLIST_INJURED,COUNT_MC_KILLED,COUNT_MC_INJURED,PRIMARY_RAMP,SECONDARY_RAMP,LATITUDE,LONGITUDE,COUNTY,CITY,POINT_X,POINT_Y
5115937,2011,2012-04-04,3710,2011-02-28,0700,OC1211,,1,5,6,3710,0,0,0,,0,021,"NORTH RIVER RD","COLLEGE BL",8.00,N,N,A,-,N,,,,,,,,,,N,3,0,1,2,A,-,12,21453,A,N,D,G,A,A,H,-,A,A,0,,Y,,,Y,,A,07,0,1,0,0,0,0,1,0,0,"- ","- ",,,"SAN DIEGO",OCEANSIDE,-117.30020380000001,33.250845679999998
5116963,2011,2012-04-25,3711,2011-03-09,1538,6595,,3,5,7,3711,0,0,0,,0,713,"VIA DE LA AMISTAD","PASEO INTERNACIONAL",0.00,,N,A,-,N,,,,,,,,,,N,4,0,1,2,A,-,09,21802,A,N,G,B,D,A,H,-,A,D,0,Y,,,,Y,,-,"- ",0,0,1,0,1,0,0,0,0,"- ","- ",,,"SAN DIEGO","SAN DIEGO",-116.93742988,32.552920030000003
5116971,2011,2012-04-25,3711,2011-03-09,0810,6661,,3,5,7,3711,0,0,0,,0,934,"VOYAGER CIR","VOYAGER CIR 3563",24.00,W,N,A,-,N,,,,,,,,,,N,4,0,1,2,A,-,21,22106,,N,G,B,E,A,H,-,A,D,0,Y,,,,Y,,-,"- ",0,0,1,0,1,0,0,0,0,"- ","- ",,,"SAN DIEGO","SAN DIEGO",-117.24296,32.952280000000002
5116978,2011,2012-05-08,3711,2011-03-04,1645,6571,,5,5,7,3711,0,0,0,,0,431,"N EUCLID AV","MARKET ST",0.00,,Y,A,-,N,,,,,,,,,,N,4,0,1,2,A,-,03,22350,,M,G,B,F,A,H,-,A,D,0,Y,,,,Y,,-,"- ",0,0,1,0,1,0,0,0,0,"- ","- ",,,"SAN DIEGO","SAN DIEGO",-117.08499999999999,32.710430000000002
5116979,2011,2012-04-25,3711,2011-03-08,2322,5988,,2,5,7,3711,0,0,0,,0,524,BROADWAY,"8TH AV",28.00,E,N,A,-,N,,,,,,,,,,N,3,0,1,2,A,-,11,21955,,N,G,B,D,A,H,-,C,A,0,Y,,,,Y,Y,N,60,0,1,0,0,1,0,0,0,0,"- ","- ",,,"SAN DIEGO","SAN DIEGO",-117.15735112,32.715705790000001
5116982,2011,2012-04-25,3711,2011-03-06,1620,6787,,7,5,7,3711,0,0,0,,0,821,"UNIVERSITY AV","COLLEGE AV",57.00,E,N,B,-,N,,,,,,,,,,N,3,0,1,2,A,-,08,22107,,N,A,B,F,A,H,-,A,A,0,Y,,,,Y,,-,"- ",0,1,0,0,1,0,0,0,0,"- ","- ",,,"SAN DIEGO","SAN DIEGO",-117.0643182,32.752898170000002
5117010,2011,2012-04-25,3711,2011-03-06,1145,5813,TORRE,7,5,7,3711,0,0,0,,0,126,"NORTH TORREY PINES RD","SCIENCE PARK RD",190.00,N,N,A,-,N,,,,,,,,,,N,4,0,1,2,A,-,04,21703,,N,C,G,A,A,H,-,A,D,0,,Y,,,Y,,L,04,0,0,1,0,0,0,1,0,0,"- ","- ",,,"SAN DIEGO","SAN DIEGO",-117.24290013,32.902138379999997
5117217,2011,2012-04-13,3711,2011-02-25,2015,4823,,5,5,7,3711,0,0,0,,0,531,"EL PRADO","BALBOA DR",500.00,E,N,B,-,N,,,,,,,,,,N,3,0,1,2,A,-,05,21650,1,N,A,G,A,A,H,-,C,D,0,,Y,,,Y,,L,04,0,1,0,0,0,0,1,0,0,"- ","- ",,,"SAN DIEGO","SAN DIEGO",-117.1564628,32.731334560000001
5117229,2011,2012-04-13,3711,2011-02-25,2129,5980,,5,5,7,3711,0,0,0,,0,625,"OREGON ST","MEADE AV",290.00,N,N,B,-,N,,,,,,,,,,N,3,0,1,2,-,-,"- ",,,N,G,B,E,A,H,-,C,D,0,Y,,,,Y,,-,"- ",0,1,0,0,1,0,0,0,0,"- ","- ",,,"SAN DIEGO","SAN DIEGO",-117.13514609000001,32.758049190000001
5117241,2011,2012-04-13,3711,2011-02-25,1235,4806,,5,5,7,3711,0,0,0,,0,122,"GARNET AV","KENDALL ST",24.00,W,Y,A,-,N,,,,,,,,,,N,3,0,1,2,A,-,"- ",,,N,H,G,A,A,A,-,A,D,0,,Y,,,Y,,-,"- ",0,1,0,0,0,0,1,0,0,"- ","- ",,,"SAN DIEGO","SAN DIEGO",-117.23726721,32.80057824
5117257,2011,2012-04-13,3711,2011-02-27,1750,6243,,7,5,7,3711,0,0,0,,0,832,"ORANGE AV","42ND ST",0.00,,Y,A,-,N,,,,,,,,,,N,3,0,1,2,A,-,10,21950,A,N,G,B,C,A,H,-,B,D,0,Y,,,,Y,,-,"- ",0,1,0,0,1,0,0,0,0,"- ","- ",,,"SAN DIEGO","SAN DIEGO",-117.10505999999999,32.7532
5117261,2011,2012-04-13,3711,2011-02-25,1413,6681,,5,5,7,3711,0,0,0,,0,437,"CASEY ST","TOUMA ST",0.00,,Y,A,-,N,,,,,,,,,,N,3,0,1,2,A,-,11,21950,B,N,G,B,B,A,H,-,A,D,0,Y,,,,Y,,N,60,0,1,0,0,1,0,0,0,0,"- ","- ",,,"SAN DIEGO","SAN DIEGO",-117.03845990000001,32.68279004
5117431,2011,2012-04-21,3711,2011-03-31,1730,6367,,4,5,7,3711,0,0,0,,0,122,"OCEAN BL","GRAND AV",139.00,S,N,A,-,N,,,,,,,,,,N,3,0,1,2,A,-,04,21703,,N,B,G,A,A,H,-,A,D,0,,Y,,,Y,Y,-,"- ",0,1,0,0,0,0,1,0,0,"- ","- ",,,"SAN DIEGO","SAN DIEGO",-117.2559507,32.794091969999997
5117439,2011,2012-04-21,3711,2011-03-30,0705,6798,,3,5,7,3711,0,0,0,,0,617,"CATALINA BL","CEDAR BRAE",60.00,S,N,E,-,N,,,,,,,,,,N,3,0,1,2,A,-,08,22107,,N,D,G,A,A,H,-,A,D,0,,Y,,,Y,,L,04,0,1,0,0,0,0,1,0,0,"- ","- ",,,"SAN DIEGO","SAN DIEGO",-117.24875409000001,32.710444330000001
5117927,2011,2012-04-23,3711,2011-03-16,0959,6821,,3,5,7,3711,0,0,0,,0,631,"PACIFIC HWY","BANDINI ST",41.00,S,-,B,-,N,,,,,,,,,,N,2,0,1,2,D,-,00,,,N,H,G,A,A,H,-,A,D,0,,Y,,,Y,,-,"- ",1,0,0,0,0,0,1,0,0,"- ","- ",,,"SAN DIEGO","SAN DIEGO",-117.19064534,32.743454829999997
5117952,2011,2012-04-23,3711,2011-03-15,1601,6777,,2,5,7,3711,0,0,0,,0,814,"EL CAJON BL","55TH ST",4.00,W,N,A,-,N,,,,,,,,,,N,3,0,1,2,A,-,09,21801,A,N,D,G,A,A,H,-,A,D,0,,Y,,,Y,,-,"- ",0,1,0,0,0,0,1,0,0,"- ","- ",,,"SAN DIEGO","SAN DIEGO",-117.07614457,32.758252749999997
5117995,2011,2012-04-23,3711,2011-03-09,1515,4965,,3,5,7,3711,0,0,0,,0,621,"KELLY ST","COMSTOCK ST",13.00,W,N,-,-,N,,,,,,,,,,N,4,0,1,2,A,-,11,21954,A,N,G,B,C,A,H,-,A,D,0,Y,,,,Y,,N,60,0,0,1,0,1,0,0,0,0,"- ","- ",,,"SAN DIEGO","SAN DIEGO",-117.17214758,32.783421760000003
5118772,2011,2012-04-16,3701,2011-03-13,1816,5337,1,7,5,5,3701,0,0,0,,0,001,"CARLSBAD BL","MOUNTAIN VIEW DR",1056.00,N,N,A,-,N,,,,,,,,,,N,4,0,1,2,A,-,08,22107,,N,B,G,A,A,H,-,A,D,0,,Y,,,Y,,L,04,0,0,1,0,0,0,1,0,0,"- ","- ",33.166040000000002,-117.35442999999999,"SAN DIEGO",CARLSBAD,-117.35481598,33.166387520000001
5120017,2011,2012-04-06,3700,2011-02-03,1824,SH2503,,4,5,4,3780,0,0,0,,0,411,"MIDLAND RD","JANETTE LN",0.00,,Y,A,-,N,,,,,,,,,,N,4,0,1,2,A,-,10,21950,A,N,G,B,B,A,H,-,D,D,0,Y,,,,Y,,A,01,0,0,1,0,1,0,0,0,0,"- ","- ",,,"SAN DIEGO",POWAY,-117.03615000000001,32.964170000000003
5120069,2011,2012-05-23,3700,2011-02-08,0734,SH4961,,2,5,4,3780,0,0,0,,0,410,"ACACIA TER","ARBOLITOS DR",549.00,W,N,A,-,N,,,,,,,,,,N,3,0,1,2,A,-,11,21956,,N,G,B,E,A,H,-,A,D,0,Y,,,,Y,,N,60,0,1,0,0,1,0,0,0,0,"- ","- ",,,"SAN DIEGO",POWAY,-117.05737204,32.969117670000003
5120508,2011,2012-04-05,3706,2011-02-04,1750,339,ESPD,5,5,6,3706,0,0,0,,0,043,"NUTMEG ST","FOUNTAIN PL",104.00,S,N,A,-,N,,,,,,,,,,N,2,0,1,2,A,-,11,21954,A,F,G,B,D,A,H,-,B,D,0,Y,,,,Y,Y,N,60,1,0,0,0,1,0,0,0,0,"- ","- ",,,"SAN DIEGO",ESCONDIDO,-117.10933511,33.155400190000002
5124085,2011,2012-04-27,3706,2011-03-19,1102,0397,ESPD,6,5,6,3706,0,0,0,,0,042,"MISSION AV","BEECH ST",5.00,W,N,B,-,N,,,,,,,,,,N,3,0,1,2,A,-,08,22107,,F,C,G,A,A,H,-,A,D,0,,Y,,,Y,,A,01,0,1,0,0,0,0,1,0,0,"- ","- ",,,"SAN DIEGO",ESCONDIDO,-117.07265595,33.135047989999997
5124089,2011,2012-04-27,3706,2011-03-15,2050,346,ESPD,2,5,6,3706,0,0,0,,0,052,"CENTRE CITY PKWY","FELICITA AV",0.00,,Y,A,-,N,,,,,,,,,,N,4,0,1,2,A,-,17,21451,A,N,G,B,B,A,H,-,C,A,0,Y,,,,Y,,A,01,0,0,1,0,1,0,0,0,0,"- ","- ",,,"SAN DIEGO",ESCONDIDO,-117.0757,33.103290000000001
5124808,2011,2012-05-31,3703,2011-03-05,1016,1038,,6,5,3,3703,0,0,0,,0,,"SILVER STRAND BL","LEYTE RD",850.00,N,N,A,-,Y,SD,11,75,-,-,16.009,I,6,N,N,3,0,1,2,A,-,09,21802,A,N,D,G,A,A,H,-,A,A,0,,Y,,,Y,,A,01,0,1,0,0,0,0,1,0,0,"- ","- ",,,"SAN DIEGO",CORONADO,-117.15498282,32.658728920000001
5125091,2011,2012-04-25,3711,2011-03-13,1135,6497,,7,5,7,3711,0,0,0,,0,433,"HILGER ST","GIBSON ST",0.00,,Y,A,-,N,,,,,,,,,,N,4,0,1,2,A,-,12,22450,A,N,D,G,A,A,H,-,A,A,0,,Y,,,Y,,L,04,0,0,1,0,0,0,1,0,0,"- ","- ",,,"SAN DIEGO","SAN DIEGO",-117.05322,32.719099999999997
5125104,2011,2012-04-25,3711,2011-03-17,0710,6156,SD,4,5,7,3711,0,0,0,,0,113,"FOX AV",FOX,10.00,N,N,B,E,N,,,,,,,,,,N,3,0,1,2,A,-,09,21804,A,N,A,G,A,A,H,-,A,D,0,,Y,,,Y,,L,04,0,1,0,0,0,0,1,0,0,"- ","- ",,,"SAN DIEGO","SAN DIEGO",-117.20348238,32.816736710000001
5125107,2011,2012-04-25,3711,2011-03-18,2253,4643,,5,5,7,3711,0,0,0,,0,531,"PERSHING DR","JACARANDA PL",0.00,,Y,A,-,N,,,,,,,,,,N,4,0,1,2,A,-,09,21801,A,N,D,G,A,A,H,-,D,D,0,,Y,,,Y,,A,01,0,0,1,0,0,0,1,0,0,"- ","- ",,,"SAN DIEGO","SAN DIEGO",-117.1345,32.738300000000002
5125112,2011,2012-04-25,3711,2011-03-17,2048,5521,"SAN D",4,5,7,3711,0,0,0,,0,621,"OSLER ST","ULRIC CT",0.00,,Y,A,-,N,,,,,,,,,,N,3,0,1,2,A,-,12,22450,A,N,D,G,A,A,H,-,C,A,0,,Y,,,Y,Y,L,04,0,1,0,0,0,0,1,0,0,"- ","- ",,,"SAN DIEGO","SAN DIEGO",-117.17291,32.792619999999999
5125129,2011,2012-04-27,3711,2011-03-15,0730,5514,,2,5,7,3711,0,0,0,,0,723,"PALM AV","CHURRITUCK DR",0.00,,Y,A,-,N,,,,,,,,,,Y,2,0,1,2,A,-,10,21950,A,N,G,B,B,A,H,-,A,D,0,Y,,,,Y,,A,07,1,0,0,0,1,0,0,0,0,"- ","- ",,,"SAN DIEGO","SAN DIEGO",-117.05813000000001,32.583750000000002
5125141,2011,2012-04-26,3711,2011-03-17,0554,6010,SANDI,4,5,7,3711,0,0,0,,0,511,"SOUTH 28TH ST","LEHARDY ST",9.00,N,N,E,-,N,,,,,,,,,,N,4,0,1,2,A,-,08,22107,,N,D,B,D,A,H,-,C,A,0,Y,,,,Y,,-,"- ",0,0,1,0,1,0,0,0,0,"- ","- ",,,"SAN DIEGO","SAN DIEGO",-117.13370114999999,32.691805860000002
5125157,2011,2012-04-27,9650,2011-03-02,1104,012464,,3,1,9,3700,0,2,4,,2,061,"SOUTH MISSION RD","ALMOND ST",154.00,N,N,A,-,N,,,,,,,,,,N,3,0,1,2,A,-,09,21801,A,N,H,G,A,A,H,-,A,D,0,,Y,,,Y,,A,01,0,1,0,0,0,0,1,0,0,"- ","- ",,,"SAN DIEGO",UNINCORPORATED,-117.25007047,33.366597919999997
5125189,2011,2012-04-26,9650,2011-03-08,1630,013570,,2,2,9,3700,0,2,4,,2,061,"S WISCONSIN ST","AVIATION RD",0.00,,Y,A,-,N,,,,,,,,,,N,3,0,1,2,A,-,11,21954,A,N,G,B,-,A,H,-,A,D,0,Y,,,,Y,,N,60,0,1,0,0,1,0,0,0,0,"- ","- ",,,"SAN DIEGO",UNINCORPORATED,-117.25517000000001,33.373939999999997
5125861,2011,2012-04-13,3700,2011-02-03,1522,SH1654,,4,5,5,3782,0,0,0,,0,224,"ENCINITAS BL","MANCHESTER AV",832.00,W,N,A,-,N,,,,,,,,,,N,2,0,1,2,A,-,09,21804,A,N,D,G,A,A,H,-,A,D,0,,Y,,,Y,,A,08,1,0,0,0,0,0,1,0,0,"- ","- ",,,"SAN DIEGO",ENCINITAS,-117.24119051,33.038258970000001
5125862,2011,2012-04-13,3700,2011-02-10,1345,SH2496,,4,5,3,3783,0,0,0,,0,273,"STEVENS AV","SAN RODOLFO DR",3.00,S,N,A,-,N,,,,,,,,,,N,2,0,1,2,A,-,10,21950,A,N,G,B,B,A,H,-,A,A,0,Y,,Y,,Y,,C,02,1,0,0,0,1,0,0,0,0,"- ","- ",,,"SAN DIEGO","SOLANA BEACH",-117.26207012,32.993576740000002
5125878,2011,2012-04-13,3700,2011-02-02,1149,SH3650,,3,5,2,3704,0,0,0,,0,294,"CAMINO DEL MAR","10TH ST",79.00,N,N,A,-,N,,,,,,,,,,N,4,0,1,2,A,-,08,21717,,N,B,G,A,A,H,-,A,D,0,,Y,,,Y,,A,01,0,0,1,0,0,0,1,0,0,"- ","- ",,,"SAN DIEGO","DEL MAR",-117.26349147000001,32.954570590000003
5125897,2011,2012-04-13,3700,2011-02-12,2114,SH4791,,6,5,5,3782,0,0,0,,0,241,"SAN ELIJO  AV","SAN ELIJO  AV 1615",0.00,,N,A,-,N,,,,,,,,,,N,3,0,2,2,A,-,08,22107,,N,H,G,A,A,H,-,D,D,0,,Y,,,Y,Y,L,04,0,2,0,0,0,0,2,0,0,"- ","- ",,,"SAN DIEGO",ENCINITAS,-117.28709345999999,33.028214140000003
5126203,2011,2012-05-31,9680,2011-03-11,1735,019867,,5,2,9,3700,0,1,3,,1,041,"RT 188","HUMPHRIES RD",1056.00,S,N,A,-,Y,SD,11,188,-,-,0.380,H,-,S,N,4,0,1,2,A,-,11,21954,A,N,G,B,D,A,H,-,B,D,0,Y,,,,Y,,N,60,0,0,1,0,1,0,0,0,0,"- ","- ",32.580570000000002,-116.63198,"SAN DIEGO",UNINCORPORATED,-116.63137881999999,32.580033579999998
5126230,2011,2012-05-23,3711,2011-04-01,1136,6771,,5,5,7,3711,0,0,0,,0,723,"IRIS AV","BEYER BL",30.00,W,N,A,-,N,,,,,,,,,,N,3,0,1,2,A,-,05,21650,1,N,H,G,A,A,H,-,A,A,0,,Y,,,Y,,L,04,0,1,0,0,0,0,1,0,0,"- ","- ",,,"SAN DIEGO","SAN DIEGO",-117.06385741,32.569130620000003
5126506,2011,2012-04-05,3702,2011-02-16,1900,1012,3702,3,5,6,3702,0,0,0,,0,022,"3RD AV","NAPLES ST",0.00,,Y,B,-,N,,,,,,,,,,N,4,0,1,2,A,-,09,21801,A,N,G,B,B,B,H,-,C,A,0,Y,,,,Y,,A,01,0,0,1,0,1,0,0,0,0,"- ","- ",,,"SAN DIEGO","CHULA VISTA",-117.06912,32.613680000000002
5126530,2011,2012-04-05,3702,2011-02-24,1617,736,,4,5,6,3702,0,0,0,,0,023,PALOMAR,"2ND AV",0.00,,Y,A,-,N,,,,,,,,,,N,3,0,1,2,A,-,10,21950,A,N,-,B,B,A,H,-,A,A,0,Y,,,,Y,,A,07,0,1,0,0,1,0,0,0,0,"- ","- ",,,"SAN DIEGO","CHULA VISTA",-117.06235,32.607900000000001
5126539,2011,2012-04-05,3702,2011-02-19,2333,787,3702,6,5,6,3702,0,0,0,,0,037,"OTAY LAKES RD","EASTLAKE PKWY",6.00,W,N,C,-,N,,,,,,,,,,N,4,0,1,2,A,-,"- ",,,N,C,G,A,B,H,-,C,A,0,,Y,,,Y,,A,01,0,0,1,0,0,0,1,0,0,"- ","- ",,,"SAN DIEGO","CHULA VISTA",-116.96548926,32.648297579999998
5126550,2011,2012-04-05,3702,2011-02-22,1509,925,,2,5,6,3702,0,0,0,,0,013,"H ST","4TH AV",0.00,,Y,A,-,N,,,,,,,,,,N,3,0,1,2,A,-,11,21950,B,N,-,B,B,A,H,-,A,A,0,Y,,,,Y,,N,60,0,1,0,0,1,0,0,0,0,"- ","- ",,,"SAN DIEGO","CHULA VISTA",-117.08129,32.633229999999998
5126754,2011,2012-05-23,3702,2011-03-08,1825,881,,2,5,6,3702,0,0,0,,0,012,"H ST","4TH AV",186.00,E,N,A,-,N,,,,,,,,,,N,4,0,1,2,A,-,05,21650,1,N,B,G,A,A,H,-,C,D,0,,Y,,,Y,,L,04,0,0,1,0,0,0,1,0,0,"- ","- ",,,"SAN DIEGO","CHULA VISTA",-117.08073093,32.633396679999997
5126770,2011,2012-04-26,3702,2011-03-06,1503,522,,7,5,6,3702,0,0,0,,0,031,"OTAY LAKES RD","CANYON DR",5.00,S,N,A,-,N,,,,,,,,,,N,3,0,1,2,A,-,12,21453,A,N,D,G,A,A,H,-,A,A,0,,Y,,,Y,,L,04,0,1,0,0,0,0,1,0,0,"- ","- ",,,"SAN DIEGO","CHULA VISTA",-117.00326801,32.646977630000002
5127320,2011,2012-07-11,3700,2011-02-24,1523,SH2126,,4,5,5,3713,0,0,0,,0,311,"CIVIC CENTER DR","EAST VISTA WY",245.00,S,N,B,-,N,,,,,,,,,,N,3,0,1,2,A,-,11,21955,,N,G,B,D,A,H,-,A,D,0,Y,,,,Y,,N,60,0,1,0,0,1,0,0,0,0,"- ","- ",,,"SAN DIEGO",VISTA,-117.23686336999999,33.204678680000001
5127344,2011,2012-07-11,3700,2011-02-15,2130,SH9490,,2,5,5,3713,0,0,0,,0,311,"VISTA VILLAGE DR","HILLSIDE TER",26.00,E,N,B,-,N,,,,,,,,,,N,4,0,1,2,A,-,10,21950,A,N,G,B,B,B,H,-,C,A,0,Y,,,,Y,,A,01,0,0,1,0,1,0,0,0,0,"- ","- ",,,"SAN DIEGO",VISTA,-117.23706901,33.205386369999999
5127610,2011,2012-04-27,3711,2011-03-21,1920,3873,,1,5,7,3711,0,0,0,,0,619,"OLD TOWN AV","MOORE ST",142.00,E,N,B,-,N,,,,,,,,,,N,4,0,1,2,A,-,03,22350,,M,G,B,E,A,H,-,C,D,0,Y,,,,Y,,D,,0,0,1,0,1,0,0,0,0,"- ","- ",,,"SAN DIEGO","SAN DIEGO",-117.19298539,32.748462009999997
5127642,2011,2012-04-27,3711,2011-03-20,0035,5393,,7,5,7,3711,0,0,0,,0,518,"31ST ST","HAWTHORN ST",16.00,,N,B,-,N,,,,,,,,,,N,2,0,3,3,A,-,09,21801,A,F,D,G,A,A,H,-,C,D,0,,Y,Y,,Y,Y,L,04,1,2,0,0,0,0,1,0,2,"- ","- ",,,"SAN DIEGO","SAN DIEGO",-117.12748000000001,32.727519999999998
5127650,2011,2012-04-27,3711,2011-03-02,1720,6576,MIDCI,3,5,7,3711,0,0,0,,0,822,"COLLEGE AV","COLLEGE AV 4550",9.00,E,N,A,-,N,,,,,,,,,,N,3,0,1,2,A,-,"- ",,,N,H,B,D,A,H,-,A,A,0,Y,,,,Y,,-,"- ",0,1,0,0,1,0,0,0,0,"- ","- ",,,"SAN DIEGO","SAN DIEGO",-117.0664,32.75956
5127677,2011,2012-04-27,3711,2011-03-15,1604,6840,,2,5,7,3711,0,0,0,,0,529,"4TH AV","DATE ST",5.00,S,N,A,-,N,,,,,,,,,,N,4,0,1,2,A,-,11,21954,A,N,G,B,D,A,H,-,A,A,0,Y,,,,Y,Y,N,60,0,0,1,0,1,0,0,0,0,"- ","- ",,,"SAN DIEGO","SAN DIEGO",-117.16116184000001,32.7230311
5127948,2011,2012-04-30,3706,2011-03-10,1350,0275,ESPD,4,5,6,3706,0,0,0,,0,045,"QUINCE ST","MISSION AV",342.00,S,N,A,-,N,,,,,,,,,,N,4,0,1,2,A,-,09,21804,A,N,G,B,E,A,H,-,A,D,0,Y,,,,Y,,A,01,0,0,1,0,1,0,0,0,0,"- ","- ",,,"SAN DIEGO",ESCONDIDO,-117.09306304,33.126960250000003
5128051,2011,2012-04-20,3705,2011-03-11,1650,EC0277,,5,5,5,3705,0,0,0,,0,009,"2ND ST","MAIN ST",370.00,N,N,A,-,N,,,,,,,,,,N,2,0,1,2,A,-,11,21954,A,N,G,B,C,A,H,-,A,D,0,Y,,,,Y,Y,N,60,1,0,0,0,1,0,0,0,0,"- ","- ",,,"SAN DIEGO","EL CAJON",-115.54649156000001,32.7938361
5128055,2011,2012-04-19,3705,2011-03-10,1529,EC0277,,4,5,5,3705,0,0,0,,0,006,JOHNSON,"MAIN ST",24.00,N,N,A,-,N,,,,,,,,,,N,4,0,1,2,A,-,10,21950,A,N,B,B,B,A,H,-,A,A,0,Y,,,,Y,,A,01,0,0,1,0,1,0,0,0,0,"- ","- ",,,"SAN DIEGO","EL CAJON",-116.97104484,32.795041560000001
5128067,2011,2012-04-19,3705,2011-03-07,1535,EC0188,,1,5,5,3705,0,0,0,,0,008,EMERALD,CHASE,3301.00,S,N,B,-,N,,,,,,,,,,N,4,0,1,2,A,-,11,21954,A,N,G,B,D,A,H,-,A,D,0,Y,,,,Y,,N,60,0,0,1,0,1,0,0,0,0,"- ","- ",,,"SAN DIEGO","EL CAJON",,
5128096,2011,2012-04-27,3700,2011-03-23,1209,SH3764,,3,5,4,3720,0,0,0,,0,602,BROADWAY,"NEW JERSEY AV",75.00,E,N,A,-,N,,,,,,,,,,Y,4,0,1,2,A,-,01,23153,A,F,B,B,F,A,H,-,A,D,0,Y,,,,Y,Y,A,01,0,0,1,0,1,0,0,0,0,"- ","- ",,,"SAN DIEGO","LEMON GROVE",-117.03617877000001,32.742566969999999
5128412,2011,2012-04-16,3711,2011-03-14,0850,3746,,1,5,7,3711,0,0,0,,0,531,"6TH AV","CEDAR ST",95.00,S,N,A,-,N,,,,,,,,,,N,3,0,1,2,A,-,08,22107,,M,B,G,A,A,H,-,A,D,0,,Y,,,Y,,-,"- ",0,1,0,0,0,0,1,0,0,"- ","- ",,,"SAN DIEGO","SAN DIEGO",-117.15932907,32.72171462
5128420,2011,2012-04-30,3711,2011-03-11,1505,6716,SANDI,5,5,7,3711,0,0,0,,0,326,"RIO SAN DIEGO DR","RIO SAN DIEGO DRWY",0.00,,Y,A,-,N,,,,,,,,,,N,3,0,1,2,A,-,12,21453,A,N,D,G,A,A,H,-,A,A,0,,Y,,,Y,,L,04,0,1,0,0,0,0,1,0,0,"- ","- ",,,"SAN DIEGO","SAN DIEGO",-117.1467,32.774189999999997
5128435,2011,2012-04-16,3711,2011-03-14,1805,5999,,1,5,7,3711,0,0,0,,0,512,"IRVING ST","EVANS ST",0.00,,Y,A,-,N,,,,,,,,,,Y,3,0,1,2,A,-,09,21804,A,N,G,G,A,A,H,-,A,D,0,,Y,,,Y,,L,04,0,1,0,0,0,0,1,0,0,"- ","- ",,,"SAN DIEGO","SAN DIEGO",-117.13865,32.701549999999997
5128448,2011,2012-04-16,3711,2011-03-14,1610,6366,,1,5,7,3711,0,0,0,,0,312,"ORLECK ST","ORLECK ST 10200",0.00,,-,A,-,N,,,,,,,,,,N,4,0,1,2,A,-,09,21802,A,N,G,G,A,A,H,-,A,D,0,,Y,,,Y,,-,"- ",0,0,1,0,0,0,1,0,0,"- ","- ",,,"SAN DIEGO","SAN DIEGO",-117.10912999999999,32.82161
5128501,2011,2012-05-04,3711,2011-03-10,1406,6103,,4,5,7,3711,0,0,0,,0,125,"VILLA LA JOLLA","HOLIDAY CT",18.00,N,N,A,-,N,,,,,,,,,,N,4,0,1,2,A,-,09,21801,A,N,H,G,A,A,H,-,A,A,0,,Y,,,Y,,-,"- ",0,0,1,0,0,0,1,0,0,"- ","- ",,,"SAN DIEGO","SAN DIEGO",-117.23396036,32.870344099999997
5128570,2011,2012-04-19,3711,2011-03-17,2200,6770,,4,5,7,3711,0,0,0,,0,441,"NATIONAL AV 3700","S 37TH ST",54.00,E,N,A,-,N,,,,,,,,,,N,4,0,1,2,A,-,11,21954,A,N,G,B,D,A,H,-,C,D,0,Y,,,,Y,,N,60,0,0,1,0,1,0,0,0,0,"- ","- ",,,"SAN DIEGO","SAN DIEGO",,
5128582,2011,2012-04-19,3711,2011-03-23,0739,4821,,3,5,7,3711,0,0,0,,0,833,"LANDIS ST 4400","44TH ST",0.00,,Y,A,-,N,,,,,,,,,,N,4,0,1,2,A,-,11,21950,B,N,G,B,-,A,H,-,A,D,0,Y,,,,Y,,N,60,0,0,1,0,1,0,0,0,0,"- ","- ",,,"SAN DIEGO","SAN DIEGO",-117.09985435,32.745856699999997
5128597,2011,2012-04-19,3711,2011-03-27,2135,6665,,7,5,7,3711,0,0,0,,0,242,"HATCHER LN 9050","POLARIS DR",50.00,S,N,A,-,N,,,,,,,,,,N,3,0,1,2,A,-,08,22100,B,N,G,B,E,A,H,-,D,D,0,Y,,,,Y,,-,"- ",0,1,0,0,1,0,0,0,0,"- ","- ",,,"SAN DIEGO","SAN DIEGO",,