CASE_ID,ACCIDENT_YEAR,PROC_DATE,JURIS,COLLISION_DATE,COLLISION_TIME,OFFICER_ID,REPORTING_DISTRICT,DAY_OF_WEEK,CHP_SHIFT,POPULATION,CNTY_CITY_LOC,SPECIAL_COND,BEAT_TYPE,CHP_BEAT_TYPE,CITY_DIVISION_LAPD,CHP_BEAT_CLASS,BEAT_NUMBER,PRIMARY_RD,SECONDARY_RD,DISTANCE,DIRECTION,INTERSECTION,WEATHER_1,WEATHER_2,STATE_HWY_IND,CALTRANS_COUNTY,CALTRANS_DISTRICT,STATE_ROUTE,ROUTE_SUFFIX,POSTMILE_PREFIX,POSTMILE,LOCATION_TYPE,RAMP_INTERSECTION,SIDE_OF_HWY,TOW_AWAY,COLLISION_SEVERITY,NUMBER_KILLED,NUMBER_INJURED,PARTY_COUNT,PRIMARY_COLL_FACTOR,PCF_CODE_OF_VIOL,PCF_VIOL_CATEGORY,PCF_VIOLATION,PCF_VIOL_SUBSECTION,HIT_AND_RUN,TYPE_OF_COLLISION,MVIW,PED_ACTION,ROAD_SURFACE,ROAD_COND_1,ROAD_COND_2,LIGHTING,CONTROL_DEVICE,CHP_ROAD_TYPE,PEDESTRIAN_ACCIDENT,BICYCLE_ACCIDENT,MOTORCYCLE_ACCIDENT,TRUCK_ACCIDENT,NOT_PRIVATE_PROPERTY,ALCOHOL_INVOLVED,STWD_VEHTYPE_AT_FAULT,CHP_VEHTYPE_AT_FAULT,COUNT_SEVERE_INJ,COUNT_VISIBLE_INJ,COUNT_COMPLAINT_PAIN,COUNT_PED_KILLED,COUNT_PED_INJURED,COUNT_BICYCLIST_KILLED,COUNT_BICYCLIST_INJURED,COUNT_MC_KILLED,COUNT_MC_INJURED,PRIMARY_RAMP,SECONDARY_RAMP,LATITUDE,LONGITUDE,COUNTY,CITY,POINT_X,POINT_Y
5274558,2011,2012-11-28,3711,2011-07-23,2000,5480,,6,5,7,3711,0,0,0,,0,122,"4700 BAYARD ST","BAYARD ST",0.00,,-,B,-,N,,,,,,,,,,N,3,0,1,2,A,-,"- ",,,M,D,G,A,A,H,-,B,D,0,,Y,,,Y,,-,"- ",0,1,0,0,0,0,1,0,0,"- ","- ",,,"SAN DIEGO","SAN DIEGO",-117.25453,32.799750000000003
5275620,2011,2012-12-11,3711,2011-08-26,1315,5257,,5,5,7,3711,0,0,0,,0,511,"CESAR CHAVEZ","NATIONAL AV",5.00,S,N,A,-,N,,,,,,,,,,N,3,0,1,2,A,-,12,21452,B,N,G,B,A,A,H,-,A,A,0,,,,,Y,,-,"- ",0,1,0,0,0,0,0,0,0,"- ","- ",,,"SAN DIEGO","SAN DIEGO",-117.14508207,32.700614170000001
5275722,2011,2012-05-15,3700,2011-04-19,1515,SH2085,,2,5,5,3712,0,0,0,,0,355,"SOUTH RANCHO SANTA FE RD","8TH ST",0.00,,Y,A,-,N,,,,,,,,,,N,3,0,1,2,A,-,11,21456,B,N,G,B,B,A,H,-,A,A,0,Y,,,,Y,,N,60,0,1,0,0,1,0,0,0,0,"- ","- ",,,"SAN DIEGO","SAN MARCOS",-117.20139,33.144109999999998
5276296,2011,2012-12-08,3702,2011-08-17,2030,995,3702,3,5,6,3702,0,0,0,,0,021,"PALOMAR ST","INDUSTRIAL BL",536.00,E,N,A,-,N,,,,,,,,,,N,4,0,1,2,A,-,09,21804,A,F,G,B,B,A,H,-,C,A,0,Y,,,,Y,,A,01,0,0,1,0,1,0,0,0,0,"- ","- ",,,"SAN DIEGO","CHULA VISTA",-117.08390817999999,32.603742189999998
5276360,2011,2012-12-08,9680,2011-08-19,1908,19870,,5,2,9,3700,0,3,5,,2,002,"CALAVO DR","JAMACHA BL",841.00,N,N,A,-,N,,,,,,,,,,N,4,0,1,2,A,-,09,21804,A,N,H,G,A,A,H,-,A,D,0,,Y,,,Y,,L,04,0,0,1,0,0,0,1,0,0,"- ","- ",32.732289999999999,-116.96191,"SAN DIEGO",UNINCORPORATED,-116.962098,32.732416000000001
5276361,2011,2012-12-10,3702,2011-08-04,0831,CV0695,,4,5,6,3702,0,0,0,,0,013,"H ST","OAKLAWN AV",0.00,,-,A,-,N,,,,,,,,,,N,3,0,2,2,A,-,03,22350,,N,G,B,D,A,H,-,B,D,0,Y,,Y,,Y,,C,02,0,2,0,0,1,0,0,0,1,"- ","- ",,,"SAN DIEGO","CHULA VISTA",-117.09260999999999,32.630000000000003
5276363,2011,2012-12-08,9680,2011-08-14,2200,19870,,7,3,9,3700,0,3,5,,2,002,"WORTHINGTON ST","MESA VIEW WY",350.00,S,N,A,-,N,,,,,,,,,,N,2,0,1,2,A,-,11,21954,A,N,G,B,D,A,H,-,C,D,0,Y,,,,Y,Y,N,60,1,0,0,0,1,0,0,0,0,"- ","- ",32.691980000000001,-117.01754,"SAN DIEGO",UNINCORPORATED,-117.01731209,32.693303630000003
5276365,2011,2012-12-10,3702,2011-08-02,0752,CV0730,,2,5,6,3702,0,0,0,,0,023,"HILLTOP DR","PALOMAR ST",0.00,,Y,A,-,N,,,,,,,,,,N,4,0,1,2,A,-,09,21804,A,N,B,G,A,A,H,-,A,A,0,,Y,,,Y,,A,01,0,0,1,0,0,0,1,0,0,"- ","- ",,,"SAN DIEGO","CHULA VISTA",-117.05419000000001,32.61018
5276371,2011,2012-12-08,9680,2011-08-17,1507,18672,,3,2,9,3700,0,2,4,,2,072,"MONTEZUMA VALLEY RD","MONTEZUMA RD",7920.00,E,N,A,-,N,,,,,,,,,,Y,3,0,1,2,A,-,08,22107,,N,D,G,A,A,H,-,A,D,0,,Y,,,Y,,L,04,0,1,0,0,0,0,1,0,0,"- ","- ",33.21031,-116.51683,"SAN DIEGO",UNINCORPORATED,,
5276377,2011,2012-12-10,3702,2011-08-26,1551,926,CVPD,5,5,6,3702,0,0,0,,0,032,"FENTON ST","LANE AV",10.00,E,N,A,-,N,,,,,,,,,,N,3,0,1,2,A,-,09,21453,B,N,B,B,B,A,H,-,A,A,0,Y,,Y,,Y,,C,02,0,1,0,0,1,0,0,0,0,"- ","- ",,,"SAN DIEGO","CHULA VISTA",-116.96189971,32.652418400000002
5276385,2011,2012-12-10,3702,2011-08-29,0726,604,,1,5,6,3702,0,0,0,,0,013,"JAMES ST","5TH AV",17.00,W,N,A,-,N,,,,,,,,,,N,4,0,1,2,A,-,10,21950,A,N,G,B,B,A,H,-,A,A,0,Y,,,,Y,,A,01,0,0,1,0,1,0,0,0,0,"- ","- ",,,"SAN DIEGO","CHULA VISTA",-117.08238371,32.62426928
5276395,2011,2012-12-08,9680,2011-08-28,1245,18166,,7,1,9,3700,0,2,4,,1,026,"OUTINDA ST","PRANTHER PL",0.00,,Y,A,-,N,,,,,,,,,,N,3,0,1,2,A,-,09,21800,A,N,D,G,A,A,H,-,A,D,0,,Y,,,Y,,L,04,0,1,0,0,0,0,1,0,0,"- ","- ",32.705590000000001,-117.0038,"SAN DIEGO",UNINCORPORATED,-117.003817,32.705567000000002
5276399,2011,2012-12-08,9680,2011-08-03,2235,18427,,3,3,9,3700,0,3,5,,2,002,"APPLE ST","PARAISO AV",0.00,,Y,A,-,N,,,,,,,,,,Y,2,0,1,2,A,-,11,21954,A,N,G,B,E,A,H,-,D,A,0,Y,,,,Y,Y,N,60,1,0,0,0,1,0,0,0,0,"- ","- ",32.71499,-116.99625,"SAN DIEGO",UNINCORPORATED,-116.99626000000001,32.7149
5277978,2011,2012-12-07,3701,2011-08-26,0808,5288,15,5,5,5,3701,0,0,0,,0,004,"AVENIDA DE ANITA","CARLSBAD VILLAGE DR",2.00,N,N,A,-,N,,,,,,,,,,N,4,0,1,2,A,-,"- ",,,N,G,B,B,A,H,-,A,A,0,Y,,,,Y,,A,01,0,0,1,0,1,0,0,0,0,"- ","- ",,,"SAN DIEGO",CARLSBAD,-117.32083900000001,33.171609740000001
5278540,2011,2013-01-30,9650,2011-07-15,1920,018496,,5,2,9,3700,0,1,3,,2,065,"RT 76","CAMINO DEL REY",0.00,,Y,A,-,Y,SD,11,76,-,-,12.010,H,-,E,N,2,0,1,2,A,-,08,22107,,F,H,G,A,A,D,-,A,A,0,,Y,,,Y,,A,01,1,0,0,0,0,0,1,0,0,"- ","- ",33.289110000000001,-117.22545,"SAN DIEGO",UNINCORPORATED,-117.2255431,33.288867789999998
5278664,2011,2012-12-05,3711,2011-08-08,1740,6243,,1,5,7,3711,0,0,0,,0,816,"ADAMS AV","36TH ST",0.00,,Y,A,-,N,,,,,,,,,,N,4,0,1,2,A,-,09,21801,A,N,D,G,A,A,H,-,A,D,0,,Y,,,Y,,-,"- ",0,0,1,0,0,0,1,0,0,"- ","- ",,,"SAN DIEGO","SAN DIEGO",-117.11516,32.763300000000001
5278668,2011,2012-12-05,3711,2011-08-04,1730,6187,,4,5,7,3711,0,0,0,,0,934,"CARMEL VALLEY RD","CARMEL VALLEY RD 2200",3.00,N,N,A,-,N,,,,,,,,,,N,3,0,1,2,A,-,08,22107,,N,H,G,A,A,H,-,A,D,0,,Y,,,Y,,-,"- ",0,1,0,0,0,0,1,0,0,"- ","- ",,,"SAN DIEGO","SAN DIEGO",-117.25557999999999,32.934350000000002
5278688,2011,2012-12-05,3711,2011-08-07,1800,5952,,7,5,7,3711,0,0,0,,0,437,"ALTA VIEW",BRIARWOOD,0.00,,-,A,-,N,,,,,,,,,,N,4,0,1,2,D,-,00,,,N,B,B,B,A,H,-,A,-,0,Y,,,,Y,,-,"- ",0,0,1,0,1,0,0,0,0,"- ","- ",,,"SAN DIEGO","SAN DIEGO",-117.03185000000001,32.682830000000003
5278692,2011,2013-01-03,3711,2011-08-03,0810,6690,,3,5,7,3711,0,0,0,,0,524,"8TH AV","ASH ST",18.00,W,N,A,-,N,,,,,,,,,,N,4,0,1,2,-,-,"- ",,,N,G,B,B,A,H,-,A,A,0,Y,,,,Y,,-,"- ",0,0,1,0,1,0,0,0,0,"- ","- ",,,"SAN DIEGO","SAN DIEGO",-117.15751044,32.719924089999999
5278696,2011,2012-12-05,3711,2011-08-02,1500,4965,,2,5,7,3711,0,0,0,,0,625,"UPAS ST","UPAS ST 2900",7.00,N,N,-,-,N,,,,,,,,,,N,3,0,1,2,A,-,09,21801,A,N,D,G,A,A,H,-,A,D,0,,Y,,,Y,,-,"- ",0,1,0,0,0,0,1,0,0,"- ","- ",,,"SAN DIEGO","SAN DIEGO",-117.13142000000001,32.741070000000001
5278707,2011,2012-12-06,3711,2011-08-03,2319,5791,,3,5,7,3711,0,0,0,,0,121,"BAYSIDE WALK","MISSION BL",150.00,S,N,B,-,N,,,,,,,,,,N,2,0,1,2,-,-,"- ",,,N,A,G,A,A,B,-,D,D,0,,Y,,,Y,,-,"- ",1,0,0,0,0,0,1,0,0,"- ","- ",,,"SAN DIEGO","SAN DIEGO",-117.25263566,32.788479389999999
5278720,2011,2013-03-05,3711,2011-08-08,1659,4653,,1,5,7,3711,0,0,0,,0,313,"CLAIREMONT MESA BL","RT 805",0.00,,Y,A,-,Y,SD,11,805,-,-,22.380,R,1,N,N,4,0,1,2,A,-,05,21650,1,N,D,G,A,A,H,-,A,A,0,,Y,,,Y,,L,04,0,0,1,0,0,0,1,0,0,"- ",NF,,,"SAN DIEGO","SAN DIEGO",-117.16790557,32.831044140000003
5278721,2011,2012-12-11,3711,2011-08-08,1452,5916,,1,5,7,3711,0,0,0,,0,126,"NORTH TORREY PINES RD","JOHN JAY HOPKINS DR",690.00,N,N,A,-,N,,,,,,,,,,N,4,0,1,2,A,-,05,21650,1,N,D,G,A,A,H,-,A,D,0,,Y,,,Y,,L,04,0,0,1,0,0,0,1,0,0,"- ","- ",,,"SAN DIEGO","SAN DIEGO",-117.2422564,32.90003651
5279629,2011,2013-02-28,9680,2011-08-03,1050,015081,,3,1,9,3700,0,2,4,,1,054,"RT 101","RT 79",1056.00,S,N,A,-,N,,,,,,,,,,N,3,0,1,2,A,-,03,22350,,N,H,G,A,A,H,-,A,D,0,,Y,Y,,Y,,C,02,0,1,0,0,0,0,1,0,0,"- ","- ",33.076720000000002,-116.60290999999999,"SAN DIEGO",UNINCORPORATED,-116.558623,33.009101000000001
5279946,2011,2012-12-06,3701,2011-08-11,1346,5084,24,4,5,5,3701,0,0,0,,0,004,"COLLEGE AV","TAMARACK AV",1003.00,N,N,A,-,N,,,,,,,,,,N,3,0,1,2,A,-,11,21954,A,N,D,B,E,A,H,-,A,D,0,Y,,,Y,Y,,N,60,0,1,0,0,1,0,0,0,0,"- ","- ",33.175899999999999,-117.29272,"SAN DIEGO",CARLSBAD,-117.29539473,33.168410119999997
5280285,2011,2013-05-01,9645,2011-08-13,1100,16156,,6,1,7,3711,0,1,3,,2,023,"RT 163","GENESEE AV",2640.00,S,N,A,-,Y,SD,11,163,-,-,5.230,H,-,S,Y,2,0,1,2,A,-,03,22350,,N,G,B,E,A,H,-,A,D,1,Y,,,,Y,,A,01,1,0,0,0,1,0,0,0,0,"- ","- ",32.787930000000003,-117.16063,"SAN DIEGO","SAN DIEGO",-117.16243321,32.782663139999997
5280324,2011,2012-12-10,3711,2011-08-20,1517,6372,,6,5,7,3711,0,0,0,,0,524,"A ST","10TH AV",0.00,,Y,A,-,N,,,,,,,,,,N,4,0,1,2,A,-,10,21950,A,N,G,B,B,A,H,-,A,A,0,Y,,,,Y,,-,"- ",0,0,1,0,1,0,0,0,0,"- ","- ",,,"SAN DIEGO","SAN DIEGO",-117.15561,32.718820000000001
5280336,2011,2012-12-10,3711,2011-08-21,2200,6329,"SAN D",7,5,7,3711,0,0,0,,0,827,"WIGHTMAN ST","WINONA AV",27.00,N,N,A,-,N,,,,,,,,,,N,4,0,1,2,A,-,11,21954,A,N,G,B,D,A,H,-,D,D,0,Y,,,,Y,,N,60,0,0,1,0,1,0,0,0,0,"- ","- ",,,"SAN DIEGO","SAN DIEGO",-117.08782146999999,32.747170820000001
5280340,2011,2012-12-10,3711,2011-08-20,1435,6131,,6,5,7,3711,0,0,0,,0,624,"UNIVERSITY AV","5TH AV",0.00,,Y,A,-,N,,,,,,,,,,N,4,0,1,2,D,-,00,,,N,D,G,A,A,H,-,A,A,0,,Y,,,Y,,-,"- ",0,0,1,0,0,0,1,0,0,"- ","- ",,,"SAN DIEGO","SAN DIEGO",-117.16045,32.748260000000002
5280344,2011,2012-12-10,3711,2011-08-20,0221,4308,,6,5,7,3711,0,0,0,,0,523,"F ST","5TH AV",0.00,,Y,A,-,N,,,,,,,,,,N,3,0,1,2,A,-,11,21456,B,N,G,B,B,A,H,-,C,-,0,Y,,,,Y,Y,N,60,0,1,0,0,1,0,0,0,0,"- ","- ",,,"SAN DIEGO","SAN DIEGO",-117.16019,32.71358
5280348,2011,2012-12-10,3711,2011-08-19,2030,5340,,5,5,7,3711,0,0,0,,0,822,"CHOLLAS PKWY","58TH ST",527.00,W,N,A,-,N,,,,,,,,,,N,3,0,1,2,A,-,11,21954,A,N,G,B,D,A,H,-,C,D,0,Y,,,,Y,Y,N,60,0,1,0,0,1,0,0,0,0,"- ","- ",,,"SAN DIEGO","SAN DIEGO",-117.07393399999999,32.747919000000003
5280359,2011,2012-12-10,3711,2011-08-15,1811,5051,,1,5,7,3711,0,0,0,,0,721,"SATURN BL","SOUTHLAND PLAZA DRIVEWAY",82.00,N,N,A,-,N,,,,,,,,,,N,4,0,1,3,A,-,09,21804,A,N,D,G,A,A,H,-,A,D,0,,Y,,,Y,,A,01,0,0,1,0,0,0,1,0,0,"- ","- ",,,"SAN DIEGO","SAN DIEGO",-117.09262,32.586010000000002
5280423,2011,2012-12-07,3711,2011-08-19,1403,5385,,5,5,7,3711,0,0,0,,0,112,"MOUNT ETNA DR","MOUNT CASTLE AV",100.00,E,N,A,-,N,,,,,,,,,,N,3,0,1,2,A,-,05,21650,1,N,A,G,A,A,H,-,A,D,0,,Y,,,Y,,L,04,0,1,0,0,0,0,1,0,0,"- ","- ",,,"SAN DIEGO","SAN DIEGO",-117.18499783,32.820938589999997
5280470,2011,2013-02-26,3711,2011-08-19,2219,6780,,5,5,7,3711,0,0,0,,0,625,THORN,32ND,180.00,E,N,A,-,N,,,,,,,,,,N,4,0,1,1,-,-,"- ",,,N,H,G,A,A,H,-,C,D,0,,Y,,,Y,Y,-,"- ",0,0,1,0,0,0,1,0,0,"- ","- ",,,"SAN DIEGO","SAN DIEGO",-117.12444881,32.739237129999999
5281772,2011,2012-12-18,3711,2011-08-03,1215,5600,,3,5,7,3711,0,0,0,,0,232,"CEDARHURST LN","CEDARHURST LN 11700",21.00,N,N,A,-,N,,,,,,,,,,N,2,0,1,2,A,-,13,22515,A,N,G,B,E,A,H,-,A,D,0,Y,,,,Y,,N,60,1,0,0,0,1,0,0,0,0,"- ","- ",,,"SAN DIEGO","SAN DIEGO",-117.07693999999999,32.976680000000002
5281792,2011,2012-12-03,3711,2011-08-03,1731,5939,,3,5,7,3711,0,0,0,,0,243,"MIRAMAR RD","CABOT DR",27.00,E,N,A,-,N,,,,,,,,,,N,4,0,1,2,A,-,10,21952,,N,B,G,A,A,H,-,A,A,0,,Y,,,Y,,-,"- ",0,0,1,0,0,0,1,0,0,"- ","- ",,,"SAN DIEGO","SAN DIEGO",-117.14273968000001,32.889796789999998
5281807,2011,2012-12-03,3711,2011-08-12,1256,6817,,5,5,7,3711,0,0,0,,0,712,"SAN YSIDRO BL","AVERIL RD",370.00,S,N,A,-,N,,,,,,,,,,N,4,0,1,2,A,-,11,21954,A,N,G,B,D,A,H,-,A,D,0,Y,,,,Y,,N,60,0,0,1,0,1,0,0,0,0,"- ","- ",,,"SAN DIEGO","SAN DIEGO",-117.0531393,32.555921099999999
5281819,2011,2012-12-03,3711,2011-08-11,2255,5926,,4,5,7,3711,0,0,0,,0,833,"UNIVERSITY AV","EUCLID AV",0.00,,Y,A,-,N,,,,,,,,,,Y,4,0,1,2,A,-,10,21950,A,N,G,B,B,A,H,-,C,A,0,Y,,,,Y,Y,A,01,0,0,1,0,1,0,0,0,0,"- ","- ",,,"SAN DIEGO","SAN DIEGO",-117.09229000000001,32.74953
5281820,2011,2012-12-03,3711,2011-08-08,1320,5748,,1,5,7,3711,0,0,0,,0,826,UNIVERSITY,"52ND ST",0.00,,Y,-,-,N,,,,,,,,,,Y,3,0,1,2,A,-,10,21950,A,N,A,B,B,A,H,-,A,A,0,Y,,,,Y,,-,"- ",0,1,0,0,1,0,0,0,0,"- ","- ",,,"SAN DIEGO","SAN DIEGO",-117.0836,32.749070000000003
5281836,2011,2013-03-01,3711,2011-08-13,0853,5114,,6,5,7,3711,0,0,0,,0,233,"BLACK MOUNTAIN RD","RT 56",9.00,S,N,A,-,Y,SD,11,56,-,-,7.746,R,4,E,N,4,0,1,2,A,-,17,21970,,N,D,G,A,A,H,-,A,A,0,,Y,,,Y,,-,"- ",0,0,1,0,0,0,1,0,0,"- ","- ",,,"SAN DIEGO","SAN DIEGO",-117.11998196,32.956207419999998
5281845,2011,2012-12-01,3711,2011-08-11,0939,6758,,4,5,7,3711,0,0,0,,0,613,"POINT LOMA BL","FAMOSA BL",18.00,W,N,B,-,N,,,,,,,,,,N,4,0,1,2,A,-,05,21650,1,N,B,G,A,A,H,-,A,D,0,,Y,,,Y,,L,04,0,0,1,0,0,0,1,0,0,"- ","- ",,,"SAN DIEGO","SAN DIEGO",-117.22947997,32.752530229999998
5282158,2011,2012-12-07,3710,2011-08-14,1750,OC1263,,7,5,6,3710,0,0,0,,0,012,"OCEANSIDE BL","GREENBRIER DR",99.00,W,N,B,-,N,,,,,,,,,,N,4,0,1,2,A,-,"- ",,,N,D,G,A,A,H,-,A,D,0,,Y,,,Y,,L,04,0,0,1,0,0,0,1,0,0,"- ","- ",,,"SAN DIEGO",OCEANSIDE,-117.35520997,33.194067259999997
5282591,2011,2013-02-20,3700,2011-07-18,1414,SH3650,,1,5,5,3782,0,0,0,,0,210,"RT 101","DIANA ST",113.00,N,N,A,-,N,,,,,,,,,,N,2,0,1,2,A,-,03,22350,,N,B,G,A,A,H,-,A,D,0,,Y,,,Y,,L,04,1,0,0,0,0,0,1,0,0,"- ","- ",,,"SAN DIEGO",ENCINITAS,-117.30325000000001,33.067171999999999
5282961,2011,2013-01-03,3711,2011-08-14,0849,5209,,7,5,7,3711,0,0,0,,0,611,"SUNSET CLIFFS BL","SUNSET CLIFFS BL 2900",0.00,,-,A,-,N,,,,,,,,,,N,3,0,1,2,C,-,18,,,N,G,B,E,A,H,-,A,D,0,Y,,,,Y,Y,-,"- ",0,1,0,0,1,0,0,0,0,"- ","- ",,,"SAN DIEGO","SAN DIEGO",-117.23631,32.754899999999999
5283928,2011,2012-11-28,3710,2011-07-31,1725,OC0754,,7,5,6,3710,0,0,0,,0,016,"REDWOOD ST","PONDEROSA DR",111.00,E,N,A,-,N,,,,,,,,,,N,2,0,1,2,A,-,09,21804,A,N,G,B,A,A,H,-,A,D,0,,Y,,,Y,,L,04,1,0,0,0,0,0,1,0,0,"- ","- ",,,"SAN DIEGO",OCEANSIDE,-117.33620001,33.237694849999997
5283970,2011,2012-11-28,9680,2011-07-03,0905,020249,,7,1,9,3700,0,3,5,,2,002,"HONEY SPRINGS RD","RT 94",8976.00,N,N,A,-,N,,,,,,,,,,N,3,0,1,2,A,-,06,21750,,F,H,G,A,A,H,-,A,D,0,,Y,,,Y,,-,99,0,1,0,0,0,0,1,0,0,"- ","- ",32.668939999999999,-116.80081,"SAN DIEGO",UNINCORPORATED,-116.8184952,32.668389390000002
5283975,2011,2012-11-28,9680,2011-07-19,1805,17330,,2,2,9,3700,0,3,5,,2,001,"MARILLA DR","WOODSIDE AV",1056.00,S,N,A,-,N,,,,,,,,,,N,3,0,1,2,A,-,11,21954,A,N,G,B,D,A,H,-,A,D,0,Y,,,,Y,,N,60,0,1,0,0,1,0,0,0,0,"- ","- ",32.852060000000002,-116.9408,"SAN DIEGO",UNINCORPORATED,-116.94075097,32.852062869999997
5284058,2011,2012-11-27,3705,2011-07-07,0811,EC0279,,4,5,5,3705,0,0,0,,0,010,MAIN,AVOCADO,0.00,,Y,A,-,N,,,,,,,,,,N,3,0,1,2,A,-,11,21456,B,N,A,B,B,A,H,-,A,A,0,Y,,,,Y,,N,60,0,1,0,0,1,0,0,0,0,"- ","- ",,,"SAN DIEGO","EL CAJON",-116.95735996000001,32.794950040000003
5286948,2011,2012-11-29,3711,2011-07-28,0700,3661,,4,5,7,3711,0,0,0,,0,527,"WEST LAUREL ST","KETTNER BL",88.00,W,N,A,-,N,,,,,,,,,,N,3,0,1,2,A,-,03,22350,,N,D,G,A,A,H,-,A,D,0,,Y,,,Y,,L,04,0,1,0,0,0,0,1,0,0,"- ","- ",,,"SAN DIEGO","SAN DIEGO",-117.17225764,32.729947359999997
5287048,2011,2012-12-11,3711,2011-02-10,1616,5498,,4,5,7,3711,0,0,0,,0,834,"CENTRAL AV","THORN ST",6.00,N,N,B,-,N,,,,,,,,,,Y,4,0,1,2,A,-,10,21950,A,M,G,B,B,A,H,-,A,D,0,Y,,,,Y,,A,01,0,0,1,0,1,0,0,0,0,"- ","- ",,,"SAN DIEGO","SAN DIEGO",-117.10829166000001,32.740331230000002
5287056,2011,2012-12-11,3711,2011-08-15,2014,5219,,1,5,7,3711,0,0,0,,0,111,"BALBOA AV","MOUNT ALIFAN DR",30.00,E,N,A,-,N,,,,,,,,,,N,3,0,1,2,A,-,12,21453,A,N,D,G,A,A,H,-,C,A,0,,Y,,,Y,,L,04,0,1,0,0,0,0,1,0,0,"- ","- ",,,"SAN DIEGO","SAN DIEGO",-117.17605453,32.820204080000003
5287089,2011,2013-01-02,3711,2011-08-02,1220,6699,,2,5,7,3711,0,0,0,,0,712,"BEYER BL",COTTONWOOD,129.00,E,N,A,-,N,,,,,,,,,,N,4,0,1,2,A,-,10,21950,A,N,H,G,A,A,H,-,A,D,0,,Y,,,Y,,L,04,0,0,1,0,0,0,1,0,0,"- ","- ",,,"SAN DIEGO","SAN DIEGO",-117.04763745,32.558309469999998
5287092,2011,2012-12-11,3711,2011-08-02,1858,5051,,2,5,7,3711,0,0,0,,0,116,"IROQUOIS AV","CLAIREMONT DR",0.00,,Y,A,-,N,,,,,,,,,,N,2,0,1,2,A,-,10,21950,A,N,G,B,B,A,H,-,A,A,0,Y,,,,Y,,A,07,1,0,0,0,1,0,0,0,0,"- ","- ",,,"SAN DIEGO","SAN DIEGO",-117.1934,32.79739
5287101,2011,2012-12-05,3711,2011-08-03,0811,5600,,3,5,7,3711,0,0,0,,0,124,"SILVERADO ST","IVANHOE AV",3.00,W,N,A,-,N,,,,,,,,,,N,3,0,1,2,A,-,10,21950,A,N,G,B,B,A,H,-,A,A,0,Y,,,,Y,,A,01,0,1,0,0,1,0,0,0,0,"- ","- ",,,"SAN DIEGO","SAN DIEGO",-117.27167969,32.845902809999998
5287105,2011,2012-12-05,3711,2011-08-02,1758,3815,,2,5,7,3711,0,0,0,,0,122,"MISSION BAY DR","BUNKER HILL ST",150.00,S,N,A,-,N,,,,,,,,,,N,3,0,1,2,A,-,08,22107,,N,B,G,A,A,H,-,A,D,0,,Y,,,Y,,A,01,0,1,0,0,0,0,1,0,0,"- ","- ",,,"SAN DIEGO","SAN DIEGO",-117.21613207,32.802600660000003
5287108,2011,2012-12-27,3711,2011-08-12,2153,6059,,5,5,7,3711,0,0,0,,0,522,"5TH AV","HARBOR BL",0.00,,Y,A,-,N,,,,,,,,,,N,3,0,1,1,A,-,17,21657,,N,B,G,A,A,H,-,C,A,0,,Y,,,Y,,L,04,0,1,0,0,0,0,1,0,0,"- ","- ",,,"SAN DIEGO","SAN DIEGO",-117.16092999999999,32.706409999999998
5287133,2011,2012-12-05,3711,2011-08-09,0920,6813,,2,5,7,3711,0,0,0,,0,082,"EL CAJON BL","EL CAJON BL 6500",0.00,,N,B,-,N,,,,,,,,,,N,4,0,1,2,A,-,05,21650,1,N,D,G,A,A,H,-,A,A,0,,Y,,,Y,,-,"- ",0,0,1,0,0,0,1,0,0,"- ","- ",,,"SAN DIEGO","SAN DIEGO",-117.05861982,32.766650069999997
5287138,2011,2012-12-05,3711,2011-08-16,1345,3746,,2,5,7,3711,0,0,0,,0,529,"4TH AV","ELM ST",0.00,,Y,A,-,N,,,,,,,,,,N,4,0,1,2,A,-,10,21950,A,N,G,B,B,A,H,-,A,A,0,Y,,,,Y,,-,"- ",0,0,1,0,1,0,0,0,0,"- ","- ",,,"SAN DIEGO","SAN DIEGO",-117.16115000000001,32.724040000000002
5287193,2011,2012-12-05,3711,2011-08-10,1149,6546,,3,5,7,3711,0,0,0,,0,814,"COLLEGE AV","LINDO PASEO",0.00,,Y,A,-,N,,,,,,,,,,N,4,0,1,2,A,-,11,21456,B,N,G,B,B,A,H,-,A,A,0,Y,,,,Y,,N,60,0,0,1,0,1,0,0,0,0,"- ","- ",,,"SAN DIEGO","SAN DIEGO",-117.06995000000001,32.771619999999999
5287619,2011,2012-11-28,3700,2011-07-01,2100,2560,,5,5,5,3713,0,0,0,,0,305,"WAXWING DR","BLACKBIRD DR",48.00,S,N,A,-,N,,,,,,,,,,N,3,0,1,2,A,-,11,21954,A,N,G,B,D,A,H,-,D,D,0,Y,,,,Y,,N,60,0,1,0,0,1,0,0,0,0,"- ","- ",,,"SAN DIEGO",VISTA,-117.25360754,33.21596495
5287828,2011,2012-11-29,3706,2011-07-13,1635,0405,ESPD,3,5,6,3706,0,0,0,,0,043,"GRAND AV","FIG ST",128.00,W,N,A,-,N,,,,,,,,,,N,3,0,1,2,A,-,05,21650,1,N,D,G,A,A,H,-,A,D,0,,Y,,,Y,,L,04,0,1,0,0,0,0,1,0,0,"- ","- ",,,"SAN DIEGO",ESCONDIDO,-117.07329381,33.12478591