CASE_ID,ACCIDENT_YEAR,PROC_DATE,JURIS,COLLISION_DATE,COLLISION_TIME,OFFICER_ID,REPORTING_DISTRICT,DAY_OF_WEEK,CHP_SHIFT,POPULATION,CNTY_CITY_LOC,SPECIAL_COND,BEAT_TYPE,CHP_BEAT_TYPE,CITY_DIVISION_LAPD,CHP_BEAT_CLASS,BEAT_NUMBER,PRIMARY_RD,SECONDARY_RD,DISTANCE,DIRECTION,INTERSECTION,WEATHER_1,WEATHER_2,STATE_HWY_IND,CALTRANS_COUNTY,CALTRANS_DISTRICT,STATE_ROUTE,ROUTE_SUFFIX,POSTMILE_PREFIX,POSTMILE,LOCATION_TYPE,RAMP_INTERSECTION,SIDE_OF_HWY,TOW_AWAY,COLLISION_SEVERITY,NUMBER_KILLED,NUMBER_INJURED,PARTY_COUNT,PRIMARY_COLL_FACTOR,PCF_CODE_OF_VIOL,PCF_VIOL_CATEGORY,PCF_VIOLATION,PCF_VIOL_SUBSECTION,HIT_AND_RUN,TYPE_OF_COLLISION,MVIW,PED_ACTION,ROAD_SURFACE,ROAD_COND_1,ROAD_COND_2,LIGHTING,CONTROL_DEVICE,CHP_ROAD_TYPE,PEDESTRIAN_ACCIDENT,BICYCLE_ACCIDENT,MOTORCYCLE_ACCIDENT,TRUCK_ACCIDENT,NOT_PRIVATE_PROPERTY,ALCOHOL_INVOLVED,STWD_VEHTYPE_AT_FAULT,CHP_VEHTYPE_AT_FAULT,COUNT_SEVERE_INJ,COUNT_VISIBLE_INJ,COUNT_COMPLAINT_PAIN,COUNT_PED_KILLED,COUNT_PED_INJURED,COUNT_BICYCLIST_KILLED,COUNT_BICYCLIST_INJURED,COUNT_MC_KILLED,COUNT_MC_INJURED,PRIMARY_RAMP,SECONDARY_RAMP,LATITUDE,LONGITUDE,COUNTY,CITY,POINT_X,POINT_Y
5301398,2011,2012-12-01,3708,2011-08-25,1749,1214,400,4,5,5,3708,0,0,0,,0,004,"FLETCHER PKWY","TROLLEY CT",4.00,E,N,A,-,N,,,,,,,,,,N,2,0,1,2,A,-,11,21456,B,F,G,B,D,A,H,-,C,A,0,Y,,,,Y,,N,60,1,0,0,0,1,0,0,0,0,"- ","- ",,,"SAN DIEGO","LA MESA",-117.01393514999999,32.781068830000002
5302022,2011,2012-12-04,9650,2011-08-19,0755,16487,,5,1,9,3700,0,3,5,,2,006,"FALLBROOK ST","SOUTH MISSION RD",248.00,E,N,B,-,N,,,,,,,,,,N,3,0,1,3,A,-,08,22107,,N,H,G,A,A,H,-,A,D,0,,Y,,,Y,,A,01,0,1,0,0,0,0,1,0,0,"- ","- ",33.37659,-117.25286,"SAN DIEGO",UNINCORPORATED,-117.25283219000001,33.376645449999998
5302053,2011,2012-12-04,3710,2011-08-16,2227,OC1355,,2,5,6,3710,0,0,0,,0,011,"GREENBRIER DR","OCEANSIDE BL",0.00,,Y,A,-,N,,,,,,,,,,N,4,0,1,2,A,-,09,21453,B,N,D,G,A,A,H,-,C,A,0,,Y,,,Y,,A,01,0,0,1,0,0,0,1,0,0,"- ","- ",,,"SAN DIEGO",OCEANSIDE,-117.35492000000001,33.194200000000002
5302054,2011,2013-02-28,9650,2011-08-05,1355,015830,,5,1,9,3700,0,3,5,,2,050,"HARBOR DR","COAST HWY",0.00,,Y,A,G,Y,SD,11,5,-,R,54.434,R,4,S,N,4,0,1,2,A,-,06,21755,,N,D,G,A,A,H,-,A,D,1,,Y,,,Y,,L,04,0,0,1,0,0,0,1,0,0,"- ","- ",33.209249999999997,-117.38822999999999,"SAN DIEGO",UNINCORPORATED,-117.38701192000001,33.209699999999998
5302341,2011,2013-03-04,3706,2011-08-26,1637,0318,ESPD,5,5,6,3706,0,0,0,,0,044,"ASH ST","VALLEY PKWY",416.00,N,N,A,-,Y,SD,11,78,-,T,19.190,H,-,W,N,3,0,1,2,A,-,01,21200,5,N,B,G,A,A,H,-,A,D,0,,Y,,,Y,Y,L,04,0,1,0,0,0,0,1,0,0,"- ","- ",,,"SAN DIEGO",ESCONDIDO,-117.0675024,33.131671939999997
5302613,2011,2012-12-22,3711,2011-09-02,1432,4653,,5,5,7,3711,0,0,0,,0,326,"CAMINO DEL RIO S","TEXAS ST",1056.00,E,N,A,-,N,,,,,,,,,,N,3,0,1,2,A,-,08,22107,,N,H,G,A,A,H,-,A,D,0,,Y,,Y,Y,,F,26,0,1,0,0,0,0,1,0,0,"- ","- ",,,"SAN DIEGO","SAN DIEGO",-117.13742559000001,32.76939677
5302807,2011,2012-12-08,3711,2011-08-25,2054,5762,,4,5,7,3711,0,0,0,,0,311,"MISSION VILLAGE DR","SHAWN  AV",0.00,,Y,A,-,N,,,,,,,,,,N,3,0,1,2,A,-,09,21801,A,N,D,G,A,A,H,-,C,A,0,,Y,,,Y,,A,01,0,1,0,0,0,0,1,0,0,"- ","- ",,,"SAN DIEGO","SAN DIEGO",-117.12423,32.794699999999999
5302819,2011,2012-12-08,3711,2011-08-13,0025,5340,,6,5,7,3711,0,0,0,,0,712,"PARK AV","E HALL ST",187.00,S,N,A,-,N,,,,,,,,,,N,2,0,1,2,A,-,11,21954,A,F,G,B,D,A,H,-,D,D,0,Y,,,,Y,,N,60,1,0,0,0,1,0,0,0,0,"- ","- ",,,"SAN DIEGO","SAN DIEGO",-117.04453181,32.554092580000002
5302835,2011,2012-12-08,3711,2011-08-27,1145,6727,SANDI,6,5,7,3711,0,0,0,,0,712,"NORTH LN","HILLS PL",450.00,N,N,A,-,N,,,,,,,,,,N,2,0,1,2,A,-,08,22107,,N,G,B,F,A,H,-,A,D,0,Y,,,,Y,,-,"- ",1,0,0,0,1,0,0,0,0,"- ","- ",,,"SAN DIEGO","SAN DIEGO",,
5302837,2011,2012-12-06,3711,2011-08-25,1156,6492,,4,5,7,3711,0,0,0,,0,627,"UNIVERSITY AV","PARK BL",0.00,,Y,A,-,N,,,,,,,,,,N,4,0,1,2,A,-,11,21950,B,N,G,B,B,A,H,-,A,A,0,Y,,,,Y,,N,60,0,0,1,0,1,0,0,0,0,"- ","- ",,,"SAN DIEGO","SAN DIEGO",-117.14631,32.748399999999997
5302838,2011,2012-12-06,3711,2011-08-27,0118,5340,,6,5,7,3711,0,0,0,,0,524,"3RD AV","C ST",19.00,S,N,A,-,N,,,,,,,,,,N,3,0,1,2,A,-,06,21951,,M,G,B,B,A,H,-,C,A,0,Y,,,,Y,Y,-,"- ",0,1,0,0,1,0,0,0,0,"- ","- ",,,"SAN DIEGO","SAN DIEGO",-117.16202884,32.716602799999997
5302845,2011,2012-12-06,3711,2011-08-26,1322,6820,,5,5,7,3711,0,0,0,,0,614,"SUNSET CLIFFS BL",MUIR,0.00,,Y,A,-,N,,,,,,,,,,N,3,0,1,2,A,-,"- ",,,N,B,G,A,A,H,-,A,D,0,,Y,,,Y,,L,04,0,1,0,0,0,0,1,0,0,"- ","- ",,,"SAN DIEGO","SAN DIEGO",-117.24368,32.74926
5303044,2011,2013-03-04,3706,2011-08-14,1842,339,ESPD,7,5,6,3706,0,0,0,,0,042,BROADWAY,"WASHINGTON AV",6.00,N,N,A,-,Y,SD,11,78,-,T,18.072,I,5,W,Y,4,0,1,2,A,-,08,22100,A,N,D,G,A,A,H,-,A,A,0,,Y,,,Y,,A,01,0,0,1,0,0,0,1,0,0,"- ","- ",,,"SAN DIEGO",ESCONDIDO,-117.08387186,33.126954840000003
5303068,2011,2012-12-01,3700,2011-08-23,1746,SH4541,,2,5,5,3712,0,0,0,,0,352,"NORTH TWIN OAKS VALLEY DR",RICHMAR,225.00,N,N,A,-,N,,,,,,,,,,N,4,0,1,2,A,-,09,21801,A,N,D,G,A,-,A,-,A,D,0,,Y,,,Y,Y,A,01,0,0,1,0,0,0,1,0,0,"- ","- ",,,"SAN DIEGO","SAN MARCOS",-117.16251612000001,33.144705829999999
5303083,2011,2012-12-01,3706,2011-08-22,1620,322,ESPD,1,5,6,3706,0,0,0,,0,042,"WASHINGTON AV","ESCONDIDO BL",460.00,E,N,A,-,N,,,,,,,,,,N,4,0,1,2,A,-,10,21952,,N,G,B,D,A,H,-,A,D,0,Y,,,,Y,,A,01,0,0,1,0,1,0,0,0,0,"- ","- ",,,"SAN DIEGO",ESCONDIDO,-117.08659806,33.12610334
5303087,2011,2012-12-01,3706,2011-08-22,2015,380,ESCON,1,5,6,3706,0,0,0,,0,042,"PARK AV",BROADWAY,260.00,E,N,A,-,N,,,,,,,,,,N,4,0,1,2,D,-,00,,,F,G,B,D,A,H,-,C,D,0,Y,,,,Y,Y,-,"- ",0,0,1,0,1,0,0,0,0,"- ","- ",,,"SAN DIEGO",ESCONDIDO,-117.15380512,32.71501258
5303297,2011,2012-12-05,3706,2011-08-20,1800,447,ESPD,6,5,6,3706,0,0,0,,0,044,"WASHINGTON AV","MIDWAY DR",133.00,W,N,A,-,N,,,,,,,,,,N,4,0,1,2,D,-,00,,,N,A,B,D,A,H,-,A,D,0,Y,,,,Y,,-,"- ",0,0,1,0,1,0,0,0,0,"- ","- ",,,"SAN DIEGO",ESCONDIDO,-117.05422494,33.14129398
5303483,2011,2012-12-10,3711,2011-08-26,0440,5926,,5,5,7,3711,0,0,0,,0,826,"UNIVERSITY AV","48TH ST",140.00,E,N,A,-,N,,,,,,,,,,N,4,0,1,2,A,-,11,21954,A,N,G,B,D,A,H,-,C,A,0,Y,,,,Y,Y,N,60,0,0,1,0,1,0,0,0,0,"- ","- ",,,"SAN DIEGO","SAN DIEGO",-117.09078804000001,32.749524800000003
5303564,2011,2012-12-12,3711,2011-09-01,1955,6506,,4,5,7,3711,0,0,0,,0,621,"LINDA VISTA RD","COMSTOCK ST",12.00,S,N,A,-,N,,,,,,,,,,N,4,0,1,2,A,-,10,21950,A,N,B,B,B,A,H,-,C,A,0,Y,,,,Y,,-,"- ",0,0,1,0,1,0,0,0,0,"- ","- ",,,"SAN DIEGO","SAN DIEGO",-117.17185546,32.783334000000004
5303576,2011,2012-12-12,3711,2011-09-02,1520,5985,,5,5,7,3711,0,0,0,,0,512,"27TH ST","COMMERCIAL ST",0.00,,Y,A,-,N,,,,,,,,,,N,4,0,2,2,A,-,12,22450,A,N,D,G,A,A,H,-,A,A,0,,Y,Y,,Y,,L,04,0,0,2,0,0,0,1,0,1,"- ","- ",,,"SAN DIEGO","SAN DIEGO",-117.13602,32.705280000000002
5303878,2011,2012-12-12,3711,2011-09-02,2032,6010,SANDI,5,5,7,3711,0,0,0,,0,J11,"DALBERGIA ST","DALBERGIA ST 3500",30.00,S,N,A,-,N,,,,,,,,,,N,3,0,1,2,A,-,08,22107,,M,A,B,B,A,H,-,C,A,0,Y,,,,Y,,-,"- ",0,1,0,0,1,0,0,0,0,"- ","- ",,,"SAN DIEGO","SAN DIEGO",-117.11787,32.688609999999997
5303882,2011,2012-12-12,3711,2011-09-02,1324,6777,,5,5,7,3711,0,0,0,,0,813,"EL CAJON BL","WINONA AV",14.00,W,N,A,-,N,,,,,,,,,,N,4,0,1,2,A,-,12,21453,A,F,G,B,D,A,H,-,A,A,0,Y,,,,Y,,-,"- ",0,0,1,0,1,0,0,0,0,"- ","- ",,,"SAN DIEGO","SAN DIEGO",-117.08797668,32.75656893
5303886,2011,2013-03-01,3711,2011-09-04,1527,5916,,7,5,7,3711,0,0,0,,0,126,"GENESEE AV","RT 5",8.00,W,N,A,-,Y,SD,11,5,-,R,29.632,R,4,S,N,3,0,1,2,A,-,12,21453,A,N,D,G,A,A,H,-,A,A,0,,Y,,,Y,,L,04,0,1,0,0,0,0,1,0,0,"- ",SF,,,"SAN DIEGO","SAN DIEGO",-117.22755187,32.890700000000002
5304014,2011,2013-01-07,3711,2011-09-02,1415,4757,CENTR,5,5,7,3711,0,0,0,,0,521,"C ST","17TH ST",12.00,N,N,A,-,N,,,,,,,,,,,4,0,1,2,A,-,09,21804,A,N,D,G,A,A,H,-,A,A,0,,Y,,,Y,,-,"- ",0,0,1,0,0,0,1,0,0,"- ","- ",,,"SAN DIEGO","SAN DIEGO",-117.14857298,32.716813610000003
5304026,2011,2012-12-17,3711,2011-09-01,1445,4654,,4,5,7,3711,0,0,0,,0,313,"KEARNY VILLA RD","AERO DR",528.00,S,N,A,-,N,,,,,,,,,,N,4,0,1,2,A,-,08,22107,,N,G,B,F,A,H,-,A,D,0,Y,,,,Y,,-,"- ",0,0,1,0,1,0,0,0,0,"- ","- ",,,"SAN DIEGO","SAN DIEGO",-117.15125051,32.808603900000001
5304030,2011,2012-12-17,3711,2011-09-01,1738,6788,,4,5,7,3711,0,0,0,,0,713,"DRUCKER LN","SIEMPRE VIVA RD",16.00,N,N,A,-,N,,,,,,,,,,N,3,0,1,2,A,-,08,22107,,M,B,G,A,A,H,-,A,B,0,,Y,,Y,Y,,F,,0,1,0,0,0,0,1,0,0,"- ","- ",,,"SAN DIEGO","SAN DIEGO",-116.94954084,32.553080970000003
5304046,2011,2012-12-17,3711,2011-09-01,1844,5604,,4,5,7,3711,0,0,0,,0,625,"UNIVERSITY AV","PERSHING AV",6.00,E,N,A,-,N,,,,,,,,,,N,3,0,1,2,A,-,10,21950,A,N,G,B,B,A,H,-,A,D,0,Y,,,,Y,,-,"- ",0,1,0,0,1,0,0,0,0,"- ","- ",,,"SAN DIEGO","SAN DIEGO",-117.13462239,32.748444800000001
5304066,2011,2013-01-09,3711,2011-09-02,1928,5985,,5,5,7,3711,0,0,0,,0,511,"S 26TH ST","NATIONAL AV",134.00,N,N,A,-,N,,,,,,,,,,N,3,0,1,2,A,I,"- ",,,M,H,G,A,A,H,-,C,D,0,,Y,,,Y,,-,,0,1,0,0,0,0,1,0,0,"- ","- ",,,"SAN DIEGO","SAN DIEGO",-117.13811779,32.696261610000001
5304078,2011,2012-12-17,3711,2011-09-03,2136,5219,,6,5,7,3711,0,0,0,,0,122,"PACIFIC BEACH DR","GRESHAM ST",0.00,,Y,A,-,N,,,,,,,,,,N,3,0,1,2,A,-,12,22450,A,N,D,G,A,A,H,-,C,A,0,,Y,,,Y,,L,04,0,1,0,0,0,0,1,0,0,"- ","- ",,,"SAN DIEGO","SAN DIEGO",-117.24281000000001,32.793349999999997
5305508,2011,2012-12-19,3711,2011-09-11,2045,5514+,,7,5,7,3711,0,0,0,,0,627,"UNIVERSITY AV","4TH AV",117.00,E,N,A,-,N,,,,,,,,,,N,4,0,1,2,A,-,11,21954,A,N,G,B,D,A,H,-,C,D,0,Y,,,,Y,Y,N,60,0,0,1,0,1,0,0,0,0,"- ","- ",,,"SAN DIEGO","SAN DIEGO",-117.16125258,32.748254799999998
5306065,2011,2012-12-11,3711,2011-09-14,1109,5600,,3,5,7,3711,0,0,0,,0,114,"ROLFE DR","TOLOWA ST",57.00,N,N,A,-,N,,,,,,,,,,N,2,0,1,2,A,-,03,22350,,N,G,B,D,A,H,-,A,D,0,Y,,,,Y,,D,22,1,0,0,0,1,0,0,0,0,"- ","- ",,,"SAN DIEGO","SAN DIEGO",-117.20076013000001,32.823338499999998
5307364,2011,2012-11-27,3700,2011-07-29,0657,SH2503,,5,5,4,3780,0,0,0,,0,407,"ESPOLA RD","MORNING AIR RD",33.00,S,N,A,-,N,,,,,,,,,,N,2,0,1,2,A,-,17,22109,,N,H,G,A,A,H,-,A,D,0,,Y,,,Y,,A,01,1,0,0,0,0,0,1,0,0,"- ","- ",,,"SAN DIEGO",POWAY,-117.02392854,33.009024629999999
5307448,2011,2012-12-01,3700,2011-08-08,1942,SH2384,,1,5,5,3713,0,0,0,,0,311,"VISTA VILLAGE DR","N CITRUS AV",6.00,W,N,A,-,N,,,,,,,,,,N,4,0,1,2,A,-,09,21801,A,N,D,G,A,A,H,-,B,A,0,,Y,,,Y,,A,01,0,0,1,0,0,0,1,0,0,"- ","- ",,,"SAN DIEGO",VISTA,-117.24086791000001,33.20374357
5308657,2011,2012-12-08,3703,2011-08-24,1604,1028,,3,5,3,3703,0,0,0,,0,,"GUADALUPE AV","SAN LUIS REY  AV",24.00,N,N,A,-,N,,,,,,,,,,N,4,0,1,2,A,-,09,21804,A,N,D,G,A,A,H,-,A,A,0,,Y,,,Y,,L,04,0,0,1,0,0,0,1,0,0,"- ","- ",,,"SAN DIEGO",CORONADO,-117.17150583999999,32.685752119999997
5308960,2011,2012-12-10,3700,2011-09-01,1357,SH7548,357,4,5,5,3712,0,0,0,,0,357,"RANCHERO DR","WOODLAND PKWY",1200.00,E,N,A,-,N,,,,,,,,,,N,3,0,1,2,A,-,21,22106,,N,G,B,F,A,H,-,A,D,0,Y,,,,Y,,A,01,0,1,0,0,1,0,0,0,0,"- ","- ",,,"SAN DIEGO","SAN MARCOS",-117.13714717000001,33.137906139999998
5309683,2011,2012-12-12,3711,2011-09-10,1305,2906,,6,5,7,3711,0,0,0,,0,441,"HEMLOCK ST","S 39TH ST",0.00,,Y,A,-,N,,,,,,,,,,N,3,0,1,2,A,-,05,21650,,N,D,G,A,A,H,-,A,A,0,,Y,,,Y,,L,04,0,1,0,0,0,0,1,0,0,"- ","- ",,,"SAN DIEGO","SAN DIEGO",-117.11033999999999,32.699579999999997
5309711,2011,2012-12-12,3711,2011-09-09,1558,4656,SANDI,5,5,7,3711,0,0,0,,0,432,"SANTA MARGARITA ST","54TH ST",310.00,W,N,A,-,N,,,,,,,,,,N,3,0,1,2,A,-,09,21802,A,N,D,G,A,A,H,-,A,D,0,,Y,Y,,Y,,L,04,0,1,0,0,0,0,1,0,0,"- ","- ",,,"SAN DIEGO","SAN DIEGO",-117.07939969,32.70565809
5311708,2011,2012-12-04,3711,2011-08-28,1945,5985,,7,5,7,3711,0,0,0,,0,,"1ST AV",BROADWAY,151.00,N,N,A,-,N,,,,,,,,,,N,4,0,1,2,A,-,11,21955,,M,G,B,D,-,H,-,C,D,0,Y,,,,Y,Y,N,60,0,0,1,0,1,0,0,0,0,"- ","- ",,,"SAN DIEGO","SAN DIEGO",-117.16382906,32.716148330000003
5311719,2011,2012-12-04,3711,2011-08-28,1109,5994,,7,5,7,3711,0,0,0,,0,522,"HARBOR DR","1ST AV",0.00,,Y,A,-,N,,,,,,,,,,N,3,0,1,2,A,-,10,21950,A,N,H,G,A,A,H,-,A,A,0,,Y,,,Y,,-,"- ",0,1,0,0,0,0,1,0,0,"- ","- ",,,"SAN DIEGO","SAN DIEGO",-117.16413,32.753779999999999
5311722,2011,2013-03-12,3705,2011-07-21,1220,EC0198,,4,5,5,3705,0,0,0,,0,007,MADISON,2ND,155.00,W,N,A,-,N,,,,,,,,,,N,4,0,1,2,A,-,09,21804,A,N,D,G,A,A,H,-,A,D,0,,Y,,,Y,,-,,0,0,1,0,0,0,1,0,0,"- ","- ",,,"SAN DIEGO","EL CAJON",-116.93624586,32.800134030000002
5311727,2011,2012-12-04,3711,2011-08-28,1310,6656,124,7,5,7,3711,0,0,0,,0,,"LA JOLLA BL","CAMINO DE LA COSTA",0.00,,Y,A,-,N,,,,,,,,,,N,4,0,1,2,A,-,17,21461,A,N,D,G,A,A,H,-,A,A,0,,Y,,,Y,,L,04,0,0,1,0,0,0,1,0,0,"- ","- ",,,"SAN DIEGO","SAN DIEGO",-117.27188,32.81756
5311735,2011,2012-12-04,3711,2011-08-29,0230,6252,,1,5,7,3711,0,0,0,,0,614,"BACON ST","LONG BRANCH AV",108.00,N,N,A,-,N,,,,,,,,,,N,3,0,1,2,A,-,08,22107,,N,C,G,A,A,H,-,D,D,0,,Y,,,Y,Y,L,04,0,1,0,0,0,0,1,0,0,"- ","- ",,,"SAN DIEGO","SAN DIEGO",-117.247468,32.751055350000001
5311751,2011,2012-12-04,3711,2011-08-28,1628,5985,,7,5,7,3711,0,0,0,,0,512,"NATIONAL AV","S 31ST ST",282.00,E,N,A,-,N,,,,,,,,,,N,3,0,1,2,A,-,05,21650,1,N,A,G,A,A,H,-,A,D,0,,Y,,,Y,Y,L,04,0,1,0,0,0,0,1,0,0,"- ","- ",,,"SAN DIEGO","SAN DIEGO",-117.12642827000001,32.695954790000002
5312534,2011,2013-01-11,3711,2011-09-20,1219,6627,MIDCI,2,5,7,3711,0,0,0,,0,813,"ALABAMA ST","WIGHTMAN ST",0.00,,Y,A,-,N,,,,,,,,,,N,3,0,1,2,A,-,12,22450,A,N,G,B,D,A,H,-,A,A,0,Y,,,,Y,,N,60,0,1,0,0,1,0,0,0,0,"- ","- ",,,"SAN DIEGO","SAN DIEGO",-117.14223,32.747410000000002
5313158,2011,2013-02-19,9645,2011-08-27,0155,018572,,6,3,7,3711,0,1,1,,2,011,"RT 805","EL CAJON BL",10.00,S,N,A,-,Y,SD,11,805,-,-,16.430,H,-,S,N,2,0,1,2,A,-,11,21954,A,F,G,B,E,A,H,-,C,D,1,Y,,,,Y,Y,N,60,1,0,0,0,1,0,0,0,0,"- ","- ",32.755029999999998,-117.12515999999999,"SAN DIEGO","SAN DIEGO",-117.12508353,32.755153700000001
5314672,2011,2012-12-04,3700,2011-08-30,1933,SH1802,,2,5,5,3713,0,0,0,,0,314,"CIVIC CENTER DR","PALA VISTA DR",10.00,E,N,A,-,N,,,,,,,,,,N,3,0,1,2,A,-,12,21453,A,F,G,B,B,A,H,-,C,A,0,Y,,,,Y,,A,01,0,1,0,0,1,0,0,0,0,"- ","- ",,,"SAN DIEGO",VISTA,-117.23671407,33.191456770000002
5315239,2011,2012-12-04,3710,2011-08-29,1520,OC0778,,1,5,6,3710,0,0,0,,0,013,"OCEANSIDE BL","EL CAMINO REAL",3.00,W,N,A,-,N,,,,,,,,,,N,4,0,2,3,A,-,10,21950,A,N,G,B,B,A,H,-,A,A,0,Y,,,,Y,,A,01,0,0,2,0,2,0,0,0,0,"- ","- ",,,"SAN DIEGO",OCEANSIDE,-117.33244169,33.201774690000001
5315356,2011,2012-12-11,9680,2011-09-07,1740,19475,,3,2,9,3700,0,3,5,,2,002,"BANCROFT DR","AVOCADO ST",282.00,S,N,A,-,N,,,,,,,,,,N,3,0,1,2,A,-,08,22107,,F,H,G,A,A,H,-,A,D,0,,Y,,,Y,,D,22,0,1,0,0,0,0,1,0,0,"- ","- ",32.730939999999997,-117.00668,"SAN DIEGO",UNINCORPORATED,-117.00674529,32.730849020000001
5315703,2011,2012-12-15,3706,2011-09-08,1440,153,ESPD,4,5,6,3706,0,0,0,,0,051,"FOOTHILL BL","STRAWBERRY GLEN",0.00,,Y,A,-,N,,,,,,,,,,N,3,0,1,2,A,-,09,21802,A,F,D,G,A,A,H,-,A,D,0,,Y,,,Y,,L,04,0,1,0,0,0,0,1,0,0,"- ","- ",,,"SAN DIEGO",ESCONDIDO,-117.05486000000001,33.079070000000002
5315715,2011,2012-12-15,3706,2011-09-03,1815,412,ESPD,6,5,6,3706,0,0,0,,0,044,"ROSE ST","WASHINGTON AV",0.00,,Y,A,-,N,,,,,,,,,,N,3,0,1,2,A,-,09,21801,A,N,D,G,A,A,H,-,A,A,0,,Y,,,Y,Y,A,01,0,1,0,0,0,0,1,0,0,"- ","- ",,,"SAN DIEGO",ESCONDIDO,-117.06093,33.137300000000003
5315723,2011,2013-03-05,3709,2011-09-08,1703,433,,4,5,5,3709,0,0,0,,0,020,"WEST 8TH ST","ROOSEVELT AV",0.00,,-,A,-,N,,,,,,,,,,N,3,0,1,2,C,-,18,,,N,G,B,D,A,H,-,A,D,0,Y,,,,Y,Y,-,"- ",0,1,0,0,1,0,0,0,0,"- ","- ",,,"SAN DIEGO","NATIONAL CITY",-117.108,32.675559999999997
5315731,2011,2012-12-15,3709,2011-09-15,0716,418,,4,5,5,3709,0,0,0,,0,023,"HIGHLAND AV","30TH ST",162.00,S,N,B,-,N,,,,,,,,,,N,3,0,1,2,A,-,09,21804,A,N,D,G,A,A,H,-,A,D,0,,Y,,,Y,,L,04,0,1,0,0,0,0,1,0,0,"- ","- ",,,"SAN DIEGO","NATIONAL CITY",-117.09117886,32.658706479999999
5315789,2011,2012-12-12,3710,2011-09-12,0710,OC0826,,1,5,6,3710,0,0,0,,0,019,"VANDEGRIFT BL","EAST PARKER",0.00,,Y,A,-,N,,,,,,,,,,N,4,0,1,2,A,-,11,21950,B,N,G,B,B,A,H,-,A,D,0,Y,,,,Y,,A,01,0,0,1,0,1,0,0,0,0,"- ","- ",,,"SAN DIEGO",OCEANSIDE,-117.29815000000001,33.261539999999997
5316812,2011,2012-12-10,3700,2011-09-08,1823,SJ2439,,4,5,5,3713,0,0,0,,0,314,"SOUTH SANTA FE AV","CIVIC CENTER DR",5.00,W,N,A,-,N,,,,,,,,,,Y,4,0,1,2,A,-,10,21950,A,N,G,B,B,A,H,-,A,A,0,Y,,,,Y,,A,01,0,0,1,0,1,0,0,0,0,"- ","- ",,,"SAN DIEGO",VISTA,-117.23437786,33.193892120000001
5319332,2011,2012-12-12,3711,2011-09-27,1315,3667,,2,5,7,3711,0,0,0,,0,512,"OCEANVIEW BL","S 30TH ST",0.00,,Y,A,-,N,,,,,,,,,,Y,3,0,1,2,A,-,10,21950,A,N,G,B,B,A,H,-,A,-,0,Y,,,,Y,,D,22,0,1,0,0,1,0,0,0,0,"- ","- ",,,"SAN DIEGO","SAN DIEGO",-117.12949999999999,32.701160000000002
5321080,2011,2012-12-17,3705,2011-09-11,1401,EC0186,,7,5,5,3705,0,0,0,,0,010,BROADWAY,CHERRYWOOD,121.00,E,N,A,-,N,,,,,,,,,,N,4,0,1,2,A,-,05,21202,A,N,D,G,A,A,H,-,A,D,0,,Y,,,Y,,L,04,0,0,1,0,0,0,1,0,0,"- ","- ",,,"SAN DIEGO","EL CAJON",-116.95335942,32.807684819999999
5321519,2011,2013-02-25,9680,2011-09-22,1255,16415,,4,1,9,3700,0,1,3,,1,022,"RT 54","CUYAMACA COLLEGE DR W",0.00,,Y,A,-,Y,SD,11,54,-,T,11.241,I,5,E,N,2,0,1,2,A,-,11,21954,A,N,D,B,D,A,H,-,A,A,0,Y,,,,Y,,N,60,1,0,0,0,1,0,0,0,0,"- ","- ",32.741,-116.93879,"SAN DIEGO",UNINCORPORATED,-116.93879181,32.740914799999999
5321608,2011,2012-12-10,3710,2011-09-21,1700,OC1203,,3,5,6,3710,0,0,0,,0,026,"AVENIDA DE LOYOLA","CALLE BUENA VENTURA",46.00,W,N,A,-,N,,,,,,,,,,N,4,0,1,2,A,-,03,22350,,N,G,B,E,A,H,-,A,D,0,Y,,,,Y,,A,01,0,0,1,0,1,0,0,0,0,"- ","- ",,,"SAN DIEGO",OCEANSIDE,-117.31532814000001,33.196022810000002
5321639,2011,2012-12-10,3710,2011-09-22,0830,OC1236,,4,5,6,3710,0,0,0,,0,036,"CHAMPLAIN ST","NORTH SANTA FE AV",10.00,W,N,A,-,N,,,,,,,,,,N,4,0,1,2,A,-,05,21650,1,N,D,G,A,A,H,-,A,A,0,,Y,,,Y,,L,04,0,0,1,0,0,0,1,0,0,"- ","- ",,,"SAN DIEGO",OCEANSIDE,-117.27083651,33.239577730000001
5321671,2011,2012-12-10,3710,2011-09-22,0215,OC1375,,4,5,6,3710,0,0,0,,0,006,"N TREMONT ST","PIERVIEW WY",20.00,S,N,A,-,N,,,,,,,,,,N,4,0,1,2,A,-,01,23152,B,F,G,B,E,A,H,-,C,D,0,Y,,,,Y,Y,A,01,0,0,1,0,1,0,0,0,0,"- ","- ",,,"SAN DIEGO",OCEANSIDE,-117.3810241,33.196230200000002
5321992,2011,2012-12-11,3711,2011-09-22,2040,6053,SANDI,4,5,7,3711,0,0,0,,0,122,"GARNET AV","GARNET AV 1400",0.00,,-,B,-,N,,,,,,,,,,Y,3,0,1,3,A,-,03,22350,,N,G,B,D,A,H,-,C,D,0,Y,,,,Y,,A,01,0,1,0,0,1,0,0,0,0,"- ","- ",,,"SAN DIEGO","SAN DIEGO",-117.24453,32.798960000000001
5322090,2011,2013-03-05,3711,2011-09-29,1655,3986,,4,5,7,3711,0,0,0,,0,615,"ROSECRANS ST","BYRON ST",24.00,S,N,A,-,N,,,,,,,,,,N,3,0,1,2,A,-,10,21950,A,N,G,B,B,A,H,-,A,A,0,Y,,,,Y,,-,"- ",0,1,0,0,1,0,0,0,0,"- ","- ",,,"SAN DIEGO","SAN DIEGO",-117.23100716,32.722501340000001