CASE_ID,ACCIDENT_YEAR,PROC_DATE,JURIS,COLLISION_DATE,COLLISION_TIME,OFFICER_ID,REPORTING_DISTRICT,DAY_OF_WEEK,CHP_SHIFT,POPULATION,CNTY_CITY_LOC,SPECIAL_COND,BEAT_TYPE,CHP_BEAT_TYPE,CITY_DIVISION_LAPD,CHP_BEAT_CLASS,BEAT_NUMBER,PRIMARY_RD,SECONDARY_RD,DISTANCE,DIRECTION,INTERSECTION,WEATHER_1,WEATHER_2,STATE_HWY_IND,CALTRANS_COUNTY,CALTRANS_DISTRICT,STATE_ROUTE,ROUTE_SUFFIX,POSTMILE_PREFIX,POSTMILE,LOCATION_TYPE,RAMP_INTERSECTION,SIDE_OF_HWY,TOW_AWAY,COLLISION_SEVERITY,NUMBER_KILLED,NUMBER_INJURED,PARTY_COUNT,PRIMARY_COLL_FACTOR,PCF_CODE_OF_VIOL,PCF_VIOL_CATEGORY,PCF_VIOLATION,PCF_VIOL_SUBSECTION,HIT_AND_RUN,TYPE_OF_COLLISION,MVIW,PED_ACTION,ROAD_SURFACE,ROAD_COND_1,ROAD_COND_2,LIGHTING,CONTROL_DEVICE,CHP_ROAD_TYPE,PEDESTRIAN_ACCIDENT,BICYCLE_ACCIDENT,MOTORCYCLE_ACCIDENT,TRUCK_ACCIDENT,NOT_PRIVATE_PROPERTY,ALCOHOL_INVOLVED,STWD_VEHTYPE_AT_FAULT,CHP_VEHTYPE_AT_FAULT,COUNT_SEVERE_INJ,COUNT_VISIBLE_INJ,COUNT_COMPLAINT_PAIN,COUNT_PED_KILLED,COUNT_PED_INJURED,COUNT_BICYCLIST_KILLED,COUNT_BICYCLIST_INJURED,COUNT_MC_KILLED,COUNT_MC_INJURED,PRIMARY_RAMP,SECONDARY_RAMP,LATITUDE,LONGITUDE,COUNTY,CITY,POINT_X,POINT_Y
5457237,2012,2013-06-13,3711,2012-01-22,1534,6139,,7,5,7,3711,0,0,0,,0,124,"EL PASEO GRANDE","CAMINO DEL ORO",330.00,N,N,A,-,N,,,,,,,,,,N,3,0,1,2,A,-,11,21954,A,N,G,B,D,A,H,-,A,D,0,Y,,,,Y,,N,60,0,1,0,0,1,0,0,0,0,"- ","- ",,,"SAN DIEGO","SAN DIEGO",-117.25533492,32.859537899999999
5457240,2012,2013-06-10,3711,2012-01-28,2245,3867,,6,5,7,3711,0,0,0,,0,122,INGRAHAM,"GRAND AV",0.00,,Y,A,-,N,,,,,,,,,,N,4,0,1,1,A,-,03,22350,,N,H,G,A,A,H,-,C,A,0,,Y,,,Y,Y,L,04,0,0,1,0,0,0,1,0,0,"- ","- ",,,"SAN DIEGO","SAN DIEGO",-117.24029195,32.797924829999999
5457244,2012,2013-06-10,3711,2012-01-19,1730,5828,,4,5,7,3711,0,0,0,,0,114,"CLAIREMONT DR","CLAIREMONT MESA BL",400.00,N,N,A,-,N,,,,,,,,,,N,4,0,1,2,A,-,09,21804,A,N,D,G,A,A,H,-,C,D,0,,Y,,,Y,,L,04,0,0,1,0,0,0,1,0,0,"- ","- ",,,"SAN DIEGO","SAN DIEGO",-117.20614747,32.828800549999997
5457256,2012,2013-06-10,3711,2012-01-28,2005,4298,,6,5,7,3711,0,0,0,,0,311,"AERO DR","W CANYON AV",0.00,,Y,A,-,N,,,,,,,,,,N,3,0,1,2,A,-,10,21950,A,N,G,B,B,A,H,-,C,A,0,Y,,,,Y,,-,"- ",0,1,0,0,1,0,0,0,0,"- ","- ",,,"SAN DIEGO","SAN DIEGO",-117.12241203000001,32.808394790000001
5457264,2012,2013-06-11,3711,2012-01-27,0800,5384,,5,5,7,3711,0,0,0,,0,511,"MAIN ST","RIGEL ST",0.00,,Y,A,-,N,,,,,,,,,,N,3,0,1,2,A,-,08,22107,,F,G,B,D,A,H,-,A,D,0,Y,,,,Y,,-,"- ",0,1,0,0,1,0,0,0,0,"- ","- ",,,"SAN DIEGO","SAN DIEGO",-117.12197191,32.69004486
5457272,2012,2013-06-11,3711,2012-01-28,0229,6080,,6,5,7,3711,0,0,0,,0,521,"10TH AV","F ST",81.00,S,N,A,-,N,,,,,,,,,,,4,0,1,2,D,-,00,,,F,G,B,E,A,H,-,C,D,0,Y,,,,Y,,-,"- ",0,0,1,0,1,0,0,0,0,"- ","- ",,,"SAN DIEGO","SAN DIEGO",-117.15563403,32.713372880000001
5457316,2012,2013-06-15,3711,2012-01-11,0700,3661,SANDE,3,5,7,3711,0,0,0,,0,123,"FIESTA ISLAND RD","FIESTA ISLAND RD 900",3696.00,N,N,A,-,N,,,,,,,,,,N,3,0,1,1,C,-,18,,,N,H,G,A,A,H,-,A,D,0,,Y,,,Y,,-,"- ",0,1,0,0,0,0,1,0,0,"- ","- ",,,"SAN DIEGO","SAN DIEGO",,
5457328,2012,2013-06-15,3711,2012-01-20,1330,5514,,5,5,7,3711,0,0,0,,0,326,"MONTEZUMA AV","CAMPANILE DR",5.00,W,N,A,-,N,,,,,,,,,,N,3,0,1,2,-,-,"- ",,,N,D,G,A,A,H,-,A,D,0,,Y,,,Y,,-,"- ",0,1,0,0,0,0,1,0,0,"- ","- ",,,"SAN DIEGO","SAN DIEGO",-117.0719481,32.770704700000003
5457356,2012,2013-06-15,3711,2012-01-19,1635,5769,,4,5,7,3711,0,0,0,,0,511,"COMMERCIAL ST","28TH ST",1.00,N,N,A,-,N,,,,,,,,,,Y,3,0,1,2,A,-,"- ",,,N,H,G,A,A,H,-,A,D,0,,Y,,,Y,,L,04,0,1,0,0,0,0,1,0,0,"- ","- ",,,"SAN DIEGO","SAN DIEGO",-117.1338799,32.705290040000001
5457440,2012,2013-06-15,3711,2012-01-20,1405,05854,,5,5,7,3711,0,0,0,,0,529,"KALMIA ST","4TH AV",24.00,E,N,A,-,N,,,,,,,,,,N,4,0,1,2,A,-,21,22106,,N,G,B,D,-,H,-,A,A,0,Y,,,,Y,,-,,0,0,1,0,1,0,0,0,0,"- ","- ",,,"SAN DIEGO","SAN DIEGO",-117.16113412999999,32.730305639999997
5457806,2012,2013-06-20,3706,2012-01-24,0124,1534,ESPD,2,5,6,3706,0,0,0,,0,042,"ESCONDIDO BL","SIGNATURE PAVILLION",0.00,,Y,A,-,N,,,,,,,,,,N,3,0,2,3,A,-,11,21456,A,N,G,B,B,A,H,-,A,A,0,Y,,,,Y,,N,60,0,1,1,0,2,0,0,0,0,"- ","- ",,,"SAN DIEGO",ESCONDIDO,-117.08560799999999,33.122238000000003
5458247,2011,2013-02-02,3700,2011-12-10,1625,SH1802,,6,5,5,3713,0,0,0,,0,311,"VISTA VILLAGE DR","PALM DR",6.00,N,N,A,-,N,,,,,,,,,,Y,3,0,1,2,A,-,10,21950,A,N,H,G,A,A,H,-,A,A,0,,Y,,,Y,,A,01,0,1,0,0,0,0,1,0,0,"- ","- ",,,"SAN DIEGO",VISTA,-117.23970919999999,33.203935080000001
5458550,2011,2013-02-01,3703,2011-12-08,1737,1028,,4,5,3,3703,0,0,0,,0,,"PALM AV","D AV",0.00,,N,A,-,N,,,,,,,,,,N,3,0,1,2,A,-,09,21803,A,N,D,G,A,A,H,-,B,A,0,,Y,,,Y,,A,01,0,1,0,0,0,0,1,0,0,"- ","- ",,,"SAN DIEGO",CORONADO,-117.17752,32.692410000000002
5458641,2012,2013-07-17,3711,2012-02-04,1320,4864,,6,5,7,3711,0,0,0,,0,813,"UNIVERSITY AV","ALABAMA ST",0.00,,Y,A,-,N,,,,,,,,,,N,2,0,1,2,A,-,09,21801,A,N,D,G,A,A,H,-,A,D,0,,Y,,,Y,,D,22,1,0,0,0,0,0,1,0,0,"- ","- ",,,"SAN DIEGO","SAN DIEGO",-117.14250199999999,32.74842477
5458645,2012,2013-06-20,3711,2012-01-25,0725,04812,,3,5,7,3711,0,0,0,,0,722,"CORONADO AV","GREEN BAY ST",0.00,,Y,A,-,N,,,,,,,,,,N,2,0,1,2,A,-,17,21451,A,N,G,B,B,A,H,-,A,A,0,Y,,,,Y,,D,22,1,0,0,0,1,0,0,0,0,"- ","- ",,,"SAN DIEGO","SAN DIEGO",-117.08843199,32.576474820000001
5458985,2012,2013-07-15,3709,2012-02-11,2120,467,3709,6,5,5,3709,0,0,0,,0,020,"8TH ST","B AV",128.00,W,N,A,-,N,,,,,,,,,,N,4,0,1,2,A,-,11,21950,B,N,G,B,D,A,H,-,C,D,0,Y,,,,Y,Y,N,60,0,0,1,0,1,0,0,0,0,"- ","- ",,,"SAN DIEGO","NATIONAL CITY",-117.10522632999999,32.676306850000003
5459216,2012,2013-07-15,3706,2012-02-08,1519,0318,ESPD,3,5,6,3706,0,0,0,,0,044,"VALLEY PKWY","ROSE ST",348.00,E,N,A,-,N,,,,,,,,,,N,4,0,1,2,A,-,05,21650,1,N,D,G,A,A,H,-,A,D,0,,Y,,,Y,,L,04,0,0,1,0,0,0,1,0,0,"- ","- ",,,"SAN DIEGO",ESCONDIDO,-117.05850747,33.134421420000002
5459224,2012,2013-07-15,3706,2012-02-02,0800,0386,ESPD,4,5,6,3706,0,0,0,,0,045,"MIDWAY DR","MISSION AV",0.00,,Y,A,-,N,,,,,,,,,,Y,3,0,1,2,A,-,06,21750,,N,B,G,A,A,H,-,A,A,0,,Y,,,Y,,D,22,0,1,0,0,0,0,1,0,0,"- ","- ",,,"SAN DIEGO",ESCONDIDO,-117.05637197999999,33.14446487
5460148,2012,2013-06-21,3711,2012-01-27,0738,5197,,5,5,7,3711,0,0,0,,0,124,"GRAND AV","PEARL ST",106.00,S,N,A,-,N,,,,,,,,,,N,2,0,1,2,A,-,21,22106,,N,G,B,D,A,H,-,A,D,0,Y,,,,Y,,A,07,1,0,0,0,1,0,0,0,0,"- ","- ",,,"SAN DIEGO","SAN DIEGO",,
5460156,2012,2013-06-21,3711,2012-01-28,1514,5051,,6,5,7,3711,0,0,0,,0,123,"WEST MISSION BAY DR","QUIVIRA ACCESS",340.00,W,N,A,-,N,,,,,,,,,,N,3,0,1,2,A,-,07,21658,A,M,D,G,A,A,H,-,A,A,0,,Y,,,Y,,-,99,0,1,0,0,0,0,1,0,0,"- ","- ",,,"SAN DIEGO","SAN DIEGO",-117.23898767999999,32.765796289999997
5460426,2012,2013-06-08,3700,2012-01-20,0630,SH1367,,5,5,5,3713,0,0,0,,0,031,"POSTAL WY","SANTA FE PL",100.00,E,N,A,-,N,,,,,,,,,,N,4,0,1,2,D,-,00,,,M,G,B,F,A,H,-,B,D,0,Y,,,,Y,,-,"- ",0,0,1,0,1,0,0,0,0,"- ","- ",,,"SAN DIEGO",VISTA,-117.23251560999999,33.19168148
5460899,2012,2013-06-05,3706,2012-01-15,1616,0311,ESPD,7,5,6,3706,0,0,0,,0,041,"ESCONDIDO BL","EL NORTE PKWY",0.00,,Y,B,-,N,,,,,,,,,,N,4,0,1,2,A,-,05,21650,1,N,H,G,A,A,H,-,C,D,0,,Y,,,Y,,L,04,0,0,1,0,0,0,1,0,0,"- ","- ",,,"SAN DIEGO",ESCONDIDO,-117.09239205,33.139324870000003
5460915,2012,2013-06-05,3706,2012-01-19,1313,267,ESPD,4,5,6,3706,0,0,0,,0,042,BROADWAY,"WASHINGTON AV",356.00,N,N,A,-,N,,,,,,,,,,N,4,0,1,2,A,-,09,21804,A,N,G,B,D,A,H,-,A,D,0,Y,,,,Y,,-,"- ",0,0,1,0,1,0,0,0,0,"- ","- ",,,"SAN DIEGO",ESCONDIDO,-117.08427076,33.127870340000001
5461026,2012,2013-06-20,3705,2012-01-24,0748,EC5420,,2,5,5,3705,0,0,0,,0,007,3RD,GREENFIELD,0.00,,Y,B,-,N,,,,,,,,,,N,3,0,1,2,A,-,05,21650,,N,D,G,A,B,H,-,A,A,0,,Y,,,Y,,L,04,0,1,0,0,0,0,1,0,0,"- ","- ",,,"SAN DIEGO","EL CAJON",-116.92766195999999,32.811064799999997
5461622,2012,2013-06-08,3711,2012-01-07,1652,5582,,6,5,7,3711,0,0,0,,0,627,"5TH AV","UNIVERSITY AV",528.00,N,N,A,-,N,,,,,,,,,,N,3,0,1,2,A,-,11,21955,,N,G,B,D,A,H,-,A,D,0,Y,,,,Y,,N,60,0,1,0,0,1,0,0,0,0,"- ","- ",,,"SAN DIEGO","SAN DIEGO",-117.16047055999999,32.749711140000002
5461642,2012,2013-06-08,3711,2012-01-26,1604,6156,,4,5,7,3711,0,0,0,,0,115,"MAHAILA AV","REGENTS RD",6.00,E,N,A,-,N,,,,,,,,,,N,3,0,1,2,A,-,10,21950,A,N,G,B,B,A,H,-,A,A,0,Y,,,,Y,,-,"- ",0,1,0,0,1,0,0,0,0,"- ","- ",,,"SAN DIEGO","SAN DIEGO",-117.2184225,32.869613559999998
5461670,2012,2013-06-08,3711,2012-01-19,1529,3815,,4,5,7,3711,0,0,0,,0,313,"RUFFIN RD","CHESAPEAKE DR",0.00,,Y,A,-,N,,,,,,,,,,N,4,0,1,2,A,-,10,21950,A,N,G,B,B,A,H,-,A,A,0,Y,,,,Y,,A,01,0,0,1,0,1,0,0,0,0,"- ","- ",,,"SAN DIEGO","SAN DIEGO",-117.12684195999999,32.837724819999998
5461678,2012,2013-06-08,3711,2012-01-24,0620,6259,,2,5,7,3711,0,0,0,,0,723,"DEL SOL BL","PICCARD AV",0.00,,Y,B,-,N,,,,,,,,,,N,4,0,1,2,A,-,10,21950,C,N,A,B,B,B,H,-,C,D,0,Y,,,,Y,,A,01,0,0,1,0,1,0,0,0,0,"- ","- ",,,"SAN DIEGO","SAN DIEGO",-117.04988197999999,32.573634869999999
5462370,2011,2013-01-31,3708,2011-12-21,2005,1206,200,3,5,5,3708,0,0,0,,0,002,"JACKSON DR","FLETCHER PKWY",23.00,S,N,A,-,N,,,,,,,,,,N,4,0,1,2,A,-,10,21950,A,N,G,B,B,A,H,-,C,A,0,Y,,,,Y,,A,01,0,0,1,0,1,0,0,0,0,"- ","- ",,,"SAN DIEGO","LA MESA",-117.01816644,32.777585569999999
5462374,2011,2013-01-31,3708,2011-12-28,1601,1215,400,3,5,5,3708,0,0,0,,0,001,"YALE AV","UNIVERSITY AV",0.00,,Y,A,-,N,,,,,,,,,,N,3,0,1,2,A,-,12,21453,A,F,D,G,A,A,H,-,A,A,0,,Y,,,Y,,L,04,0,1,0,0,0,0,1,0,0,"- ","- ",,,"SAN DIEGO","LA MESA",-117.04009000000001,32.755940000000002
5462520,2012,2013-06-20,3700,2012-01-04,1030,SH2439,,3,5,5,3713,0,0,0,,0,310,"OLIVE AV","VISTA VILLAGE DR",5.00,N,N,A,-,N,,,,,,,,,,N,4,0,1,2,A,-,10,21950,A,F,G,B,B,A,H,-,A,A,0,Y,,,,Y,Y,A,01,0,0,1,0,1,0,0,0,0,"- ","- ",,,"SAN DIEGO",VISTA,-117.24462976,33.201936840000002
5462995,2011,2013-01-29,3700,2011-11-22,1909,SH2085,,2,5,5,3712,0,0,0,,0,351,"WEST MISSION RD","W COMET CIR",1000.00,E,N,A,-,N,,,,,,,,,,N,4,0,1,2,A,-,11,21950,B,N,G,B,B,A,H,-,C,A,0,Y,,,,Y,Y,N,60,0,0,1,0,1,0,0,0,0,"- ","- ",,,"SAN DIEGO","SAN MARCOS",-117.18467821,33.147014069999997
5465045,2012,2013-06-08,3706,2012-01-13,1124,0374,,5,5,6,3706,0,0,0,,0,052,"ESCONDIDO BL","13TH AV",46.00,S,N,A,-,N,,,,,,,,,,N,3,0,1,2,A,-,05,21650,1,F,D,G,A,A,H,-,A,D,0,,Y,,,Y,,L,04,0,1,0,0,0,0,1,0,0,"- ","- ",,,"SAN DIEGO",ESCONDIDO,-117.07647817,33.109425160000001
5465592,2011,2013-02-01,3709,2011-12-30,1600,467,,5,5,5,3709,0,0,0,,0,021,"GILBERT LN","DIVISION ST",0.00,N,N,A,-,N,,,,,,,,,,N,4,0,1,2,A,-,11,21950,B,N,G,B,E,A,H,-,A,D,0,Y,,,,Y,,N,60,0,0,1,0,1,0,0,0,0,"- ","- ",,,"SAN DIEGO","NATIONAL CITY",-117.09495,32.686819999999997
5465593,2011,2013-02-01,3709,2011-12-31,1008,393,3709,6,5,5,3709,0,0,0,,0,020,"HIGHLAND AV","HIGHLAND AV 1200",0.00,,-,A,-,N,,,,,,,,,,Y,3,0,1,2,A,-,11,21955,,N,G,B,D,A,H,-,A,D,0,Y,,,,Y,,N,60,0,1,0,0,1,0,0,0,0,"- ","- ",,,"SAN DIEGO","NATIONAL CITY",-117.09739999999999,32.674460000000003
5465659,2011,2013-02-02,3706,2011-12-23,1930,337,ESPD,5,5,6,3706,0,0,0,,0,051,"S ESCONDIDO BL","FELICITA AV",300.00,S,N,A,-,N,,,,,,,,,,N,4,0,1,2,A,-,11,21954,A,N,G,B,D,A,H,-,D,D,0,Y,,,,Y,Y,N,60,0,0,1,0,1,0,0,0,0,"- ","- ",,,"SAN DIEGO",ESCONDIDO,-117.07263998000001,33.103955040000002
5465674,2011,2013-02-02,3700,2011-12-31,1328,SH0685,,6,5,2,3704,0,0,0,,0,295,"CAMINO DEL MAR","CARMEL VALLEY RD",621.00,N,N,A,-,N,,,,,,,,,,N,3,0,1,2,A,-,08,22107,,N,C,G,A,A,H,-,A,D,0,,Y,,,Y,,A,07,0,1,0,0,0,0,1,0,0,"- ","- ",,,"SAN DIEGO","DEL MAR",-117.26105676,32.942010410000002
5465679,2011,2013-02-02,3700,2011-12-04,1544,SH0690,,7,5,5,3782,0,0,0,,0,242,"LAKE DR","SANTA FE DR",21.00,S,N,A,-,N,,,,,,,,,,N,4,0,1,2,A,-,05,21650,,N,H,G,A,A,H,-,A,A,0,,Y,,,Y,,A,01,0,0,1,0,0,0,1,0,0,"- ","- ",,,"SAN DIEGO",ENCINITAS,-117.26636449999999,33.036157330000002
5465680,2011,2013-02-02,3700,2011-12-03,1030,SH3108,,6,5,3,3783,0,0,0,,0,272,"LOMAS SANTA FE DR","SANTA HELENA",60.00,W,N,A,-,N,,,,,,,,,,N,3,0,1,2,A,-,08,22107,,N,B,G,A,A,H,-,A,A,0,,Y,,,Y,,A,01,0,1,0,0,0,0,1,0,0,"- ","- ",,,"SAN DIEGO","SOLANA BEACH",-117.25520674000001,32.99577231
5465688,2011,2013-01-30,3700,2011-12-26,1740,SH3171,,1,5,5,3782,0,0,0,,0,222,"REQUEZA ST","REGAL RD",18.00,W,N,A,-,N,,,,,,,,,,N,4,0,1,2,A,-,10,21950,A,N,G,B,B,A,H,-,C,D,0,Y,,,,Y,,A,01,0,0,1,0,1,0,0,0,0,"- ","- ",,,"SAN DIEGO",ENCINITAS,-117.28150044,33.043454820000001
5465785,2011,2013-02-06,3700,2011-12-05,1359,SH2389,2,1,5,5,3782,0,0,0,,0,242,"SANTA FE DR","EL CAMINIO REAL",10.00,W,N,A,-,N,,,,,,,,,,N,3,0,1,2,A,-,10,21950,A,N,G,B,B,A,H,-,A,A,0,Y,,,,Y,,A,01,0,1,0,0,1,0,0,0,0,"- ","- ",,,"SAN DIEGO",ENCINITAS,-117.25919201000001,33.038464500000003
5465794,2011,2013-01-30,3700,2011-12-10,1222,SH7021,,6,5,5,3782,0,0,0,,0,212,"LEUCADIA BL","PIRAEUS ST",27.00,W,N,A,-,N,,,,,,,,,,N,3,0,1,2,A,-,08,22107,,N,B,G,A,A,H,-,A,D,0,,Y,,,Y,,A,01,0,1,0,0,0,0,1,0,0,"- ","- ",,,"SAN DIEGO",ENCINITAS,-117.29140968999999,33.06516749
5465797,2011,2013-01-30,3700,2011-12-11,1758,SH0690,,7,5,5,3782,0,0,0,,0,241,"SAN ELIJO  AV","SANTA FE DR",12.00,S,N,A,-,N,,,,,,,,,,N,4,0,1,2,A,-,12,22450,A,N,G,B,D,A,H,-,C,A,0,Y,,,,Y,,A,01,0,0,1,0,1,0,0,0,0,"- ","- ",,,"SAN DIEGO",ENCINITAS,-117.291118,33.036136999999997
5466029,2011,2013-01-26,3711,2011-12-31,1539,4897,,6,5,7,3711,0,0,0,,0,122,"PACIFIC BEACH DR","INGRAHAM ST",0.00,,Y,A,-,N,,,,,,,,,,N,3,0,1,2,A,-,05,21650,1,N,D,G,A,A,H,-,A,A,0,,Y,,,Y,,L,04,0,1,0,0,0,0,1,0,0,"- ","- ",,,"SAN DIEGO","SAN DIEGO",-117.23911,32.793959999999998
5466056,2011,2013-04-23,3703,2011-12-30,1549,1119,,5,5,3,3703,0,0,0,,0,,"5TH ST","RT 75",8.00,E,N,A,-,Y,SD,11,75,-,-,19.486,I,6,N,N,4,0,1,2,A,-,03,22350,,N,D,G,A,A,H,-,A,D,0,,Y,,,Y,,L,04,0,0,1,0,0,0,1,0,0,"- ","- ",,,"SAN DIEGO",CORONADO,-117.17560185000001,32.69299479
5466732,2012,2013-09-10,3711,2012-01-04,1335,4386,,3,5,7,3711,0,0,0,,0,627,"ROBINSON AV","VERMONT ST",300.00,E,N,A,-,N,,,,,,,,,,N,4,0,1,2,A,-,03,22350,,N,C,G,A,A,H,-,A,D,0,,Y,,,Y,,L,04,0,0,1,0,0,0,1,0,0,"- ","- ",,,"SAN DIEGO","SAN DIEGO",-117.15247951000001,32.746404769999998
5466740,2012,2013-06-19,3711,2012-01-01,1610,6737,,7,5,7,3711,0,0,0,,0,111,"GENESEE AV","MOUNT ETNA DR",0.00,,Y,A,-,N,,,,,,,,,,N,4,0,2,2,A,-,17,21451,A,N,D,G,A,A,H,-,A,A,0,,Y,,,Y,,-,"- ",0,0,2,0,0,0,2,0,0,"- ","- ",,,"SAN DIEGO","SAN DIEGO",-117.18305199,32.821324820000001
5466818,2012,2013-06-29,3711,2012-01-06,0725,6361,,5,5,7,3711,0,0,0,,0,624,"EL CAJON BL","TEXAS ST 2300",27.00,W,N,A,-,N,,,,,,,,,,N,3,0,1,2,A,-,03,22350,,N,D,G,A,A,H,-,A,B,0,,Y,,,Y,,L,04,0,1,0,0,0,0,1,0,0,"- ","- ",,,"SAN DIEGO","SAN DIEGO",,
5466859,2011,2013-02-01,3710,2011-12-16,1732,OC1313,,5,5,6,3710,0,0,0,,0,016,"MISSION AV","EL CAMINIO REAL",0.00,,Y,A,-,N,,,,,,,,,,N,4,0,1,2,A,-,10,21950,A,N,G,G,A,A,H,-,C,A,0,,Y,,,Y,,D,22,0,0,1,0,0,0,1,0,0,"- ","- ",,,"SAN DIEGO",OCEANSIDE,-117.33098,33.22589
5467607,2012,2013-09-24,9645,2012-01-05,2153,17133,,4,2,7,3711,0,1,1,,2,003,"RT 5","RT 94",0.00,,-,A,-,Y,SD,11,5,-,R,15.640,R,2,S,Y,2,0,1,2,A,-,11,21954,A,N,G,B,E,A,H,-,C,D,1,Y,,,,Y,Y,N,60,1,0,0,0,1,0,0,0,0,TO,"- ",32.713349999999998,-117.14623,"SAN DIEGO","SAN DIEGO",-117.14918571,32.72210535
5468086,2012,2013-06-22,3711,2012-01-07,1010,05097,,6,5,7,3711,0,0,0,,0,524,"B ST","5TH AV",0.00,,Y,B,-,N,,,,,,,,,,N,3,0,1,2,A,-,08,22107,,M,G,B,F,A,H,-,A,A,0,Y,,,,Y,,-,"- ",0,1,0,0,1,0,0,0,0,"- ","- ",,,"SAN DIEGO","SAN DIEGO",-117.16019193,32.717784790000003
5468088,2012,2013-09-11,3706,2012-01-02,1903,318,ESPD,1,5,6,3706,0,0,0,,0,044,"ASH ST","VALLEY PKWY",275.00,N,N,A,-,Y,SD,11,78,-,T,19.220,H,-,W,N,3,0,1,2,A,-,11,21955,,N,G,B,D,A,H,-,C,D,0,Y,,,,Y,,N,60,0,1,0,0,1,0,0,0,0,"- ","- ",,,"SAN DIEGO",ESCONDIDO,-117.06734,33.131226949999999
5468129,2012,2013-09-11,3711,2012-01-07,0856,05514,,6,5,7,3711,0,0,0,,0,934,"CARMEL VALLEY RD","EL CAMINO REAL",0.00,,Y,A,-,Y,SD,11,56,-,-,0.422,R,4,E,N,3,0,1,2,A,-,08,22107,,N,H,G,A,A,H,-,A,A,0,,Y,,,Y,,L,04,0,1,0,0,0,0,1,0,0,"- ","- ",,,"SAN DIEGO","SAN DIEGO",-117.23703653,32.934110859999997
5468178,2011,2013-02-01,3710,2011-12-28,2248,OC1362,,3,5,6,3710,0,0,0,,0,035,"CORONA DR","WINONA CT",96.00,E,N,A,-,N,,,,,,,,,,N,4,0,1,3,A,-,08,22107,,N,G,B,E,A,H,-,C,D,0,Y,,,,Y,,D,22,0,0,1,0,1,0,0,0,0,"- ","- ",,,"SAN DIEGO",OCEANSIDE,-117.28485507000001,33.241107479999997
5468182,2012,2013-06-20,3710,2012-01-04,0805,OC1234,,3,5,6,3710,0,0,0,,0,009,"MORSE ST","SOUTH PACIFIC ST",10.00,E,N,A,-,N,,,,,,,,,,N,2,0,1,2,A,-,08,22100,A,N,A,G,A,A,H,-,A,A,0,,Y,,,Y,,L,04,1,0,0,0,0,0,1,0,0,"- ","- ",,,"SAN DIEGO",OCEANSIDE,-117.36807414,33.176489060000002
5468194,2012,2013-06-20,3710,2012-01-08,1235,OC0778,,7,5,6,3710,0,0,0,,0,004,"SOUTH COAST HWY","OCEANSIDE BL",1080.00,S,N,A,-,N,,,,,,,,,,N,3,0,1,2,A,-,08,22107,,N,D,G,A,A,H,-,A,D,0,,Y,,,Y,,D,22,0,1,0,0,0,0,1,0,0,"- ","- ",,,"SAN DIEGO",OCEANSIDE,-117.36722242,33.181173440000002
5468744,2012,2013-06-15,3711,2012-01-12,1525,4897,,4,5,7,3711,0,0,0,,0,622,"LINDA VISTA RD","MILDRED ST",0.00,,Y,A,-,N,,,,,,,,,,N,3,0,1,2,A,-,10,21950,A,N,G,B,B,A,H,-,A,A,0,Y,,,,Y,,D,22,0,1,0,0,1,0,0,0,0,"- ","- ",,,"SAN DIEGO","SAN DIEGO",-117.19450196,32.767994809999998
5469077,2012,2013-06-22,9680,2012-01-05,1813,18754,,4,2,9,3700,0,3,5,,2,002,"CRISTOBAL DR","BARCELONA ST",4.00,E,N,A,-,N,,,,,,,,,,N,3,0,1,2,A,-,10,21950,A,N,G,B,B,A,H,-,C,D,0,Y,,,,Y,,D,22,0,1,0,0,1,0,0,0,0,"- ","- ",32.740760000000002,-116.98097,"SAN DIEGO",UNINCORPORATED,-116.98110891,32.740714769999997
5469082,2012,2013-06-22,9680,2012-01-12,2020,17330,,4,2,9,3700,0,3,5,,2,001,"JULIAN AV","LOS COCHES RD",50.00,W,N,A,-,N,,,,,,,,,,N,3,0,1,2,A,-,11,21954,A,N,G,B,D,A,H,-,C,A,0,Y,,,,Y,,N,60,0,1,0,0,1,0,0,0,0,"- ","- ",32.832650000000001,-116.9619,"SAN DIEGO",UNINCORPORATED,-116.91966214999999,32.855263649999998
5469095,2012,2013-06-22,9680,2012-01-17,1438,13848,,2,2,9,3700,0,3,5,,2,002,"HARNESS ST","SWEETWATER RD",9.00,E,N,A,-,N,,,,,,,,,,N,2,0,1,2,A,-,11,21950,B,N,G,B,B,A,H,-,A,A,0,Y,,,,Y,,N,60,1,0,0,0,1,0,0,0,0,"- ","- ",32.721069999999997,-117.01389,"SAN DIEGO",UNINCORPORATED,-117.01445271999999,32.72102477
5469670,2011,2012-12-12,3711,2011-08-17,1654,6405,,3,5,7,3711,0,0,0,,0,827,"UNIVERSITY AV","UNIVERSITY AV 5100",0.00,,-,A,-,N,,,,,,,,,,N,4,0,1,2,-,-,"- ",,,N,D,G,A,A,H,-,A,D,0,,Y,,,Y,,-,"- ",0,0,1,0,0,0,1,0,0,"- ","- ",,,"SAN DIEGO","SAN DIEGO",-117.08530739,32.749091499999999
5470700,2011,2013-04-22,3711,2011-12-31,1830,5514,,6,5,7,3711,0,0,0,,0,936,"RT 56","CAM DEL SUR",2640.00,W,N,E,-,N,,,,,,,,,,N,2,0,1,1,A,-,03,22350,,N,H,G,A,A,H,-,D,D,0,,Y,,,Y,,L,04,1,0,0,0,0,0,1,0,0,"- ","- ",,,"SAN DIEGO","SAN DIEGO",-117.16054112,32.963029030000001