CASE_ID,ACCIDENT_YEAR,PROC_DATE,JURIS,COLLISION_DATE,COLLISION_TIME,OFFICER_ID,REPORTING_DISTRICT,DAY_OF_WEEK,CHP_SHIFT,POPULATION,CNTY_CITY_LOC,SPECIAL_COND,BEAT_TYPE,CHP_BEAT_TYPE,CITY_DIVISION_LAPD,CHP_BEAT_CLASS,BEAT_NUMBER,PRIMARY_RD,SECONDARY_RD,DISTANCE,DIRECTION,INTERSECTION,WEATHER_1,WEATHER_2,STATE_HWY_IND,CALTRANS_COUNTY,CALTRANS_DISTRICT,STATE_ROUTE,ROUTE_SUFFIX,POSTMILE_PREFIX,POSTMILE,LOCATION_TYPE,RAMP_INTERSECTION,SIDE_OF_HWY,TOW_AWAY,COLLISION_SEVERITY,NUMBER_KILLED,NUMBER_INJURED,PARTY_COUNT,PRIMARY_COLL_FACTOR,PCF_CODE_OF_VIOL,PCF_VIOL_CATEGORY,PCF_VIOLATION,PCF_VIOL_SUBSECTION,HIT_AND_RUN,TYPE_OF_COLLISION,MVIW,PED_ACTION,ROAD_SURFACE,ROAD_COND_1,ROAD_COND_2,LIGHTING,CONTROL_DEVICE,CHP_ROAD_TYPE,PEDESTRIAN_ACCIDENT,BICYCLE_ACCIDENT,MOTORCYCLE_ACCIDENT,TRUCK_ACCIDENT,NOT_PRIVATE_PROPERTY,ALCOHOL_INVOLVED,STWD_VEHTYPE_AT_FAULT,CHP_VEHTYPE_AT_FAULT,COUNT_SEVERE_INJ,COUNT_VISIBLE_INJ,COUNT_COMPLAINT_PAIN,COUNT_PED_KILLED,COUNT_PED_INJURED,COUNT_BICYCLIST_KILLED,COUNT_BICYCLIST_INJURED,COUNT_MC_KILLED,COUNT_MC_INJURED,PRIMARY_RAMP,SECONDARY_RAMP,LATITUDE,LONGITUDE,COUNTY,CITY,POINT_X,POINT_Y
5624390,2012,2013-08-21,3702,2012-04-18,1025,0548,,3,5,6,3702,0,0,0,,0,013,"BAY BL","BAY BL 700",2.00,W,N,A,-,N,,,,,,,,,,N,4,0,1,2,A,-,09,21804,A,N,G,B,F,A,H,-,A,D,0,Y,,,,Y,,D,22,0,0,1,0,1,0,0,0,0,"- ","- ",,,"SAN DIEGO","CHULA VISTA",-117.09439605,32.621161610000001
5624394,2012,2013-08-21,3702,2012-04-28,2044,CV1053,,6,5,6,3702,0,0,0,,0,022,"3RD AV","PALOMAR ST",370.00,S,N,A,-,N,,,,,,,,,,N,4,0,1,2,A,-,08,22107,,N,G,B,C,A,H,-,C,D,0,Y,,,Y,Y,,F,26,0,0,1,0,1,0,0,0,0,"- ","- ",,,"SAN DIEGO","CHULA VISTA",-117.06605688,32.605819529999998
5625099,2012,2013-08-17,3702,2012-04-29,1415,CV0805,,7,5,6,3702,0,0,0,,0,013,"BAY BL","J ST",0.00,,Y,A,-,N,,,,,,,,,,N,4,0,1,2,A,-,11,21950,B,N,G,G,A,A,H,-,A,D,0,,Y,,,Y,,L,04,0,0,1,0,0,0,1,0,0,"- ","- ",,,"SAN DIEGO","CHULA VISTA",-117.09477194,32.621894769999997
5625111,2012,2013-08-17,3702,2012-04-20,1635,CV0882,,5,5,6,3702,0,0,0,,0,032,"PROCTOR VALLEY RD","ROCKING HORSE DR",12.00,N,N,A,-,N,,,,,,,,,,N,4,0,1,2,A,-,17,21208,A,N,D,G,A,A,H,-,A,A,0,,Y,,,Y,,L,04,0,0,1,0,0,0,1,0,0,"- ","- ",,,"SAN DIEGO","CHULA VISTA",-116.96564905,32.6620743
5625115,2012,2013-12-30,3702,2012-04-17,2021,CV1037,,2,5,6,3702,0,0,0,,0,031,"EAST H ST","K MART DRIVEWAY",0.00,,Y,A,-,N,,,,,,,,,,N,3,0,1,2,A,-,11,21954,A,F,G,B,D,A,H,-,C,A,0,Y,,,,Y,,N,60,0,1,0,0,1,0,0,0,0,"- ","- ",,,"SAN DIEGO","CHULA VISTA",-117.02481151000001,32.635763990000001
5625119,2012,2013-08-17,3702,2012-04-18,1615,CV0969,,3,5,6,3702,0,0,0,,0,012,"H ST","OAKLAWN AV",50.00,W,N,A,-,N,,,,,,,,,,N,4,0,1,2,A,-,10,21952,,M,G,B,F,A,H,-,A,A,0,Y,,,,Y,,A,01,0,0,1,0,1,0,0,0,0,"- ","- ",,,"SAN DIEGO","CHULA VISTA",-117.09277414,32.629958299999998
5625225,2012,2013-09-21,3701,2012-05-12,1108,5241,1,6,5,5,3701,0,0,0,,0,001,"HARDING ST","CARLSBAD VILLAGE DR",0.00,,Y,A,-,N,,,,,,,,,,N,4,0,1,2,A,-,08,22107,,N,D,G,A,A,H,-,A,A,0,,Y,,,Y,,A,01,0,0,1,0,0,0,1,0,0,"- ","- ",,,"SAN DIEGO",CARLSBAD,-117.34462200999999,33.161944820000002
5625265,2012,2013-09-21,3702,2012-05-12,2330,CV0924,,6,5,6,3702,0,0,0,,0,024,"ENTERTAINMENT CIRCLE","HERITAGE RD",600.00,W,N,A,-,N,,,,,,,,,,N,4,0,1,2,A,-,21,22106,,N,G,B,E,A,H,-,C,D,0,Y,,,,Y,Y,A,07,0,0,1,0,1,0,0,0,0,"- ","- ",,,"SAN DIEGO","CHULA VISTA",-117.00474500999999,32.58650257
5627541,2012,2013-09-21,3711,2012-05-22,1534,5985,,2,5,7,3711,0,0,0,,0,511,"MAIN ST","S 30TH ST",77.00,W,N,A,-,N,,,,,,,,,,Y,3,0,2,3,A,-,06,21755,,N,H,G,A,A,B,-,A,D,0,,Y,,,Y,,A,01,0,2,0,0,0,0,1,0,0,"- ","- ",,,"SAN DIEGO","SAN DIEGO",-117.12972133,32.692813610000002
5628403,2012,2013-06-05,3702,2012-04-17,0747,CV0790,,2,5,6,3702,0,0,0,,0,011,"OAKLAWN AV","FLOWER ST",166.00,N,N,A,-,N,,,,,,,,,,N,4,0,1,2,A,-,09,21804,A,N,G,G,A,A,H,-,A,D,0,,Y,,,Y,,A,01,0,0,1,0,0,0,1,0,0,"- ","- ",,,"SAN DIEGO","CHULA VISTA",-117.09737835999999,32.642617100000002
5628407,2012,2013-06-05,3702,2012-04-14,2202,CV1040,,6,5,6,3702,0,0,0,,0,012,"H ST","WOODLAWN AV",110.00,E,N,B,-,N,,,,,,,,,,N,4,0,1,2,A,-,09,21804,A,F,G,B,A,A,H,-,C,D,0,,Y,,,Y,,A,01,0,0,1,0,0,0,1,0,0,"- ","- ",,,"SAN DIEGO","CHULA VISTA",-117.09355246,32.629735820000001
5628444,2012,2014-01-09,3700,2012-04-14,1315,SH1471,,6,5,3,3783,0,0,0,,0,273,"RT 101","LOMAS SANTA FE DR",62.00,N,N,B,-,N,,,,,,,,,,N,3,0,1,2,A,-,08,22107,,N,B,G,A,A,H,-,A,A,0,,Y,,,Y,,A,01,0,1,0,0,0,0,1,0,0,"- ","- ",,,"SAN DIEGO","SOLANA BEACH",-117.27179336,32.991991030000001
5628448,2012,2013-06-26,3700,2012-04-15,1511,SH3650,,7,5,3,3783,0,0,0,,0,273,"RT 101","DAHLIA ST",327.00,N,N,A,-,N,,,,,,,,,,N,4,0,1,2,A,-,05,21650,1,N,B,G,A,A,H,-,A,D,0,,Y,,,Y,,L,04,0,0,1,0,0,0,1,0,0,"- ","- ",,,"SAN DIEGO","SOLANA BEACH",-117.2709382,32.988273649999996
5628452,2012,2013-06-06,3700,2012-04-29,0948,SH3650,,7,5,3,3783,0,0,0,,0,273,"LOMAS SANTA FE RD","RIOS AV",77.00,E,N,A,-,N,,,,,,,,,,N,3,0,1,2,A,-,08,22107,,N,D,G,A,A,H,-,A,A,0,,Y,,,Y,,A,01,0,1,0,0,0,0,1,0,0,"- ","- ",,,"SAN DIEGO","SOLANA BEACH",-117.26926268,32.992306820000003
5628665,2012,2013-08-31,9650,2012-05-12,1030,16485,,6,1,9,3700,0,3,5,,2,231,"BEAR VALLEY PKWY","SUNSET DR",2640.00,S,N,A,-,N,,,,,,,,,,N,3,0,1,1,A,-,08,22107,,N,H,G,A,A,H,-,A,D,0,,Y,,,Y,,L,04,0,1,0,0,0,0,1,0,0,"- ","- ",33.090580000000003,-117.05856,"SAN DIEGO",UNINCORPORATED,-117.0576015,33.086666870000002
5629320,2012,2013-07-27,3702,2012-03-12,1714,CV0969,,1,5,6,3702,0,0,0,,0,011,"C ST","5TH AV",0.00,,Y,A,-,N,,,,,,,,,,N,4,0,1,2,A,-,05,21650,,N,D,G,A,A,D,-,A,A,0,,Y,,,Y,,L,04,0,0,1,0,0,0,1,0,0,"- ","- ",,,"SAN DIEGO","CHULA VISTA",-117.09209199,32.649394870000002
5629334,2012,2013-06-08,3702,2012-01-05,1743,CV0967,,4,5,6,3702,0,0,0,,0,031,"OTAY LAKES RD","ELMHURST ST",0.00,,Y,A,-,N,,,,,,,,,,N,2,0,1,2,A,-,11,21954,A,F,B,B,D,A,H,-,C,A,0,Y,,,,Y,,N,60,1,0,0,0,1,0,0,0,0,"- ","- ",,,"SAN DIEGO","CHULA VISTA",-116.99580197,32.643014780000001
5629402,2012,2013-12-30,3700,2012-04-20,0048,SH4791,,5,5,5,3782,0,0,0,,0,240,"RT 101","SEASIDE STATE BEACH",0.00,,N,A,-,N,,,,,,,,,,Y,2,0,2,2,A,-,01,23153,A,N,G,B,E,A,H,-,D,D,0,Y,,,,Y,Y,A,01,1,1,0,0,1,0,0,0,0,"- ","- ",,,"SAN DIEGO",ENCINITAS,,
5630839,2012,2014-02-07,9645,2012-05-11,1855,19322,,5,2,7,3711,0,1,1,,2,021,"RT 15","OCEAN VIEW BL",12.00,N,N,A,-,Y,SD,11,15,-,R,0.666,R,3,S,N,3,0,1,2,A,-,10,21950,A,N,G,B,B,A,H,-,A,A,1,Y,,,,Y,,A,01,0,1,0,0,1,0,0,0,0,FR,"- ",32.701479999999997,-117.1219,"SAN DIEGO","SAN DIEGO",-117.12107586,32.696931509999999
5630867,2012,2013-09-05,3700,2012-05-05,2116,3379,,6,5,4,3720,0,0,0,,0,606,"LEMON GROVE AV","MASSACHUSETTS AV",0.00,,Y,A,-,N,,,,,,,,,,N,3,0,1,2,A,-,10,21950,A,N,G,B,B,A,H,-,C,A,0,Y,,,,Y,,A,01,0,1,0,0,1,0,0,0,0,"- ","- ",,,"SAN DIEGO","LEMON GROVE",-117.03880196999999,32.72406488
5630871,2012,2013-09-04,3700,2012-05-08,1940,3379,,2,5,4,3720,0,0,0,,0,606,"LEMON GROVE AV","MASSACHUSETTS AV",0.00,,Y,A,-,N,,,,,,,,,,N,3,0,1,2,A,-,11,21950,B,N,G,B,B,A,H,-,C,A,0,Y,,,,Y,,N,60,0,1,0,0,1,0,0,0,0,"- ","- ",,,"SAN DIEGO","LEMON GROVE",-117.03880196999999,32.72406488
5630934,2012,2013-08-31,3709,2012-05-28,1612,457,SOUTH,1,5,5,3709,0,0,0,,0,024,"D AV","EAST 24TH ST",0.00,,Y,A,-,N,,,,,,,,,,N,4,0,1,2,A,-,05,21202,A,N,D,G,A,A,H,-,A,A,0,,Y,,,Y,,L,04,0,0,1,0,0,0,1,0,0,"- ","- ",,,"SAN DIEGO","NATIONAL CITY",-117.09746198000001,32.663234860000003
5631109,2012,2013-08-31,3711,2012-05-27,1746,4897,,7,5,7,3711,0,0,0,,0,811,"MEADE AV","33RD ST",0.00,,Y,A,-,N,,,,,,,,,,N,3,0,1,2,A,-,05,21650,1,N,D,G,A,A,H,-,A,A,0,,Y,,,Y,,L,04,0,1,0,0,0,0,1,0,0,"- ","- ",,,"SAN DIEGO","SAN DIEGO",-117.12220189999999,32.757204819999998
5631539,2012,2013-09-17,3711,2012-05-21,2015,6670,SD,1,5,7,3711,0,0,0,,0,243,"DOWDY DR","MIRAMAR RD",4.00,E,N,A,-,N,,,,,,,,,,N,3,0,1,2,A,-,05,21650,,N,B,G,A,A,H,-,C,A,0,,Y,,,Y,,L,04,0,1,0,0,0,0,1,0,0,"- ","- ",,,"SAN DIEGO","SAN DIEGO",-117.14549661,32.888222300000002
5631547,2012,2013-09-17,3711,2012-05-21,1938,6424,,1,5,7,3711,0,0,0,,0,441,"37TH ST","FLORENCE ST",10.00,N,N,A,-,N,,,,,,,,,,N,3,0,1,2,A,-,"- ",,,N,G,B,D,A,H,-,B,D,0,Y,,,,Y,,-,"- ",0,1,0,0,1,0,0,0,0,"- ","- ",,,"SAN DIEGO","SAN DIEGO",-117.11466188999999,32.698062149999998
5631551,2012,2013-09-17,3711,2012-05-14,1903,6738,,1,5,7,3711,0,0,0,,0,723,"JOSHUA PL","DAVES WY",96.00,N,N,A,-,N,,,,,,,,,,N,3,0,1,2,A,-,03,22350,,N,G,G,A,A,H,-,A,D,0,,Y,,,Y,,-,"- ",0,1,0,0,0,0,1,0,0,"- ","- ",,,"SAN DIEGO","SAN DIEGO",-117.04943187000001,32.580447700000001
5631555,2012,2013-09-17,3711,2012-05-22,1810,5985,,2,5,7,3711,0,0,0,,0,523,"5TH AV","L ST",0.00,,Y,A,-,N,,,,,,,,,,N,3,0,1,2,A,-,10,21950,A,N,G,B,B,A,H,-,A,D,0,Y,,,,Y,,A,01,0,1,0,0,1,0,0,0,0,"- ","- ",,,"SAN DIEGO","SAN DIEGO",-117.16033198,32.707164779999999
5631568,2012,2013-09-17,3711,2012-05-23,2132,6871,,3,5,7,3711,0,0,0,,0,824,"EUCLID AV","MONROE AV",0.00,,Y,B,-,N,,,,,,,,,,N,4,0,2,3,A,-,10,21950,A,N,G,B,B,A,H,-,C,A,0,Y,,,,Y,,-,"- ",0,0,2,0,2,0,0,0,0,"- ","- ",,,"SAN DIEGO","SAN DIEGO",-117.09209195,32.759004879999999
5631583,2012,2013-09-17,3711,2012-05-22,1920,4884,SDPD,2,5,7,3711,0,0,0,,0,242,"CAPICORN WY","WESTVIEW PKWY",3.00,N,N,A,-,N,,,,,,,,,,N,3,0,1,2,A,-,"- ",,,M,G,B,B,A,H,-,A,A,0,Y,,,,Y,,-,"- ",0,1,0,0,1,0,0,0,0,"- ","- ",,,"SAN DIEGO","SAN DIEGO",-117.11919229999999,32.924336160000003
5631747,2012,2013-09-21,3711,2012-05-29,1840,6104,,2,5,7,3711,0,0,0,,0,627,"1ST AV","WASHINGTON ST",120.00,S,N,A,-,N,,,,,,,,,,N,4,0,1,2,A,-,06,21750,,N,B,G,A,A,H,-,A,D,0,,Y,,,Y,,L,04,0,0,1,0,0,0,1,0,0,"- ","- ",,,"SAN DIEGO","SAN DIEGO",-117.1639119,32.749576040000001
5633354,2012,2013-08-22,3705,2012-04-24,1416,EC0130,,2,5,5,3705,0,0,0,,0,006,"EL CAJON BL","RT 8",660.00,W,N,A,-,N,,,,,,,,,,N,3,0,1,2,A,-,05,21650,1,N,D,G,A,A,H,-,A,D,0,,Y,,,Y,,L,04,0,1,0,0,0,0,1,0,0,"- ",WO,,,"SAN DIEGO","EL CAJON",-116.98304082,32.78125859
5634177,2012,2013-09-09,3711,2012-05-10,1350,6680,SANDI,4,5,7,3711,0,0,0,,0,445,"LYON ST","EUCLID AV",0.00,,Y,A,-,N,,,,,,,,,,N,4,0,1,3,A,-,09,21802,A,N,D,B,D,A,H,-,A,D,0,Y,,,,Y,,A,01,0,0,1,0,0,0,0,0,0,"- ","- ",,,"SAN DIEGO","SAN DIEGO",-117.08494191,32.720214779999999
5634178,2012,2013-09-09,3711,2012-05-10,1416,6680,SANDI,4,5,7,3711,0,0,0,,0,447,"LISE AV","LISE AV 5010",0.00,,N,A,-,N,,,,,,,,,,N,3,0,1,2,A,-,11,21954,A,N,D,B,E,A,H,-,A,D,0,Y,,,,Y,,N,60,0,1,0,0,1,0,0,0,0,"- ","- ",,,"SAN DIEGO","SAN DIEGO",-117.08623767,32.713579529999997
5634184,2012,2013-09-09,3711,2012-05-16,1532,6080,,3,5,7,3711,0,0,0,,0,526,"4TH AV","4TH AV 1400",0.00,,N,A,-,N,,,,,,,,,,N,4,0,1,1,A,-,"- ",,,N,H,G,A,A,H,-,A,D,0,,Y,,,Y,,L,04,0,0,1,0,0,0,1,0,0,"- ","- ",,,"SAN DIEGO","SAN DIEGO",-117.16113566999999,32.719878680000001
5634185,2012,2013-09-10,3711,2012-05-11,1855,5495,,5,5,7,3711,0,0,0,,0,517,BROADWAY,"20TH ST",0.00,,Y,B,-,N,,,,,,,,,,N,3,0,1,2,A,-,09,21801,A,N,D,G,A,A,H,-,A,D,0,,Y,,,Y,,-,"- ",0,1,0,0,0,0,1,0,0,"- ","- ",,,"SAN DIEGO","SAN DIEGO",-117.14589196,32.715744860000001
5634548,2012,2013-09-16,3706,2012-05-12,2000,339,ESPD,6,5,6,3706,0,0,0,,0,041,"VICKI PL","GAMBLE ST",141.00,E,N,A,-,N,,,,,,,,,,N,3,0,2,3,A,-,03,22350,,N,G,B,E,A,H,-,B,D,0,Y,,,,Y,,A,07,0,2,0,0,2,0,0,0,0,"- ","- ",,,"SAN DIEGO",ESCONDIDO,-117.08193896,33.136743010000004
5635140,2012,2013-09-06,3710,2012-05-08,1317,OC0828,,2,5,6,3710,0,0,0,,0,008,WISCONSIN,"S NEVADA",0.00,,Y,A,-,N,,,,,,,,,,N,3,0,1,2,A,-,06,21755,,N,B,G,A,A,H,-,A,A,0,,Y,,,Y,,L,04,0,1,0,0,0,0,1,0,0,"- ","- ",,,"SAN DIEGO",OCEANSIDE,-117.37094205,33.189964920000001
5635187,2012,2013-09-03,3710,2012-05-22,1530,OC1263,,2,5,6,3710,0,0,0,,0,018,"VANDEGRIFT BL","N REDONDO DR",585.00,S,N,A,-,N,,,,,,,,,,N,4,0,1,2,A,-,10,21952,,F,G,B,F,A,H,-,A,D,0,Y,,,,Y,,A,01,0,0,1,0,1,0,0,0,0,"- ","- ",,,"SAN DIEGO",OCEANSIDE,-117.29961812000001,33.253205510000001
5635199,2012,2013-09-03,3710,2012-05-23,1830,OC1349,,3,5,6,3710,0,0,0,,0,016,"LOS ARBOLITOS","EL CAMINIO REAL",575.00,W,N,A,-,N,,,,,,,,,,N,4,0,1,2,D,-,00,,,F,G,B,F,A,H,-,C,D,0,Y,,,,Y,,-,"- ",0,0,1,0,1,0,0,0,0,"- ","- ",,,"SAN DIEGO",OCEANSIDE,-117.33296618,33.228096450000002
5635345,2012,2013-08-24,3705,2012-04-09,0722,EC0252,,1,5,5,3705,0,0,0,,0,009,"S 3RD ST",WASHINGTON,14.00,N,N,A,-,N,,,,,,,,,,N,4,0,1,2,A,-,11,21456,B,N,G,B,B,A,H,-,A,A,0,Y,,,,Y,,N,60,0,0,1,0,1,0,0,0,0,"- ","- ",,,"SAN DIEGO","EL CAJON",-116.92694186999999,32.787493120000001
5636479,2012,2013-08-09,3705,2012-04-07,1553,304,,6,5,5,3705,0,0,0,,0,010,"FLETCHER PKWY",JOHNSON,375.00,E,N,A,-,N,,,,,,,,,,N,3,0,1,2,A,-,09,21804,A,N,H,G,A,A,H,-,A,D,0,,Y,,,Y,,L,04,0,1,0,0,0,0,1,0,0,"- ","- ",,,"SAN DIEGO","EL CAJON",-116.96987575,32.80766809
5636531,2012,2013-07-13,3705,2012-02-27,1956,EC0301,,1,5,5,3705,0,0,0,,0,010,"W MADISON","N JOHNSON",13.00,E,N,C,-,N,,,,,,,,,,N,4,0,1,2,D,-,00,,,N,G,B,B,B,H,-,C,A,0,Y,,,,Y,,-,"- ",0,0,1,0,1,0,0,0,0,"- ","- ",,,"SAN DIEGO","EL CAJON",-116.97101972,32.800374599999998
5636560,2012,2013-07-13,3700,2012-02-28,2320,SH2405,,2,5,5,3781,0,0,0,,0,518,"CUYAMACA ST","TOWN SQUARE",170.00,S,N,A,-,N,,,,,,,,,,N,2,0,1,2,A,-,11,21956,,N,G,B,E,A,H,-,C,D,0,Y,,,,Y,Y,N,60,1,0,0,0,1,0,0,0,0,"- ","- ",,,"SAN DIEGO",SANTEE,-116.983723,32.842925000000001
5636769,2012,2013-07-30,3705,2012-03-16,2121,EC0327,,5,5,5,3705,0,0,0,,0,010,"E MADISON AV","BALLANTYNE ST",280.00,W,N,A,-,N,,,,,,,,,,N,4,0,1,2,A,-,11,21954,A,N,G,B,D,A,H,-,C,D,0,Y,,,,Y,,N,60,0,0,1,0,1,0,0,0,0,"- ","- ",,,"SAN DIEGO","EL CAJON",-116.95907982999999,32.800874790000002
5637167,2012,2013-09-21,3711,2012-05-27,1224,6716,SANDI,7,5,7,3711,0,0,0,,0,321,"FAIRMOUNT AV","FAIRMOUNT AV 5700",0.00,,Y,A,-,N,,,,,,,,,,N,3,0,1,2,A,-,09,21453,B,N,G,B,B,A,H,-,A,A,0,Y,,,,Y,,A,01,0,1,0,0,1,0,0,0,0,"- ","- ",,,"SAN DIEGO","SAN DIEGO",-117.10155666,32.780265280000002
5637168,2012,2013-09-21,3700,2012-05-06,1257,SH7548,,7,5,5,3712,0,0,0,,0,361,"SOUTH TWIN OAKS VALLEY RD","DISCOVERY ST",0.00,,Y,A,-,N,,,,,,,,,,N,4,0,1,2,A,-,11,21456,B,N,G,B,B,A,H,-,A,A,0,Y,,,,Y,,N,60,0,0,1,0,1,0,0,0,0,"- ","- ",,,"SAN DIEGO","SAN MARCOS",-117.16453196000001,33.132294819999998
5637362,2012,2013-07-30,3705,2012-03-31,2327,RV0305,,6,5,5,3705,0,0,0,,0,006,MARSHALL,PALM,9.00,S,N,C,-,N,,,,,,,,,,N,4,0,1,2,A,-,11,21950,B,N,G,B,B,B,H,-,C,A,0,Y,,,,Y,Y,N,60,0,0,1,0,1,0,0,0,0,"- ","- ",,,"SAN DIEGO","EL CAJON",-116.97554215,32.791310129999999
5637438,2012,2013-10-05,3709,2012-06-01,1708,433,,5,5,5,3709,0,0,0,,0,021,"E 3RD ST","MPM 2522",70.00,E,N,A,-,N,,,,,,,,,,N,3,0,1,2,A,-,21,22106,,N,G,B,F,A,H,-,A,D,0,Y,,,,Y,,-,"- ",0,1,0,0,1,0,0,0,0,"- ","- ",,,"SAN DIEGO","NATIONAL CITY",,
5637443,2012,2014-01-09,3711,2012-05-22,1745,3815,,2,5,7,3711,0,0,0,,0,111,"CLAIRMONT MESA BL","DOLIVA DR",0.00,,Y,A,-,N,,,,,,,,,,N,4,0,1,2,A,-,10,21950,A,N,G,B,B,A,H,-,A,A,0,Y,,,,Y,,A,07,0,0,1,0,1,0,0,0,0,"- ","- ",,,"SAN DIEGO","SAN DIEGO",-117.17563191000001,32.834434799999997
5637450,2012,2013-09-21,3711,2012-05-31,1725,5635,,4,5,7,3711,0,0,0,,0,115,"GENESEE AV","CAMPUS POINT DR",0.00,,Y,A,-,N,,,,,,,,,,N,3,0,1,2,A,-,05,21650,1,N,D,G,A,A,H,-,A,A,0,,Y,,,Y,,L,04,0,1,0,0,0,0,1,0,0,"- ","- ",,,"SAN DIEGO","SAN DIEGO",-117.22026193000001,32.881984889999998
5637462,2012,2013-09-21,3711,2012-05-31,1030,3667,SANDI,4,5,7,3711,0,0,0,,0,446,"47TH ST","NOGAL ST",57.00,N,N,A,-,N,,,,,,,,,,N,3,0,1,2,A,-,17,22517,,N,H,G,A,A,H,-,A,D,0,,Y,,,Y,,A,01,0,1,0,0,0,0,1,0,0,"- ","- ",,,"SAN DIEGO","SAN DIEGO",-117.09365189,32.7060909
5637498,2012,2013-12-30,3711,2012-05-31,1930,6387,,4,5,7,3711,0,0,0,,0,724,"IRIS AV","IRIS AV 3100",0.00,,Y,-,-,N,,,,,,,,,,N,4,0,1,2,A,-,11,21950,B,M,G,B,C,-,-,-,-,A,0,Y,,,,Y,,-,"- ",0,0,1,0,1,0,0,0,0,"- ","- ",,,"SAN DIEGO","SAN DIEGO",-117.06673354,32.569095320000002
5637510,2012,2013-09-21,3711,2012-05-31,0919,5514,,4,5,7,3711,0,0,0,,0,313,"DAGGET ST","MERCURY ST",20.00,W,N,A,-,N,,,,,,,,,,N,3,0,1,2,A,-,11,21954,A,N,G,B,D,A,H,-,A,D,0,Y,,,,Y,,N,60,0,1,0,0,1,0,0,0,0,"- ","- ",,,"SAN DIEGO","SAN DIEGO",-117.14894679,32.823604770000003
5637519,2012,2013-09-20,3711,2012-05-31,2500,6861,,4,5,7,3711,0,0,0,,0,627,"FAIRMONT AV","FAIRMONT AV 3200",0.00,,-,A,-,N,,,,,,,,,,N,3,0,1,2,A,-,03,22350,,N,G,B,D,A,H,-,A,D,0,Y,,,,Y,,-,"- ",0,1,0,0,1,0,0,0,0,"- ","- ",,,"SAN DIEGO","SAN DIEGO",-117.10099160999999,32.738412510000003
5637900,2012,2013-10-05,3711,2012-06-02,1713,4897,,6,5,7,3711,0,0,0,,0,824,"MENLO AV","EL CAJON BL",10.00,S,N,A,-,N,,,,,,,,,,N,4,0,2,3,A,-,10,21950,A,N,G,B,B,A,H,-,A,A,0,Y,,,,Y,,D,22,0,0,2,0,2,0,0,0,0,"- ","- ",,,"SAN DIEGO","SAN DIEGO",-117.09437189000001,32.755767380000002
5638022,2012,2014-04-16,3711,2012-07-07,1824,5051,,6,5,7,3711,0,0,0,,0,116,"MORENA BL","KNOXVILLE ST",108.00,E,N,A,-,N,,,,,,,,,,N,1,1,1,2,A,-,05,21650,,N,H,G,A,A,H,-,A,D,0,,Y,Y,,Y,Y,L,04,0,0,1,0,0,1,0,0,1,"- ","- ",,,"SAN DIEGO","SAN DIEGO",-117.20356302,32.77307751
5638079,2012,2012-08-02,3711,2012-07-17,0012,3815,,2,5,7,3711,0,0,0,,0,627,"WEST WASHINGTON ST","IBIS ST",1827.00,W,N,A,-,N,,,,,,,,,,N,1,1,0,2,A,-,11,21956,A,N,G,B,E,A,H,-,D,D,0,Y,,,,Y,,N,60,0,0,0,1,0,0,0,0,0,"- ","- ",,,"SAN DIEGO","SAN DIEGO",-117.1784971,32.746545560000001
5638098,2012,2012-08-07,3711,2012-07-03,2253,5061,,2,5,7,3711,0,0,0,,0,446,"SOUTH 47TH ST","SOLOLA  AV",87.00,N,N,A,-,N,,,,,,,,,,N,1,1,0,3,A,-,08,22107,,N,H,G,A,A,H,-,C,D,0,,Y,,,Y,,L,04,0,0,0,0,0,1,0,0,0,"- ","- ",,,"SAN DIEGO","SAN DIEGO",-117.09378052,32.69384307
5638099,2012,2014-04-02,3711,2012-07-10,0922,5838,,2,5,7,3711,0,0,0,,0,522,"HARBOR DR","5TH AV",0.00,,Y,A,-,N,,,,,,,,,,N,1,1,0,2,A,-,11,21456,B,N,G,B,B,A,H,-,A,A,0,Y,,,,Y,,N,60,0,0,0,1,0,0,0,0,0,"- ","- ",,,"SAN DIEGO","SAN DIEGO",-117.16094191000001,32.706414819999999
5638200,2012,2012-08-22,3700,2012-05-08,2127,SH2784,,2,5,5,3782,0,0,0,,0,215,"NORTH EL CAMINO REAL","ENCINITAS BL",550.00,N,N,A,-,N,,,,,,,,,,N,1,1,0,2,A,-,11,21955,,N,G,B,D,A,H,-,C,A,0,Y,,,,Y,Y,N,60,0,0,0,1,0,0,0,0,0,"- ","- ",,,"SAN DIEGO",ENCINITAS,-117.25969683,33.04744153
5638223,2012,2014-04-10,3706,2012-07-29,0137,0374,ESPD,7,5,6,3706,0,0,0,,0,041,LINCOLN,"BEECH ST",0.00,,Y,B,-,N,,,,,,,,,,N,1,1,0,2,A,-,10,21950,C,F,G,B,B,A,H,-,D,D,0,Y,,,,Y,Y,A,07,0,0,0,1,0,0,0,0,0,"- ","- ",,,"SAN DIEGO",ESCONDIDO,-117.07473195999999,33.138194910000003
5638241,2012,2012-08-28,3711,2012-08-02,1924,6000,,4,5,7,3711,0,0,0,,0,615,"ROSECRANS ST","NIMITZ BL",0.00,,Y,A,-,N,,,,,,,,,,N,1,1,0,2,A,-,11,21456,B,N,G,B,B,A,H,-,B,A,0,Y,,,,Y,,N,60,0,0,0,1,0,0,0,0,0,"- ","- ",,,"SAN DIEGO","SAN DIEGO",-117.22585192,32.728564779999999
5638247,2011,2013-04-08,3705,2011-12-21,1802,EC0292,,3,5,5,3705,0,0,0,,0,009,JAMACHA,"SKYLINE LN",559.00,S,N,A,-,N,,,,,,,,,,Y,1,1,0,2,A,-,11,21954,A,N,G,B,D,A,H,-,C,D,0,Y,,,,Y,Y,N,60,0,0,0,1,0,0,0,0,0,"- ","- ",,,"SAN DIEGO","EL CAJON",-116.92789295999999,32.776343969999999