CASE_ID,ACCIDENT_YEAR,PROC_DATE,JURIS,COLLISION_DATE,COLLISION_TIME,OFFICER_ID,REPORTING_DISTRICT,DAY_OF_WEEK,CHP_SHIFT,POPULATION,CNTY_CITY_LOC,SPECIAL_COND,BEAT_TYPE,CHP_BEAT_TYPE,CITY_DIVISION_LAPD,CHP_BEAT_CLASS,BEAT_NUMBER,PRIMARY_RD,SECONDARY_RD,DISTANCE,DIRECTION,INTERSECTION,WEATHER_1,WEATHER_2,STATE_HWY_IND,CALTRANS_COUNTY,CALTRANS_DISTRICT,STATE_ROUTE,ROUTE_SUFFIX,POSTMILE_PREFIX,POSTMILE,LOCATION_TYPE,RAMP_INTERSECTION,SIDE_OF_HWY,TOW_AWAY,COLLISION_SEVERITY,NUMBER_KILLED,NUMBER_INJURED,PARTY_COUNT,PRIMARY_COLL_FACTOR,PCF_CODE_OF_VIOL,PCF_VIOL_CATEGORY,PCF_VIOLATION,PCF_VIOL_SUBSECTION,HIT_AND_RUN,TYPE_OF_COLLISION,MVIW,PED_ACTION,ROAD_SURFACE,ROAD_COND_1,ROAD_COND_2,LIGHTING,CONTROL_DEVICE,CHP_ROAD_TYPE,PEDESTRIAN_ACCIDENT,BICYCLE_ACCIDENT,MOTORCYCLE_ACCIDENT,TRUCK_ACCIDENT,NOT_PRIVATE_PROPERTY,ALCOHOL_INVOLVED,STWD_VEHTYPE_AT_FAULT,CHP_VEHTYPE_AT_FAULT,COUNT_SEVERE_INJ,COUNT_VISIBLE_INJ,COUNT_COMPLAINT_PAIN,COUNT_PED_KILLED,COUNT_PED_INJURED,COUNT_BICYCLIST_KILLED,COUNT_BICYCLIST_INJURED,COUNT_MC_KILLED,COUNT_MC_INJURED,PRIMARY_RAMP,SECONDARY_RAMP,LATITUDE,LONGITUDE,COUNTY,CITY,POINT_X,POINT_Y
5638370,2012,2012-09-13,9680,2012-07-23,2025,013686,,1,2,9,3700,0,3,5,,2,001,"PERSIMMON AV","ORO ST",118.00,E,N,A,-,N,,,,,,,,,,N,1,1,0,2,A,-,11,21954,A,N,G,B,D,A,H,-,D,A,0,Y,,,,Y,Y,N,60,0,0,0,1,0,0,0,0,0,"- ","- ",32.811549999999997,-116.93992,"SAN DIEGO",UNINCORPORATED,-116.93978919,32.811524779999999
5638426,2012,2014-04-02,9645,2012-06-10,0227,019676,,7,3,7,3711,0,1,1,,2,009,"RT 805","IMPERIAL AV",1000.00,S,N,A,-,Y,SD,11,805,-,-,11.910,H,-,N,Y,1,2,1,4,A,-,03,22350,,N,G,B,E,A,C,-,C,D,1,Y,,,,Y,,D,22,0,1,0,2,0,0,0,0,0,"- ","- ",32.694760000000002,-117.84752,"SAN DIEGO","SAN DIEGO",-117.0947432,32.697674659999997
5638450,2012,2012-10-02,9645,2012-08-07,2046,018987,,2,2,7,3711,0,1,3,,2,006,"RT 94","RT 15",260.00,W,N,A,-,Y,SD,11,94,-,-,3.120,H,-,W,N,1,1,0,2,A,-,11,21954,A,N,G,B,D,A,H,-,C,D,1,Y,,,,Y,Y,N,60,0,0,0,1,0,0,0,0,0,"- ","- ",32.717219999999998,-117.11803999999999,"SAN DIEGO","SAN DIEGO",-117.11826385000001,32.71706829
5638484,2012,2012-09-26,3711,2012-08-25,1318,4897,,6,5,7,3711,0,0,0,,0,124,"TORREY PINES RD","HIDDEN VALLEY RD",0.00,,Y,B,-,N,,,,,,,,,,N,1,1,0,2,A,-,11,21954,A,N,G,B,D,A,H,-,A,A,0,Y,,,,Y,,N,60,0,0,0,1,0,0,0,0,0,"- ","- ",,,"SAN DIEGO","SAN DIEGO",-117.25151181,32.850114349999998
5638498,2012,2012-10-02,3700,2012-08-11,2330,SH1228,,6,5,5,3782,0,0,0,,0,206,"LEUCADIA BL","TOWN CENTER PL",215.00,E,N,A,-,N,,,,,,,,,,Y,1,1,0,2,A,-,11,21954,A,N,G,B,D,A,H,-,C,D,0,Y,,,,Y,Y,N,60,0,0,0,1,0,0,0,0,0,"- ","- ",,,"SAN DIEGO",ENCINITAS,-117.26429865,33.067684890000002
5638557,2012,2014-04-15,9680,2012-08-13,1830,018136,,1,2,9,3700,0,3,5,,2,002,"CALLE VERDE","AVOCADO BL",316.00,E,N,A,-,N,,,,,,,,,,N,1,2,0,3,A,-,10,21950,A,N,G,B,C,A,H,-,A,A,0,Y,,,,Y,,A,08,0,0,0,2,0,0,0,0,0,"- ","- ",32.748309999999996,-116.96127,"SAN DIEGO",UNINCORPORATED,-116.96098778,32.748234779999997
5638588,2012,2012-10-11,3701,2012-07-26,2218,5287,121,4,5,5,3701,0,0,0,,0,008,"RANCHO SANTA FE RD","CAMINO ALVARO",753.00,N,N,A,-,N,,,,,,,,,,Y,1,1,2,3,A,-,"- ",,,N,G,B,E,A,H,-,C,D,0,Y,,,,Y,Y,N,60,0,0,2,1,0,0,0,0,0,"- ","- ",,,"SAN DIEGO",CARLSBAD,-117.24490848000001,33.070288259999998
5638613,2012,2012-10-16,3711,2012-09-17,2334,5051,,1,5,7,3711,0,0,0,,0,611,"ROSECRANS ST","SPORTS ARENA BL",47.00,S,N,A,-,N,,,,,,,,,,N,1,1,0,2,A,-,11,21954,A,N,G,B,D,A,H,-,C,D,0,Y,,,,Y,,N,60,0,0,0,1,0,0,0,0,0,"- ","- ",,,"SAN DIEGO","SAN DIEGO",-117.20500011999999,32.751390129999997
5638729,2012,2014-04-18,3700,2012-08-11,2147,SH0063,,6,5,4,3720,0,0,0,,0,601,"FEDERAL BL","CENTRAL AV",485.00,E,N,A,-,N,,,,,,,,,,Y,1,1,1,2,A,-,06,21750,,N,H,G,A,A,H,-,C,D,0,,Y,,,Y,Y,A,01,0,1,0,0,0,0,1,0,0,"- ","- ",,,"SAN DIEGO","LEMON GROVE",-117.05340678,32.737819379999998
5638791,2012,2014-04-18,3711,2012-10-13,0124,4495,,6,5,7,3711,0,0,0,,0,124,"LA JOLLA VILLAGE DR","RT 5",0.00,,Y,A,-,Y,SD,11,5,-,R,28.607,R,4,S,Y,1,1,0,2,A,-,11,21954,A,N,G,B,D,A,H,-,C,A,0,Y,,,,Y,Y,N,60,0,0,0,1,0,0,0,0,0,"- ",SF,,,"SAN DIEGO","SAN DIEGO",-117.22904187,32.875814810000001
5638817,2012,2014-04-18,3711,2012-10-15,2128,5051,,1,5,7,3711,0,0,0,,0,233,"CARMEL MOUNTAIN RD","SUNDANCE AV",0.00,,Y,A,-,N,,,,,,,,,,Y,1,2,0,2,D,-,00,,,N,G,B,B,A,H,-,C,A,0,Y,,Y,,Y,,-,"- ",0,0,0,1,0,0,0,1,0,"- ","- ",,,"SAN DIEGO","SAN DIEGO",-117.14530191999999,32.956834839999999
5638886,2012,2014-04-17,9650,2012-07-06,0100,013087,,5,3,9,3700,0,3,5,,2,070,"VIA DE LA VALLE","PASEO DELICIAS",1379.00,S,N,B,-,N,,,,,,,,,,N,1,1,0,2,A,-,08,22107,,F,G,B,E,A,H,-,D,D,0,Y,,,,Y,,D,22,0,0,0,1,0,0,0,0,0,"- ","- ",33.019570000000002,-117.19905,"SAN DIEGO",UNINCORPORATED,-117.19903441,33.019407510000001
5639050,2012,2014-04-18,9645,2012-09-08,2345,019322,,6,3,7,3711,0,1,1,,2,003,"RT 5","1ST AV",220.00,N,N,A,-,Y,SD,11,5,-,R,16.630,H,-,N,Y,1,1,1,4,A,-,11,21954,A,N,G,B,E,A,H,-,D,D,1,Y,,Y,,Y,Y,N,60,1,0,0,0,1,0,0,1,0,"- ","- ",32.724350000000001,-117.16484,"SAN DIEGO","SAN DIEGO",-117.16290298,32.72298507
5639054,2012,2012-12-14,9680,2012-10-14,1910,019273,,7,2,9,3700,0,1,3,,1,090,"RT 67","12TH ST",291.00,S,N,A,-,Y,SD,11,67,-,-,24.110,H,-,S,N,1,1,0,2,A,-,11,21954,A,N,G,B,D,A,H,-,C,D,0,Y,,,,Y,,N,60,0,0,0,1,0,0,0,0,0,"- ","- ",33.039729999999999,-116.87284,"SAN DIEGO",UNINCORPORATED,-116.87244635,33.039880490000002
5639102,2012,2012-12-20,3711,2012-11-28,0600,4823,SANDI,3,5,7,3711,0,0,0,,0,934,"CARMEL MOUNTAIN RD","EAST OCEAN AIR DR",76.50,E,N,B,-,N,,,,,,,,,,Y,1,1,0,2,A,-,11,21955,,N,G,B,D,A,H,-,C,A,0,Y,,,,Y,,N,60,0,0,0,1,0,0,0,0,0,"- ","- ",,,"SAN DIEGO","SAN DIEGO",-117.21587644,32.921405180000001
5639140,2012,2014-04-18,3700,2012-09-18,0130,SH2439,,2,5,5,3712,0,0,0,,0,355,"WEST SAN MARCOS BL","VIA VERA CRUZ",310.00,W,N,A,-,N,,,,,,,,,,N,1,1,1,2,A,-,11,21955,,N,G,B,D,A,H,-,D,D,0,Y,,,,Y,Y,N,60,0,1,0,1,0,0,0,0,0,"- ","- ",,,"SAN DIEGO","SAN MARCOS",-117.1889852,33.134581130000001
5639178,2012,2014-04-01,3706,2012-11-24,1825,339,EASPD,6,5,6,3706,0,0,0,,0,042,"WASHINGTON AV","WAVERLY PL",94.00,E,N,A,-,Y,SD,11,78,-,T,18.170,H,-,E,N,1,1,0,2,A,-,11,21954,A,N,G,B,D,A,H,-,C,D,0,Y,,,,Y,Y,N,60,0,0,0,1,0,0,0,0,0,"- ","- ",,,"SAN DIEGO",ESCONDIDO,-117.08227913,33.127451039999997
5639247,2012,2013-01-16,9650,2012-07-21,0300,018296,,6,3,9,3700,0,1,3,,2,065,"RT 76","VIA MONTELLANO",1584.00,E,N,B,-,Y,SD,11,76,-,-,14.380,H,-,W,Y,1,1,0,2,A,-,11,21954,A,N,G,B,D,A,D,-,D,D,0,Y,,,,Y,Y,N,60,0,0,0,1,0,0,0,0,0,"- ","- ",33.278649999999999,-117.22873,"SAN DIEGO",UNINCORPORATED,-117.19659346,33.314942850000001
5639249,2013,2013-01-17,3711,2013-01-03,1750,6000,,4,5,7,3711,0,0,0,,0,114,"CLAIREMONT MESA BL","RT 805",196.00,W,N,A,-,N,,,,,,,,,,N,1,1,0,2,A,-,08,22107,,N,H,G,A,A,H,-,C,D,0,,Y,,,Y,,L,04,0,0,0,0,0,1,0,0,0,"- ",SO,,,"SAN DIEGO","SAN DIEGO",-117.17044180000001,32.833691799999997
5639259,2012,2013-01-22,9645,2012-09-07,1345,016766,,5,1,7,3711,0,1,1,,2,011,"RT 805","HOME AV",528.00,N,N,A,-,Y,SD,11,805,-,-,13.689,R,2,N,N,1,1,1,3,A,-,08,22107,,F,G,B,E,A,H,-,A,D,1,Y,,,,Y,,A,01,1,0,0,1,1,0,0,0,0,TO,"- ",32.722059999999999,-117.10222,"SAN DIEGO","SAN DIEGO",-117.10250182999999,32.720624790000002
5639318,2012,2013-01-23,3711,2012-12-23,1857,4656,"SAN D",7,5,7,3711,0,0,0,,0,723,"PICADOR BL","AREY DR",0.00,,Y,A,-,N,,,,,,,,,,Y,1,1,0,2,A,-,11,21456,B,N,G,B,B,A,H,-,C,A,0,Y,,,,Y,,N,60,0,0,0,1,0,0,0,0,0,"- ","- ",,,"SAN DIEGO","SAN DIEGO",-117.05883190999999,32.578544829999998
5639338,2011,2013-01-18,3710,2011-05-05,1100,OC1236,,4,5,6,3710,0,0,0,,0,018,"NORTH RIVER RD","CALLE MONTECITO",25.00,E,N,A,-,N,,,,,,,,,,N,1,1,0,2,A,-,10,21950,A,N,G,B,B,A,H,-,A,A,0,Y,,,,Y,Y,D,22,0,0,0,1,0,0,0,0,0,"- ","- ",,,"SAN DIEGO",OCEANSIDE,-117.30867238,33.245399890000002
5639342,2012,2014-04-14,9650,2012-12-04,0318,016997,,2,3,9,3700,0,3,5,,2,010,"OLD HWY 101","BASILONE RD",950.00,S,N,B,-,N,,,,,,,,,,N,1,1,0,2,A,-,11,21954,A,N,G,B,D,A,H,-,D,D,0,Y,,,,Y,Y,N,60,0,0,0,1,0,0,0,0,0,"- ","- ",33.383459999999999,-117.58076,"SAN DIEGO",UNINCORPORATED,-117.58287718,33.38397397
5639344,2012,2013-01-28,9645,2012-05-19,2209,019712,,6,3,7,3711,0,1,1,,2,010,"RT 8","SPORTS ARENA BL",2640.00,E,N,B,-,Y,SD,11,8,-,L,1.780,H,-,E,Y,1,1,0,2,A,-,11,21954,A,N,G,B,E,A,H,-,D,D,1,Y,,,,Y,,N,60,0,0,0,1,0,0,0,0,0,"- ","- ",32.758330000000001,-117.21463,"SAN DIEGO","SAN DIEGO",-117.21364813,32.758392780000001
5639384,2012,2014-04-03,3702,2012-10-12,0742,CV0944,,5,5,6,3702,0,0,0,,0,014,"E ST","3RD AV",94.00,W,N,A,-,N,,,,,,,,,,N,1,1,0,2,A,-,11,21954,A,N,G,B,D,A,H,-,A,A,0,Y,,,,Y,,N,60,0,0,0,1,0,0,0,0,0,"- ","- ",,,"SAN DIEGO","CHULA VISTA",-117.08205993,32.644501669999997
5639436,2012,2014-04-17,3700,2012-12-27,1930,SH2439,,4,5,5,3713,0,0,0,,0,303,"EAST VISTA WY","MONTE MAR RD",70.00,S,N,A,-,N,,,,,,,,,,Y,1,1,0,2,A,-,11,21954,A,N,G,B,D,A,H,-,C,D,0,Y,,,Y,Y,,N,60,0,0,0,1,0,0,0,0,0,"- ","- ",,,"SAN DIEGO",VISTA,-117.22612941,33.219353060000003
5639500,2012,2013-02-06,9650,2012-09-16,0605,016490,,7,1,9,3700,0,3,5,,2,211,"WOODS VALLEY RD","COOL WATER RANCH RD",0.00,,Y,A,-,N,,,,,,,,,,Y,1,1,1,2,A,-,14,21201,D,N,H,G,A,A,H,-,D,D,0,,Y,,,Y,,L,04,0,1,0,0,0,1,0,0,0,"- ","- ",33.203699999999998,-116.99127,"SAN DIEGO",UNINCORPORATED,-116.99122202,33.203674939999999
5639567,2012,2013-02-20,9645,2012-12-13,0655,015676,,4,1,7,3711,1,1,1,,2,011,"RT 805","EL CAJON BL",2.00,N,N,C,-,Y,SD,11,805,-,-,16.430,H,-,S,Y,1,1,1,3,A,-,03,22350,,N,G,B,E,B,H,-,A,D,1,Y,,,,Y,,A,01,0,0,1,1,0,0,0,0,0,"- ","- ",32.755270000000003,-117.12521,"SAN DIEGO","SAN DIEGO",-117.12508353,32.755153700000001
5639592,2012,2014-04-17,3700,2012-12-31,1958,SH5502,,1,5,5,3713,0,0,0,,0,309,"NORTH MELROSE DR","ASCOT DR",172.00,N,N,A,-,N,,,,,,,,,,Y,1,1,0,3,A,-,11,21954,A,N,G,B,D,A,H,-,C,D,0,Y,,,,Y,,N,60,0,0,0,1,0,0,0,0,0,"- ","- ",,,"SAN DIEGO",VISTA,-117.25555445000001,33.200741479999998
5639604,2013,2015-01-14,3711,2013-02-01,1816,6000,,5,5,7,3711,0,0,0,,0,446,"SOUTH 47TH ST","SOLOLA  AV",288.00,N,N,A,-,N,,,,,,,,,,Y,1,1,0,2,A,-,11,21954,A,N,G,B,D,A,H,-,D,D,0,Y,,,,Y,Y,N,60,0,0,0,1,0,0,0,0,0,"- ","- ",,,"SAN DIEGO","SAN DIEGO",-117.09377739999999,32.694393599999998
5639619,2013,2013-03-11,9680,2013-01-19,0410,019936,,6,3,9,3700,0,1,1,,2,083,"RT 8","LAKE JENNINGS PARK RD",5808.00,E,N,A,-,Y,SD,11,8,-,R,23.000,H,-,E,Y,1,1,0,4,A,-,01,23152,A,N,G,B,E,A,H,-,D,D,1,Y,,,,Y,Y,D,22,0,0,0,1,0,0,0,0,0,"- ","- ",32.853059999999999,-116.86512,"SAN DIEGO",UNINCORPORATED,-116.864564,32.853113
5639709,2012,2014-04-15,3702,2012-10-24,1846,CV0777,,3,5,6,3702,0,0,0,,0,014,"NACION AV","TAMAYO DR",76.00,N,N,A,-,N,,,,,,,,,,Y,1,1,0,2,A,-,11,21954,A,N,G,B,E,A,H,-,D,D,0,Y,,,,Y,,N,60,0,0,0,1,0,0,0,0,0,"- ","- ",,,"SAN DIEGO","CHULA VISTA",-117.04678885,32.629863540000002
5639726,2013,2015-01-14,3711,2013-02-06,1940,3792,3711,3,5,7,3711,0,0,0,,0,451,"54TH ST","COLLEGE GROVE DR",162.00,S,N,A,-,N,,,,,,,,,,Y,1,1,1,2,A,-,11,21954,A,N,G,B,D,A,H,-,C,D,0,Y,,Y,,Y,Y,N,60,0,0,1,1,0,0,0,0,1,"- ","- ",,,"SAN DIEGO","SAN DIEGO",-117.0796697,32.735391100000001
5639762,2012,2013-03-06,3705,2012-09-03,2132,EC0085,,1,5,5,3705,0,0,0,,0,010,"FLETCHER PKWY",JOHNSON,19.00,E,N,A,-,N,,,,,,,,,,Y,1,1,0,2,A,-,11,21456,B,N,G,B,B,A,H,-,C,A,0,Y,,,,Y,,N,60,0,0,0,1,0,0,0,0,0,"- ","- ",,,"SAN DIEGO","EL CAJON",-116.97103026000001,32.807664950000003
5639817,2013,2015-01-15,3711,2013-02-18,1937,4243,,1,5,7,3711,0,0,0,,0,242,"MIRA MESA BL","WESTVIEW PKWY",611.00,W,N,A,-,N,,,,,,,,,,Y,1,1,0,2,A,-,11,21954,A,N,G,B,D,A,H,-,C,D,0,Y,,,,Y,Y,N,60,0,0,0,1,0,0,0,0,0,"- ","- ",,,"SAN DIEGO","SAN DIEGO",-117.122654,32.917254800000002
5639818,2013,2013-03-14,3711,2013-02-01,1143,3661,SANDI,5,5,7,3711,0,0,0,,0,937,"CAMINO DEL SUR","VIA VERRAZZANO",0.00,,Y,A,-,N,,,,,,,,,,Y,1,1,1,3,A,-,12,21453,A,N,G,B,B,A,H,-,A,A,0,Y,,,,Y,,A,07,1,0,0,1,1,0,0,0,0,"- ","- ",,,"SAN DIEGO","SAN DIEGO",-117.15929031,32.990073580000001
5639826,2013,2013-05-22,3709,2013-01-05,1823,393,NCPD,6,5,5,3709,0,0,0,,0,023,"EAST 20TH ST","HIGHLAND AV",0.00,,Y,A,-,N,,,,,,,,,,Y,1,1,0,2,A,-,03,22350,,F,G,B,D,A,H,-,C,D,0,Y,,,,Y,,A,08,0,0,0,1,0,0,0,0,0,"- ","- ",,,"SAN DIEGO","NATIONAL CITY",-117.09476189999999,32.667714799999999
5639840,2012,2013-03-19,3702,2012-12-09,1801,CV0967,,7,5,6,3702,0,0,0,,0,014,"4TH AV","C ST",300.00,S,N,A,-,N,,,,,,,,,,Y,1,2,0,3,A,-,03,22350,,N,G,B,D,A,H,-,C,D,0,Y,,,,Y,Y,A,01,0,0,0,2,0,0,0,0,0,"- ","- ",,,"SAN DIEGO","CHULA VISTA",-117.08771623,32.649754770000001
5639879,2013,2013-03-27,3711,2013-02-04,1826,5916,,1,5,7,3711,0,0,0,,0,116,"CLAIRMONT DR","UTE DR",276.00,S,N,B,-,N,,,,,,,,,,Y,1,1,1,2,A,-,"- ",,,N,G,B,D,A,H,-,C,D,0,Y,,Y,,Y,,N,60,0,1,0,1,0,0,0,0,1,"- ","- ",,,"SAN DIEGO","SAN DIEGO",-117.20105169999999,32.808548700000003
5639925,2013,2013-03-20,3711,2013-02-16,2221,4823,SANDI,6,5,7,3711,0,0,0,,0,122,"MISSION BAY DR","DAMON AV",0.00,,Y,A,-,N,,,,,,,,,,Y,1,1,0,2,A,-,11,21954,A,N,G,B,D,A,H,-,C,A,0,Y,,,,Y,Y,N,60,0,0,0,1,0,0,0,0,0,"- ","- ",,,"SAN DIEGO","SAN DIEGO",-117.21940189999999,32.807494800000001
5639956,2013,2015-01-13,9650,2013-01-20,1908,15738,,7,2,9,3700,0,1,3,,1,028,"RT 76","PAUMA RESERVATION RD",5280.00,W,N,A,-,Y,SD,11,76,-,-,27.990,H,-,E,Y,1,1,0,2,C,-,18,,,N,G,B,E,A,H,-,D,D,0,Y,,,,Y,Y,-,"- ",0,0,0,1,0,0,0,0,0,"- ","- ",33.340389999999999,-117.0117,"SAN DIEGO",UNINCORPORATED,-117.0070717,33.338171099999997
5640902,2012,2013-08-10,3711,2012-04-28,1750,5840,,6,5,7,3711,0,0,0,,0,625,"SAN DIEGO  AV",HARNEY,150.00,S,N,A,-,N,,,,,,,,,,N,3,0,1,2,-,-,"- ",,,N,H,G,A,A,H,-,A,D,0,,Y,,,Y,,-,"- ",0,1,0,0,0,0,1,0,0,"- ","- ",,,"SAN DIEGO","SAN DIEGO",-117.19453974,32.752531789999999
5641305,2012,2013-09-24,3706,2012-05-23,1450,0424,,3,5,6,3706,0,0,0,,0,056,"CITRUS AV",PATTERSON,0.00,,Y,A,-,N,,,,,,,,,,N,3,0,1,2,A,-,09,21801,A,N,B,G,A,A,H,-,A,D,0,,Y,,,Y,,A,01,0,1,0,0,0,0,1,0,0,"- ","- ",,,"SAN DIEGO",ESCONDIDO,-117.03910191,33.13303492
5641309,2012,2013-09-24,3706,2012-05-18,2034,342,ESPD,5,5,6,3706,0,0,0,,0,044,"WASHINGTON AV","CAMELLIA ST",54.00,W,N,A,-,N,,,,,,,,,,N,3,0,1,2,A,-,11,21954,A,F,G,B,D,A,H,-,D,D,0,Y,,,,Y,,N,60,0,1,0,0,1,0,0,0,0,"- ","- ",,,"SAN DIEGO",ESCONDIDO,-117.05754612,33.139320220000002
5644123,2012,2013-10-08,3711,2012-06-02,1206,6276,,6,5,7,3711,0,0,0,,0,627,"PARK BL","BROOKS AV",0.00,,Y,A,-,N,,,,,,,,,,N,4,0,1,2,A,-,09,21801,A,N,D,G,A,A,B,-,A,D,0,,Y,,,Y,,-,"- ",0,0,1,0,0,0,1,0,0,"- ","- ",,,"SAN DIEGO","SAN DIEGO",-117.14757197,32.743254829999998
5644124,2012,2014-01-07,3711,2012-06-04,1653,5865,,1,5,7,3711,0,0,0,,0,311,"MURPHY CANYON RD","RT 5",0.00,,Y,A,-,Y,SD,11,15,-,R,7.535,R,4,S,N,3,0,1,2,A,-,09,21801,A,N,D,G,A,A,H,-,-,D,0,,Y,,,Y,,A,01,0,1,0,0,0,0,1,0,0,"- ","- ",,,"SAN DIEGO","SAN DIEGO",-117.11247184,32.797304799999999
5644131,2012,2013-10-08,3711,2012-06-03,1016,6787,,7,5,7,3711,0,0,0,,0,521,"E ST","16TH ST",35.00,E,N,B,-,N,,,,,,,,,,N,3,0,1,2,A,-,17,21657,,N,D,G,A,A,H,-,A,A,0,,Y,,,Y,Y,L,04,0,1,0,0,0,0,1,0,0,"- ","- ",,,"SAN DIEGO","SAN DIEGO",-117.14938853,32.71471227
5644136,2012,2013-10-19,3711,2012-06-03,0935,6243,,7,5,7,3711,0,0,0,,0,123,"MISSION BAY","QUIVIRA ACCESS",0.00,,Y,B,-,N,,,,,,,,,,N,3,0,1,2,A,-,05,21650,1,N,G,G,A,A,H,-,A,A,0,,Y,,,Y,,L,04,0,1,0,0,0,0,1,0,0,"- ","- ",,,"SAN DIEGO","SAN DIEGO",-117.23791994,32.765470049999998
5644140,2012,2013-10-19,3711,2012-06-05,2149,6839,,2,5,7,3711,0,0,0,,0,242,"BLACK MOUNTAIN RD","MIRA MESA BL",0.00,,Y,A,-,N,,,,,,,,,,N,3,0,1,2,A,-,05,21650,1,N,B,G,A,A,H,-,C,A,0,,Y,,,Y,,-,"- ",0,1,0,0,0,0,1,0,0,"- ","- ",,,"SAN DIEGO","SAN DIEGO",-117.12492191,32.917214899999998
5644156,2012,2014-01-27,3711,2012-06-04,1544,6003,,1,5,7,3711,0,0,0,,0,444,"MARKET ST","RT 805",1.00,W,N,A,-,Y,SD,11,805,-,-,12.779,R,4,N,N,3,0,1,2,A,-,09,21453,B,N,G,B,B,A,H,-,A,A,0,Y,,,,Y,,-,"- ",0,1,0,0,1,0,0,0,0,"- ","- ",,,"SAN DIEGO","SAN DIEGO",-117.09722853,32.707979180000002
5644160,2012,2013-10-19,3711,2012-06-02,2250,6236,,6,5,7,3711,0,0,0,,0,437,"PARADISE VALLEY RD","WOODMAN ST",300.00,E,N,A,-,N,,,,,,,,,,N,4,0,1,2,A,-,09,21804,A,N,H,G,A,A,H,-,C,D,0,,Y,,,Y,,-,"- ",0,0,1,0,0,0,1,0,0,"- ","- ",,,"SAN DIEGO","SAN DIEGO",-117.04566525,32.689206970000001
5645032,2012,2013-09-27,3711,2012-06-01,1824,5985,,5,5,7,3711,0,0,0,,0,521,"J ST","400 14TH ST",0.00,,Y,B,-,N,,,,,,,,,,N,4,0,1,2,A,-,10,21950,A,N,G,B,B,A,H,-,A,A,0,Y,,,,Y,Y,A,01,0,0,1,0,1,0,0,0,0,"- ","- ",,,"SAN DIEGO","SAN DIEGO",-117.15188993,32.70943003
5645361,2012,2014-01-30,9645,2012-05-27,2350,14625,,7,3,7,3711,0,1,1,,2,005,"RT 5","MORENA BL",600.00,W,N,A,-,Y,SD,11,5,-,R,19.830,R,2,N,N,2,0,1,2,A,-,11,21954,A,N,G,B,D,A,H,-,D,D,1,Y,,,,Y,Y,N,60,1,0,0,0,1,0,0,0,0,TO,"- ",32.75929,-117.19967,"SAN DIEGO","SAN DIEGO",-117.19962538,32.753530480000002
5645405,2012,2013-12-30,9680,2012-05-19,2030,18734,,6,2,9,3700,0,2,4,,1,011,"RT 8","LOS COCHES RD",2112.00,E,N,A,-,N,,,,,,,,,,N,3,0,1,2,A,-,11,21954,A,N,G,B,E,A,H,-,D,D,0,Y,,,,Y,,N,60,0,1,0,0,1,0,0,0,0,"- ","- ",32.839300000000001,-116.89507999999999,"SAN DIEGO",UNINCORPORATED,-116.8982713,32.83053555
5645603,2012,2013-09-14,3711,2012-05-27,1435,5380,,7,5,7,3711,0,0,0,,0,528,"UNION ST","W BEECH",0.00,,Y,A,-,N,,,,,,,,,,N,3,0,1,2,A,-,10,21950,A,N,A,B,B,A,H,-,A,A,0,Y,,,,Y,,-,"- ",0,1,0,0,1,0,0,0,0,"- ","- ",,,"SAN DIEGO","SAN DIEGO",-117.16566201000001,32.72086487
5645704,2012,2013-09-21,3711,2012-05-18,2310,5791,,5,5,7,3711,0,0,0,,0,122,"PACIFIC BEACH DR","BAYARD ST",200.00,E,N,A,-,N,,,,,,,,,,N,3,0,1,2,A,-,05,21650,1,N,A,G,A,A,H,-,D,D,0,,Y,,,Y,Y,L,04,0,1,0,0,0,0,1,0,0,"- ","- ",,,"SAN DIEGO","SAN DIEGO",-117.25131553999999,32.791467300000001
5645708,2012,2013-09-21,3711,2012-05-22,1530,6815,SANDE,2,5,7,3711,0,0,0,,0,934,"VALERIO GATE","DEL MAR HEIGHTS RD",0.00,,Y,A,-,N,,,,,,,,,,N,3,0,1,2,A,-,05,21650,1,N,D,G,A,A,H,-,A,A,0,,Y,,,Y,,L,04,0,1,0,0,0,0,1,0,0,"- ","- ",,,"SAN DIEGO","SAN DIEGO",-117.20114996,32.961450050000003
5645715,2012,2013-09-14,3711,2012-05-26,1541,5051,,6,5,7,3711,0,0,0,,0,624,"FLORIDA ST","EL CAJON BL",48.00,S,N,A,-,N,,,,,,,,,,N,3,0,1,2,A,-,09,21804,A,N,D,G,A,A,H,-,A,A,0,,Y,,,Y,,A,07,0,1,0,0,0,0,1,0,0,"- ","- ",,,"SAN DIEGO","SAN DIEGO",-117.1437919,32.75519328
5645716,2012,2013-09-21,3711,2012-05-15,1638,6461,SANDI,2,5,7,3711,0,0,0,,0,122,"KENDALL ST",ROOSEVELT,250.00,N,N,A,-,N,,,,,,,,,,N,3,0,1,2,A,-,03,22350,,N,E,B,D,A,H,-,A,D,0,Y,,,,Y,,-,"- ",0,1,0,0,1,0,0,0,0,"- ","- ",,,"SAN DIEGO","SAN DIEGO",-117.23462351000001,32.792008170000003