CASE_ID,ACCIDENT_YEAR,PROC_DATE,JURIS,COLLISION_DATE,COLLISION_TIME,OFFICER_ID,REPORTING_DISTRICT,DAY_OF_WEEK,CHP_SHIFT,POPULATION,CNTY_CITY_LOC,SPECIAL_COND,BEAT_TYPE,CHP_BEAT_TYPE,CITY_DIVISION_LAPD,CHP_BEAT_CLASS,BEAT_NUMBER,PRIMARY_RD,SECONDARY_RD,DISTANCE,DIRECTION,INTERSECTION,WEATHER_1,WEATHER_2,STATE_HWY_IND,CALTRANS_COUNTY,CALTRANS_DISTRICT,STATE_ROUTE,ROUTE_SUFFIX,POSTMILE_PREFIX,POSTMILE,LOCATION_TYPE,RAMP_INTERSECTION,SIDE_OF_HWY,TOW_AWAY,COLLISION_SEVERITY,NUMBER_KILLED,NUMBER_INJURED,PARTY_COUNT,PRIMARY_COLL_FACTOR,PCF_CODE_OF_VIOL,PCF_VIOL_CATEGORY,PCF_VIOLATION,PCF_VIOL_SUBSECTION,HIT_AND_RUN,TYPE_OF_COLLISION,MVIW,PED_ACTION,ROAD_SURFACE,ROAD_COND_1,ROAD_COND_2,LIGHTING,CONTROL_DEVICE,CHP_ROAD_TYPE,PEDESTRIAN_ACCIDENT,BICYCLE_ACCIDENT,MOTORCYCLE_ACCIDENT,TRUCK_ACCIDENT,NOT_PRIVATE_PROPERTY,ALCOHOL_INVOLVED,STWD_VEHTYPE_AT_FAULT,CHP_VEHTYPE_AT_FAULT,COUNT_SEVERE_INJ,COUNT_VISIBLE_INJ,COUNT_COMPLAINT_PAIN,COUNT_PED_KILLED,COUNT_PED_INJURED,COUNT_BICYCLIST_KILLED,COUNT_BICYCLIST_INJURED,COUNT_MC_KILLED,COUNT_MC_INJURED,PRIMARY_RAMP,SECONDARY_RAMP,LATITUDE,LONGITUDE,COUNTY,CITY,POINT_X,POINT_Y
5683925,2012,2013-09-28,3711,2012-06-10,1800,5423,,7,5,7,3711,0,0,0,,0,613,"ADRIAN ST","ADRIAN ST 2800",0.00,,N,A,-,N,,,,,,,,,,N,3,0,1,2,A,-,09,21804,A,N,H,G,A,-,A,H,A,D,0,,Y,,,Y,,L,04,0,1,0,0,0,0,1,0,0,"- ","- ",,,"SAN DIEGO","SAN DIEGO",-117.22600579,32.750711359999997
5683937,2012,2013-09-28,3711,2012-06-02,1311,4495,,6,5,7,3711,0,0,0,,0,623,"FRIARS RD","FRESNO ST",5.00,E,N,A,-,N,,,,,,,,,,N,3,0,1,2,A,-,09,21804,A,N,H,G,A,A,H,-,A,D,0,,Y,,,Y,,A,08,0,1,0,0,0,0,1,0,0,"- ","- ",,,"SAN DIEGO","SAN DIEGO",-117.18730726,32.765600630000002
5683953,2012,2013-09-28,3711,2012-06-10,1414,6657,,7,5,7,3711,0,0,0,,0,,"7TH AV","ISLAND AV",15.00,N,N,A,-,N,,,,,,,,,,N,3,0,1,2,A,-,12,22450,A,N,H,G,A,A,H,-,A,D,0,,Y,,,Y,,L,04,0,1,0,0,0,0,1,0,0,"- ","- ",,,"SAN DIEGO","SAN DIEGO",-117.15833112999999,32.710445849999999
5683965,2012,2013-09-28,3711,2012-06-07,1855,6376,,4,5,7,3711,0,0,0,,0,446,"LOGAN AV","SOUTH 47TH ST",0.00,,Y,A,-,N,,,,,,,,,,N,3,0,1,2,A,-,10,21950,A,N,G,B,B,A,H,-,A,A,0,Y,,,,Y,,-,"- ",0,1,0,0,1,0,0,0,0,"- ","- ",,,"SAN DIEGO","SAN DIEGO",-117.09376199,32.696784839999999
5683973,2012,2013-09-26,3711,2012-06-08,1820,6665,,5,5,7,3711,0,0,0,,0,242,"MIRA MESA BL","WESTMORE RD",10.00,W,N,A,-,N,,,,,,,,,,N,3,0,1,2,A,-,08,22107,,N,G,B,B,A,H,-,A,A,0,Y,,,,Y,,-,"- ",0,1,0,0,1,0,0,0,0,"- ","- ",,,"SAN DIEGO","SAN DIEGO",-117.12996627,32.916176669999999
5683997,2012,2013-09-26,3711,2012-06-11,0845,4806,,1,5,7,3711,0,0,0,,0,123,"FIESTA ISLAND RD","FIESTA ISLAND RD 900",0.00,,-,B,-,N,,,,,,,,,,N,4,0,1,1,A,-,03,22350,,N,H,G,A,A,H,-,A,D,0,,Y,,,Y,,L,04,0,0,1,0,0,0,1,0,0,"- ","- ",,,"SAN DIEGO","SAN DIEGO",-117.21671104000001,32.788780789999997
5684261,2012,2013-09-11,3706,2012-05-29,1449,286,,2,5,6,3706,0,0,0,,0,052,"MAPLE ST","2ND AV",0.00,,Y,A,-,N,,,,,,,,,,N,4,0,1,2,A,-,10,21950,A,N,G,B,B,A,H,-,A,D,0,Y,,,,Y,,D,22,0,0,1,0,1,0,0,0,0,"- ","- ",,,"SAN DIEGO",ESCONDIDO,-117.08221202999999,33.12005482
5684265,2012,2013-09-07,3706,2012-05-15,1423,345,,2,5,6,3706,0,0,0,,0,054,"EAST VALLEY PKWY","ROSE ST",682.00,E,N,A,-,N,,,,,,,,,,N,3,0,1,2,A,-,05,21650,1,M,H,G,A,A,H,-,A,D,0,,Y,,,Y,,L,04,0,1,0,0,0,0,1,0,0,"- ","- ",,,"SAN DIEGO",ESCONDIDO,-117.05755302999999,33.134859640000002
5684477,2012,2013-10-02,3700,2012-06-09,1620,SH7302,,6,5,5,3713,0,0,0,,0,307,"SOUTH SANTA FE AV",CYPRESS,175.00,N,N,A,-,N,,,,,,,,,,N,3,0,1,2,A,-,08,22107,,N,F,G,A,A,H,-,A,D,0,,Y,,,Y,,D,22,0,1,0,0,0,0,1,0,0,"- ","- ",,,"SAN DIEGO",VISTA,-117.2243807,33.186128199999999
5684507,2012,2013-09-12,3700,2012-05-17,1605,SH2505,,4,5,5,3712,0,0,0,,0,360,"BENT AV","DISCOVERY ST",0.00,,Y,A,-,N,,,,,,,,,,N,4,0,1,2,A,-,12,22450,A,N,D,G,A,A,B,-,A,D,0,,Y,,,Y,,A,01,0,0,1,0,0,0,1,0,0,"- ","- ",,,"SAN DIEGO","SAN MARCOS",-117.18051195,33.132374849999998
5684575,2012,2013-10-10,3703,2012-06-09,2006,1233,,6,5,3,3703,0,0,0,,0,,"1ST ST","B AV",0.00,,Y,A,-,N,,,,,,,,,,N,4,0,1,2,A,-,10,21950,A,N,G,B,B,A,H,-,C,A,0,Y,,,,Y,Y,A,01,0,0,1,0,1,0,0,0,0,"- ","- ",,,"SAN DIEGO",CORONADO,-117.17005202999999,32.697774850000002
5684701,2012,2013-12-30,3700,2012-06-09,1035,3306,,6,5,5,3713,0,0,0,,0,310,"CAMINO CORTO","VISTA VILLAGE DR",0.00,,Y,A,-,N,,,,,,,,,,N,4,0,1,2,A,-,10,21950,A,N,G,B,B,A,H,-,A,D,0,Y,,,,Y,,A,01,0,0,1,0,1,0,0,0,0,"- ","- ",,,"SAN DIEGO",VISTA,-117.24724199000001,33.200094880000002
5685620,2012,2014-02-07,9645,2012-06-08,1130,15698,,5,1,7,3711,0,1,1,,2,021,"RT 15","OCEAN VIEW BL",35.00,N,N,A,-,Y,SD,11,15,-,R,0.698,R,3,N,N,3,0,1,2,A,-,11,21954,A,N,G,B,E,A,H,-,A,D,1,Y,,,Y,Y,,N,60,0,1,0,0,1,0,0,0,0,FR,"- ",32.702530000000003,-117.11928,"SAN DIEGO","SAN DIEGO",-117.12058602,32.697146199999999
5686132,2012,2013-10-16,9680,2012-06-07,0715,18136,,4,1,9,3700,0,3,5,,2,001,"LAUREL ST","ASHWOOD ST",359.00,E,N,A,-,N,,,,,,,,,,,3,0,1,2,A,-,11,21954,A,N,G,B,D,A,H,-,A,D,0,Y,,,,Y,,N,60,0,1,0,0,1,0,0,0,0,"- ","- ",32.862259999999999,-116.91619,"SAN DIEGO",UNINCORPORATED,-116.91636994,32.862150980000003
5686411,2012,2014-02-07,9680,2012-05-21,1800,015619,,1,2,4,3720,0,1,3,,2,027,"RT 94","MASSACHUSETTS AV",5.00,E,N,A,-,Y,SD,11,94,-,-,8.394,R,3,E,Y,4,0,1,2,D,-,00,,,N,G,B,B,A,H,-,A,A,1,Y,,,,Y,,-,"- ",0,0,1,0,1,0,0,0,0,"- ","- ",32.743729999999999,-117.04266,"SAN DIEGO","LEMON GROVE",-117.03926181999999,32.744654799999999
5687606,2012,2013-10-15,3711,2012-05-19,1522,5916,,6,5,7,3711,0,0,0,,0,932,"NORTH TORREY PINES RD","TORREY PINES BRIDGE",78.00,S,N,A,-,N,,,,,,,,,,N,3,0,1,2,A,-,06,21754,,N,H,G,A,A,H,-,A,D,0,,Y,,,Y,,L,04,0,1,0,0,0,0,1,0,0,"- ","- ",,,"SAN DIEGO","SAN DIEGO",-117.24219703,32.870195690000003
5687609,2012,2013-10-14,3711,2012-06-24,2045,6691,,7,5,7,3711,0,0,0,,0,724,"HOLLISTER ST","PALM AV",0.00,,Y,A,-,N,,,,,,,,,,N,3,0,1,2,A,-,10,21950,A,M,G,B,B,A,H,-,C,A,0,Y,,,,Y,,-,"- ",0,1,0,0,1,0,0,0,0,"- ","- ",,,"SAN DIEGO","SAN DIEGO",-117.08404188999999,32.583774759999997
5687614,2012,2013-10-15,3711,2012-06-20,1345,3746,,3,5,7,3711,0,0,0,,0,525,BROADWAY,"6TH AV",98.00,W,N,A,-,N,,,,,,,,,,N,3,0,1,2,A,-,08,22107,,N,H,G,A,A,H,-,A,D,0,,Y,,,Y,,L,04,0,1,0,0,0,0,1,0,0,"- ","- ",,,"SAN DIEGO","SAN DIEGO",-117.15957946,32.715694759999998
5687633,2012,2013-10-15,3711,2012-06-24,1715,5905,,7,5,7,3711,0,0,0,,0,615,"ROSECRANS ST","NIMITZ BL",21.00,N,N,A,-,N,,,,,,,,,,N,3,0,1,2,A,-,12,21453,A,N,H,G,A,A,H,-,A,A,0,,Y,,,Y,,L,04,0,1,0,0,0,0,1,0,0,"- ","- ",,,"SAN DIEGO","SAN DIEGO",-117.22580797000001,32.728608700000002
5690941,2012,2013-10-11,3700,2012-06-16,2249,SH2659,,6,5,5,3713,0,0,0,,0,308,"GRAPEVINE RD","RAVINE RD",81.00,S,N,A,-,N,,,,,,,,,,N,3,0,1,2,D,-,00,,,F,G,B,E,A,H,-,D,D,0,Y,,,,Y,,-,"- ",0,1,0,0,1,0,0,0,0,"- ","- ",,,"SAN DIEGO",VISTA,-117.27370196,33.200742900000002
5691227,2012,2013-09-23,3709,2012-06-29,1901,470,,5,5,5,3709,0,0,0,,0,,"HIGHLAND AV","24TH ST",614.00,S,N,A,-,N,,,,,,,,,,N,4,0,1,2,A,-,17,21208,A,N,H,G,A,A,H,-,A,D,0,,Y,,,Y,,L,04,0,0,1,0,0,0,1,0,0,"- ","- ",,,"SAN DIEGO","NATIONAL CITY",-117.09281688999999,32.662735380000001
5692108,2012,2013-11-08,3709,2012-07-02,1155,425,,1,5,5,3709,0,0,0,,0,020,"NATIONAL CITY BL","E 15TH ST",111.00,N,N,B,-,N,,,,,,,,,,N,3,0,1,2,A,-,11,21950,B,N,G,B,D,A,H,-,A,D,0,Y,,,,Y,,N,60,0,1,0,0,1,0,0,0,0,"- ","- ",,,"SAN DIEGO","NATIONAL CITY",-117.10464709,32.670062770000001
5693565,2012,2013-10-04,3700,2012-06-03,1953,SH2085,,7,5,5,3712,0,0,0,,0,355,"WEST SAN MARCOS BL","BENT AV",0.00,,Y,A,-,N,,,,,,,,,,N,4,0,1,2,A,-,05,21202,A,N,H,G,A,A,H,-,B,A,0,,Y,,,Y,,L,04,0,0,1,0,0,0,1,0,0,"- ","- ",,,"SAN DIEGO","SAN MARCOS",-117.18206198,33.136414819999999
5718854,2012,2013-10-09,3706,2012-06-26,1137,0329,ESPD,2,5,6,3706,0,0,0,,0,042,"ESCONDIDO BL","WOODWARD AV",12.00,N,N,A,-,N,,,,,,,,,,N,3,0,1,2,A,-,10,21950,A,N,G,B,B,A,H,-,A,A,0,Y,,,,Y,,D,22,0,1,0,0,1,0,0,0,0,"- ","- ",,,"SAN DIEGO",ESCONDIDO,-117.0873316,33.124673209999997
5719153,2012,2013-10-16,3706,2012-06-15,1654,0446,,5,5,6,3706,0,0,0,,0,045,"MEYERS AV","AUTO PARKWAY",6.00,W,N,A,-,N,,,,,,,,,,N,3,0,1,2,A,-,05,21650,1,N,D,G,A,A,H,-,A,D,0,,Y,,,Y,,L,04,0,1,0,0,0,0,1,0,0,"- ","- ",,,"SAN DIEGO",ESCONDIDO,-117.12315202000001,33.129192019999998
5719604,2012,2013-10-09,3700,2012-06-14,1752,SH0063,,4,5,4,3720,0,0,0,,0,602,BROADWAY,"MASSACHUSETTS AV",0.00,,N,A,-,N,,,,,,,,,,N,3,0,1,2,A,-,17,21209,A,N,C,G,A,A,H,-,A,D,0,,Y,,,Y,,A,01,0,1,0,0,0,0,1,0,0,"- ","- ",,,"SAN DIEGO","LEMON GROVE",-117.04286196,32.742574830000002
5719980,2012,2013-10-10,3711,2012-06-28,1913,6638,,4,5,7,3711,0,0,0,,0,451,"BAYVIEW HEIGHTS DR","BAYVIEW HTS DR",9.00,N,N,A,-,N,,,,,,,,,,N,4,0,2,3,A,-,11,21950,B,N,G,B,D,A,H,-,A,D,0,Y,,,,Y,,N,60,0,0,2,0,2,0,0,0,0,"- ","- ",,,"SAN DIEGO","SAN DIEGO",-117.0795992,32.72204696
5720091,2012,2013-10-05,3711,2012-06-30,0040,6762,,6,5,7,3711,0,0,0,,0,813,"30TH ST","LANDIS ST",26.00,S,N,A,-,N,,,,,,,,,,N,4,0,1,2,B,-,22,,,N,C,G,A,A,H,-,C,A,0,,Y,,,Y,Y,L,04,0,0,1,0,0,0,1,0,0,"- ","- ",,,"SAN DIEGO","SAN DIEGO",-117.1300919,32.74516354
5720107,2012,2014-01-07,3711,2012-06-26,1643,6702,,2,5,7,3711,0,0,0,,0,721,"SATURN BL","PALM AV",97.00,S,N,A,-,Y,SD,11,75,-,-,9.310,I,6,S,N,4,0,1,2,A,-,05,21650,1,N,A,G,A,A,H,-,A,D,0,,Y,,,Y,Y,L,04,0,0,1,0,0,0,1,0,0,"- ","- ",,,"SAN DIEGO","SAN DIEGO",-117.09257728999999,32.583710940000003
5720131,2012,2013-10-08,3711,2012-06-29,1815,5051,,5,5,7,3711,0,0,0,,0,627,"WASHINGTON ST","8TH AV",41.00,E,N,A,-,N,,,,,,,,,,N,3,0,1,2,A,-,17,22517,,N,B,G,A,A,H,-,A,D,0,,Y,,,Y,,A,01,0,1,0,0,0,0,1,0,0,"- ","- ",,,"SAN DIEGO","SAN DIEGO",-117.15732013,32.75010941
5720135,2012,2013-10-08,3711,2012-06-21,1917,6034,,4,5,7,3711,0,0,0,,0,712,"COTTONWOOD RD","SELLSWAY ST",188.00,N,N,A,-,N,,,,,,,,,,N,3,0,1,2,A,-,11,21954,A,N,G,B,D,A,H,-,A,D,0,Y,,,,Y,,N,60,0,1,0,0,1,0,0,0,0,"- ","- ",,,"SAN DIEGO","SAN DIEGO",-117.04799187,32.555609689999997
5720147,2012,2013-10-08,3711,2012-06-30,1504,5051,,6,5,7,3711,0,0,0,,0,614,"SUNSET CLIFFS BL","MUIR AV",0.00,,Y,A,-,N,,,,,,,,,,N,3,0,1,2,A,-,09,21801,A,N,D,G,A,A,H,-,A,D,0,,Y,,,Y,,A,01,0,1,0,0,0,0,1,0,0,"- ","- ",,,"SAN DIEGO","SAN DIEGO",-117.24369196000001,32.749264799999999
5720905,2012,2013-09-28,3711,2012-06-16,1924,6405,,6,5,7,3711,0,0,0,,0,826,ALTADENA,ORANGE,45.00,S,N,B,-,N,,,,,,,,,,N,3,0,1,2,A,-,11,21954,A,N,D,G,A,A,H,-,A,D,0,,Y,,,Y,,L,04,0,1,0,0,0,0,1,0,0,"- ","- ",,,"SAN DIEGO","SAN DIEGO",-117.08580263,32.752931510000003
5721012,2012,2014-01-02,3711,2012-06-15,1917,5857,,5,5,7,3711,0,0,0,,0,524,"A ST","4TH AV",0.00,,Y,A,-,N,,,,,,,,,,N,3,0,1,2,A,-,11,21453,D,N,G,B,B,A,H,-,A,A,0,Y,,,,Y,,N,60,0,1,0,0,1,0,0,0,0,"- ","- ",,,"SAN DIEGO","SAN DIEGO",-117.16111191,32.718824789999999
5721016,2012,2013-10-08,3711,2012-06-10,1954,5498,,7,5,7,3711,0,0,0,,0,313,"AERO DR","SANDROCK RD",0.00,,Y,A,-,N,,,,,,,,,,N,3,0,1,2,A,-,09,21453,B,N,D,G,A,A,H,-,B,A,0,,Y,,,Y,,-,"- ",0,1,0,0,0,0,1,0,0,"- ","- ",,,"SAN DIEGO","SAN DIEGO",-117.14014195999999,32.809634869999996
5721019,2012,2013-10-05,3711,2012-06-07,1415,5805,,4,5,7,3711,0,0,0,,0,512,"SOUTH 32ND ST","LOGAN AV",150.00,S,N,A,-,N,,,,,,,,,,N,4,0,1,2,A,-,09,21804,A,N,D,G,A,A,H,-,A,D,0,,Y,,,Y,,L,04,0,0,1,0,0,0,1,0,0,"- ","- ",,,"SAN DIEGO","SAN DIEGO",-117.12532794000001,32.696583879999999
5721025,2012,2013-10-05,3706,2012-06-14,1038,391,ESPD,4,5,6,3706,0,0,0,,0,046,"SYCAMORE CREST PL","HIDDEN TRAILS RD",156.00,W,N,A,-,N,,,,,,,,,,N,4,0,1,2,A,-,21,22106,,N,D,G,A,A,H,-,A,D,0,,Y,,,Y,,A,01,0,0,1,0,0,0,1,0,0,"- ","- ",,,"SAN DIEGO",ESCONDIDO,-117.02171805,33.138585519999999
5721028,2012,2014-01-07,3706,2012-06-19,1851,322,ESPD,2,5,6,3706,0,0,0,,0,044,"WASHINGTON AV","ASH ST",0.00,,Y,A,-,Y,SD,11,78,-,T,19.094,I,6,W,N,2,0,1,2,A,-,10,21950,A,N,G,B,B,A,H,-,A,A,0,Y,,,,Y,,A,01,1,0,0,0,1,0,0,0,0,"- ","- ",,,"SAN DIEGO",ESCONDIDO,-117.06798186,33.133104850000002
5721451,2012,2013-10-03,3711,2012-06-29,1625,6000,,5,5,7,3711,0,0,0,,0,521,"16TH ST","NATIONAL AV",17.00,N,N,A,-,N,,,,,,,,,,Y,3,0,1,2,A,-,05,21650,1,N,H,G,A,A,H,-,A,A,0,,Y,,,Y,,L,04,0,1,0,0,0,0,1,0,0,"- ","- ",,,"SAN DIEGO","SAN DIEGO",-117.15007669000001,32.704130569999997
5721602,2012,2013-10-02,3701,2012-06-23,0801,15426,37,6,5,5,3701,0,0,0,,0,002,"CARLSBAD BL",TAMARACK,3960.00,S,N,A,-,N,,,,,,,,,,N,4,0,1,2,A,-,08,22107,,N,H,G,A,A,H,-,A,D,0,,Y,,,Y,,M,47,0,0,1,0,0,0,1,0,0,"- ","- ",,,"SAN DIEGO",CARLSBAD,-117.33883777,33.138206580000002
5721606,2012,2013-10-02,3701,2012-06-23,2315,5302,35,6,5,5,3701,0,0,0,,0,002,"OAK AV","ROOSEVELT ST",0.00,,Y,A,-,N,,,,,,,,,,N,3,0,1,2,A,-,05,21650,1,F,H,G,A,A,H,-,C,A,0,,Y,,,Y,,L,04,0,1,0,0,0,0,1,0,0,"- ","- ",33.158949999999997,-117.34663,"SAN DIEGO",CARLSBAD,-117.34680208,33.159074879999999
5721630,2012,2013-09-30,3701,2012-06-30,1800,5434,92,6,5,5,3701,0,0,0,,0,007,"EL CAMINO REAL","AVIARA PKWY",14.00,N,N,A,-,N,,,,,,,,,,N,3,0,1,2,A,-,10,21950,A,F,G,B,B,A,H,-,A,A,0,Y,,,,Y,,A,01,0,1,0,0,1,0,0,0,0,"- ","- ",33.102670000000003,-117.26672000000001,"SAN DIEGO",CARLSBAD,-117.26662837000001,33.102392770000002
5721692,2012,2013-11-07,3702,2012-06-08,0721,CV1053,,5,5,6,3702,0,0,0,,0,014,"2ND AV","F ST",5.00,S,N,B,-,N,,,,,,,,,,N,3,0,1,2,A,-,11,21453,D,N,D,G,A,A,H,-,A,A,0,,Y,,,Y,,L,04,0,1,0,0,0,0,1,0,0,"- ","- ",,,"SAN DIEGO","CHULA VISTA",-117.07583678,32.642421759999998
5721752,2012,2013-10-16,3702,2012-06-11,1314,CV0767,,1,5,6,3702,0,0,0,,0,012,"PARK WAY",BROADWAY,10.00,E,N,A,-,N,,,,,,,,,,N,4,0,1,2,A,-,12,22450,A,N,D,G,A,A,H,-,A,A,0,,Y,,,Y,,A,01,0,0,1,0,0,0,1,0,0,"- ","- ",,,"SAN DIEGO","CHULA VISTA",-117.09114116000001,32.635273380000001
5723146,2012,2013-10-12,3711,2012-06-25,1844,5918,,1,5,7,3711,0,0,0,,0,432,"REYNOLDS ST","PALIN ST",30.00,E,N,A,-,N,,,,,,,,,,N,4,0,1,2,A,-,05,21650,,N,H,G,A,A,H,-,A,A,0,,Y,,,Y,,L,04,0,0,1,0,0,0,1,0,0,"- ","- ",,,"SAN DIEGO","SAN DIEGO",-117.0830965,32.694613990000001
5723166,2012,2013-10-12,3711,2012-06-29,1134,5805,,5,5,7,3711,0,0,0,,0,512,"NATIONAL AV","30TH ST",0.00,,N,A,-,N,,,,,,,,,,N,3,0,1,2,A,-,11,21954,A,N,G,B,D,A,H,-,A,A,0,Y,,,,Y,,N,60,0,1,0,0,1,0,0,0,0,"- ","- ",,,"SAN DIEGO","SAN DIEGO",-117.12951191000001,32.695924859999998
5723178,2012,2013-10-12,3711,2012-06-19,0935,5828,,2,5,7,3711,0,0,0,,0,114,"GENESEE AV","APPLETON ST",0.00,,Y,A,-,N,,,,,,,,,,N,4,0,1,2,A,-,10,21950,A,N,G,B,B,A,H,-,A,A,0,Y,,,,Y,,-,"- ",0,0,1,0,1,0,0,0,0,"- ","- ",,,"SAN DIEGO","SAN DIEGO",-117.19604203,32.837674819999997
5723198,2012,2013-10-12,3711,2012-06-30,1313,6769,,6,5,7,3711,0,0,0,,0,827,"ALTADENA AV","STERLING CT",20.00,S,N,A,-,N,,,,,,,,,,N,3,0,1,2,A,-,10,21950,A,N,G,B,G,A,H,-,A,D,0,Y,,,,Y,,-,"- ",0,1,0,0,1,0,0,0,0,"- ","- ",,,"SAN DIEGO","SAN DIEGO",-117.08602602000001,32.745090210000001
5723428,2012,2013-11-02,3711,2012-07-01,2328,3939,,7,5,7,3711,0,0,0,,0,115,"NOBEL DR",LEBSON,254.00,W,N,B,-,N,,,,,,,,,,N,4,0,1,2,A,-,11,21955,,N,G,B,D,A,H,-,C,D,0,Y,,,,Y,Y,N,60,0,0,1,0,1,0,0,0,0,"- ","- ",,,"SAN DIEGO","SAN DIEGO",-117.2257036,32.868488890000002
5723952,2012,2013-09-23,3705,2012-05-27,1816,EC0297,,7,5,5,3705,0,0,0,,0,009,"MOLLISON AV","LEXINGTON AV",9.00,N,N,A,-,N,,,,,,,,,,N,2,0,2,3,A,-,10,21950,A,N,G,B,B,A,H,-,A,A,0,Y,,,,Y,,A,01,1,0,1,0,2,0,0,0,0,"- ","- ",,,"SAN DIEGO","EL CAJON",-116.95097161,32.79265943
5723980,2012,2013-09-23,3705,2012-05-14,1348,EC5420,,1,5,5,3705,0,0,0,,0,006,JOHNSON,ARNELE,0.00,,Y,A,-,N,,,,,,,,,,N,4,0,1,3,A,-,11,21456,B,N,G,B,B,A,H,-,A,A,0,Y,,,,Y,,N,60,0,0,1,0,1,0,0,0,0,"- ","- ",,,"SAN DIEGO","EL CAJON",-116.97104192,32.803954849999997
5724926,2012,2013-11-04,3711,2012-06-08,1709,6414,SDPD,5,5,7,3711,0,0,0,,0,813,"UNIVERSITY AV",TEXAS,433.00,W,N,A,-,N,,,,,,,,,,N,4,0,1,2,A,-,"- ",,,N,H,G,A,A,H,-,A,A,0,,Y,,,Y,,-,"- ",0,0,1,0,0,0,1,0,0,"- ","- ",,,"SAN DIEGO","SAN DIEGO",-117.14038547,32.748417949999997
5724942,2012,2013-10-05,3711,2012-06-28,1512,6480,,4,5,7,3711,0,0,0,,0,524,"WEST BROADWAY",COLUMBIA,0.00,,Y,A,-,N,,,,,,,,,,N,2,0,1,2,A,-,11,21954,A,N,G,B,B,A,H,-,A,A,0,Y,,,,Y,,-,"- ",1,0,0,0,1,0,0,0,0,"- ","- ",,,"SAN DIEGO","SAN DIEGO",-117.16741195,32.715754859999997
5724972,2012,2013-10-26,3711,2012-07-02,0833,5747,,1,5,7,3711,0,0,0,,0,627,"5TH AV","WALNUT AV",24.00,N,N,A,-,N,,,,,,,,,,N,3,0,1,2,A,-,09,21801,A,N,B,B,D,A,H,-,A,D,0,Y,,,,Y,,-,"- ",0,1,0,0,1,0,0,0,0,"- ","- ",,,"SAN DIEGO","SAN DIEGO",-117.16038201000001,32.741560509999999
5724984,2012,2013-10-26,3711,2012-07-03,2301,4436,,2,5,7,3711,0,0,0,,0,524,"11TH AV",BROADWAY,0.00,,Y,-,-,N,,,,,,,,,,N,3,0,1,2,A,-,10,21950,A,N,G,B,B,-,-,-,-,A,0,Y,,,,Y,,-,"- ",0,1,0,0,1,0,0,0,0,"- ","- ",,,"SAN DIEGO","SAN DIEGO",-117.15471191,32.715714810000001
5724988,2012,2014-04-18,3711,2012-07-02,1604,6371,SDPD,1,5,7,3711,0,0,0,,0,524,"FRONT ST","ASH ST",8.00,S,N,-,-,N,,,,,,,,,,N,3,0,1,2,A,-,10,21950,A,N,G,B,B,-,-,-,-,A,0,Y,,,,Y,,-,"- ",0,1,0,0,1,0,0,0,0,"- ","- ",,,"SAN DIEGO","SAN DIEGO",-117.1647919,32.71982285
5724995,2012,2013-10-26,3711,2012-07-03,2100,5926,3711,2,5,7,3711,0,0,0,,0,823,"UNIVERSITY AV","58TH ST",374.00,W,N,B,-,N,,,,,,,,,,N,3,0,1,2,A,-,11,21954,A,N,G,B,D,A,H,-,C,D,0,Y,,,,Y,Y,N,60,0,1,0,0,1,0,0,0,0,"- ","- ",,,"SAN DIEGO","SAN DIEGO",-117.07367541000001,32.748358379999999
5724999,2012,2013-10-26,3711,2012-07-03,1630,6000,,2,5,7,3711,0,0,0,,0,451,"BAYVIEW HEIGHTS DR","BAYVIEW HEIGHTS PL",129.00,E,N,A,-,N,,,,,,,,,,N,3,0,1,2,C,-,18,,,M,G,B,E,A,H,-,A,D,0,Y,,,,Y,,-,"- ",0,1,0,0,1,0,0,0,0,"- ","- ",,,"SAN DIEGO","SAN DIEGO",-117.07763228,32.724261169999998
5725011,2012,2013-10-26,3711,2012-07-02,1420,4491,,1,5,7,3711,0,0,0,,0,622,"FRIARS RD","NAPA AV",282.00,E,N,A,-,N,,,,,,,,,,N,3,0,1,2,A,-,08,22107,,N,B,G,A,A,H,-,A,A,0,,Y,,,Y,,-,"- ",0,1,0,0,0,0,1,0,0,"- ","- ",,,"SAN DIEGO","SAN DIEGO",-117.19437474,32.763719690000002
5725015,2012,2013-10-26,3711,2012-07-04,0712,5114,,3,5,7,3711,0,0,0,,0,242,"MIRA MESA BL","BLACK MOUNTAIN RD",15.00,E,N,-,-,N,,,,,,,,,,N,3,0,1,2,A,-,08,22107,,N,C,G,A,-,H,-,-,D,0,,Y,,,Y,,-,"- ",0,1,0,0,0,0,1,0,0,"- ","- ",,,"SAN DIEGO","SAN DIEGO",-117.12487319,32.917214790000003
5725027,2012,2013-11-07,3711,2012-07-03,1829,HILTON,SD,2,5,7,3711,0,0,0,,0,123,"EAST MISSION BAY DR","E MISSION BAY DR 4200",0.00,,Y,A,-,N,,,,,,,,,,N,3,0,1,2,A,-,12,22450,A,N,D,G,A,A,H,-,A,A,0,,Y,,,Y,,-,"- ",0,1,0,0,0,0,1,0,0,"- ","- ",,,"SAN DIEGO","SAN DIEGO",-117.20913827,32.781004189999997
5725054,2012,2014-04-18,3711,2012-07-07,1509,6696,,6,5,7,3711,0,0,0,,0,826,"53RD ST","TROJAN AV",10.00,N,N,-,-,N,,,,,,,,,,N,4,0,1,2,A,-,12,22450,A,N,H,G,A,A,H,-,A,B,0,,Y,,,Y,,-,"- ",0,0,1,0,0,0,1,0,0,"- ","- ",,,"SAN DIEGO","SAN DIEGO",-117.08143447,32.75490207