CASE_ID,ACCIDENT_YEAR,PROC_DATE,JURIS,COLLISION_DATE,COLLISION_TIME,OFFICER_ID,REPORTING_DISTRICT,DAY_OF_WEEK,CHP_SHIFT,POPULATION,CNTY_CITY_LOC,SPECIAL_COND,BEAT_TYPE,CHP_BEAT_TYPE,CITY_DIVISION_LAPD,CHP_BEAT_CLASS,BEAT_NUMBER,PRIMARY_RD,SECONDARY_RD,DISTANCE,DIRECTION,INTERSECTION,WEATHER_1,WEATHER_2,STATE_HWY_IND,CALTRANS_COUNTY,CALTRANS_DISTRICT,STATE_ROUTE,ROUTE_SUFFIX,POSTMILE_PREFIX,POSTMILE,LOCATION_TYPE,RAMP_INTERSECTION,SIDE_OF_HWY,TOW_AWAY,COLLISION_SEVERITY,NUMBER_KILLED,NUMBER_INJURED,PARTY_COUNT,PRIMARY_COLL_FACTOR,PCF_CODE_OF_VIOL,PCF_VIOL_CATEGORY,PCF_VIOLATION,PCF_VIOL_SUBSECTION,HIT_AND_RUN,TYPE_OF_COLLISION,MVIW,PED_ACTION,ROAD_SURFACE,ROAD_COND_1,ROAD_COND_2,LIGHTING,CONTROL_DEVICE,CHP_ROAD_TYPE,PEDESTRIAN_ACCIDENT,BICYCLE_ACCIDENT,MOTORCYCLE_ACCIDENT,TRUCK_ACCIDENT,NOT_PRIVATE_PROPERTY,ALCOHOL_INVOLVED,STWD_VEHTYPE_AT_FAULT,CHP_VEHTYPE_AT_FAULT,COUNT_SEVERE_INJ,COUNT_VISIBLE_INJ,COUNT_COMPLAINT_PAIN,COUNT_PED_KILLED,COUNT_PED_INJURED,COUNT_BICYCLIST_KILLED,COUNT_BICYCLIST_INJURED,COUNT_MC_KILLED,COUNT_MC_INJURED,PRIMARY_RAMP,SECONDARY_RAMP,LATITUDE,LONGITUDE,COUNTY,CITY,POINT_X,POINT_Y
6139614,2013,2014-03-14,3711,2013-07-04,1900,6653,,4,5,7,3711,0,0,0,,0,834,"VAN DYKE AV","DWIGHT ST",0.00,,Y,A,-,N,,,,,,,,,,N,3,0,1,2,A,-,12,22450,A,N,D,G,A,A,H,-,A,A,0,,Y,,,Y,,L,04,0,1,0,0,0,0,1,0,0,"- ","- ",,,"SAN DIEGO","SAN DIEGO",-117.10330190000001,32.744024799999998
6139654,2013,2014-03-12,3711,2013-07-13,2113,5051,,6,5,7,3711,0,0,0,,0,627,"WASHINGTON ST","RICHMOND ST",12.00,E,N,A,-,N,,,,,,,,,,N,3,0,1,2,A,-,11,21954,A,N,G,B,D,A,H,-,C,A,0,Y,,,,Y,Y,N,60,0,1,0,0,1,0,0,0,0,"- ","- ",,,"SAN DIEGO","SAN DIEGO",-117.1504767,32.751658800000001
6139662,2013,2014-03-12,3711,2013-07-08,1244,5061,,1,5,7,3711,0,0,0,,0,614,"NARRAGANSETT AV","SUNSET CLIFFS BL",248.00,W,N,B,-,N,,,,,,,,,,N,3,0,1,2,A,-,11,21954,A,N,G,B,D,A,H,-,A,D,0,Y,,,,Y,,N,60,0,1,0,0,1,0,0,0,0,"- ","- ",,,"SAN DIEGO","SAN DIEGO",-117.24972150000001,32.743435099999999
6139670,2013,2014-03-14,3711,2013-07-08,1155,6292,,1,5,7,3711,0,0,0,,0,322,"MISSION GORGE RD","TWAIN AV",25.00,N,N,A,-,N,,,,,,,,,,N,4,0,1,2,A,-,11,21954,A,N,G,B,D,A,H,-,A,A,0,Y,,,,Y,,N,60,0,0,1,0,1,0,0,0,0,"- ","- ",,,"SAN DIEGO","SAN DIEGO",-117.0977714,32.785063299999997
6139722,2013,2014-03-20,3711,2013-07-13,1555,5803,,6,5,7,3711,0,0,0,,0,115,"GENESEE AV","LA JOLLA VILLAGE DR",0.00,,Y,A,-,N,,,,,,,,,,N,4,0,1,2,A,-,09,21453,B,N,D,G,A,A,H,-,A,A,0,,Y,,,Y,,L,04,0,0,1,0,0,0,1,0,0,"- ","- ",,,"SAN DIEGO","SAN DIEGO",-117.214192,32.872614800000001
6140222,2013,2014-03-17,3711,2013-07-12,2353,6035,,5,5,7,3711,0,0,0,,0,813,"LINCOLN AV","IOWA ST",29.00,E,N,A,-,N,,,,,,,,,,N,3,0,1,1,A,-,08,22107,,N,H,G,A,A,H,-,C,D,0,,Y,,,Y,,L,04,0,1,0,0,0,0,1,0,0,"- ","- ",,,"SAN DIEGO","SAN DIEGO",-117.1263479,32.750347099999999
6140230,2013,2014-03-14,3705,2013-07-01,0520,EC0308,,1,5,5,3705,0,0,0,,0,009,"E MADISON",WALTER,435.00,E,N,A,-,N,,,,,,,,,,N,3,0,1,2,A,-,11,21954,A,N,G,B,D,A,H,-,A,D,0,Y,,,,Y,,N,60,0,1,0,0,1,0,0,0,0,"- ","- ",,,"SAN DIEGO","EL CAJON",-116.9331514,32.800170399999999
6141743,2013,2014-03-20,3711,2013-07-04,1734,4864,,4,5,7,3711,0,0,0,,0,516,"MARKET ST","31ST ST",0.00,,Y,A,-,N,,,,,,,,,,N,2,0,1,2,A,-,08,22107,,F,D,G,A,A,H,-,A,D,0,,Y,,,Y,,D,23,1,0,0,0,0,0,1,0,0,"- ","- ",,,"SAN DIEGO","SAN DIEGO",-117.127422,32.711644800000002
6142009,2013,2014-03-20,3711,2013-07-12,1024,6425,SD,5,5,7,3711,0,0,0,,0,517,"BROADWAY AV","19TH ST",0.00,,Y,A,-,N,,,,,,,,,,,3,0,1,2,A,-,08,22108,,N,D,G,A,A,H,-,A,A,0,,Y,,,Y,,-,"- ",0,1,0,0,0,0,1,0,0,"- ","- ",,,"SAN DIEGO","SAN DIEGO",-117.146772,32.715764800000002
6142013,2013,2014-03-20,3711,2013-07-11,1919,4771,,4,5,7,3711,0,0,0,,0,712,"CAMINO DE LA PLAZA","WILLOW RD",528.00,E,N,B,-,N,,,,,,,,,,N,4,0,1,2,A,-,08,22107,,N,G,B,D,A,H,-,A,A,0,Y,,,,Y,,-,"- ",0,0,1,0,1,0,0,0,0,"- ","- ",,,"SAN DIEGO","SAN DIEGO",-117.04092470000001,32.545434100000001
6142026,2013,2014-03-22,3711,2013-07-14,1205,5480,,7,5,7,3711,0,0,0,,0,541,"TONY GWYNN DR","PARK BL",0.00,,N,A,-,N,,,,,,,,,,N,3,0,1,2,A,-,03,22350,,N,G,B,E,A,H,-,A,D,0,Y,Y,,,Y,Y,-,"- ",0,1,0,0,1,0,0,0,0,"- ","- ",,,"SAN DIEGO","SAN DIEGO",-117.15704173,32.705662439999998
6142049,2013,2014-03-22,3711,2013-07-10,1351,6565,,3,5,7,3711,0,0,0,,0,444,"MARKET ST","GATEWAY CENTER DR",2.00,E,N,B,-,N,,,,,,,,,,N,4,0,1,2,A,-,10,21950,A,N,G,B,B,A,H,-,A,A,0,Y,,,,Y,,-,"- ",0,0,1,0,1,0,0,0,0,"- ","- ",,,"SAN DIEGO","SAN DIEGO",-117.11426539999999,32.711454699999997
6142057,2013,2014-04-24,3711,2013-07-11,1320,6064,5D,4,5,7,3711,0,0,0,,0,531,"BALBOA DR","6TH AV",0.00,,N,B,-,N,,,,,,,,,,N,3,0,1,1,D,-,00,,,N,H,G,A,A,H,-,A,A,0,,Y,,,Y,,-,"- ",0,1,0,0,0,0,1,0,0,"- ","- ",,,"SAN DIEGO","SAN DIEGO",-117.1594719,32.740804799999999
6142091,2013,2014-03-12,3711,2013-07-07,2100,6774,,7,5,7,3711,0,0,0,,0,124,"LA JOLLA BL","LA JOLLA",0.00,,N,A,-,N,,,,,,,,,,N,3,0,1,2,A,-,08,22107,,F,C,G,A,A,H,-,C,D,0,,Y,,,Y,,-,99,0,1,0,0,0,0,1,0,0,"- ","- ",,,"SAN DIEGO","SAN DIEGO",-117.28048200000001,32.842184799999998
6142110,2013,2014-03-12,3711,2013-07-14,1655,6933,,7,5,7,3711,0,0,0,,0,618,"SUNSET CLIFFS BL","FROUDE ST",162.00,N,N,A,-,N,,,,,,,,,,N,3,0,1,2,A,-,17,22517,,N,H,G,A,A,H,-,A,D,0,,Y,,,Y,,A,01,0,1,0,0,0,0,1,0,0,"- ","- ",,,"SAN DIEGO","SAN DIEGO",-117.2563356,32.730158000000003
6142134,2013,2014-03-12,3711,2013-07-16,1510,4051,,2,5,7,3711,0,0,0,,0,827,"ALTADENA AV","STERLING CT",0.00,,Y,A,-,N,,,,,,,,,,N,3,0,1,2,A,-,09,21804,A,N,D,G,A,A,H,-,A,D,0,,Y,,,Y,,L,04,0,1,0,0,0,0,1,0,0,"- ","- ",,,"SAN DIEGO","SAN DIEGO",-117.086032,32.745144799999998
6142142,2013,2014-03-12,3711,2013-07-15,0840,4294,,1,5,7,3711,0,0,0,,0,124,"LAJOLLA SCENIC NORTH","MOONRIDGE DR",0.00,,Y,A,-,N,,,,,,,,,,Y,4,0,2,2,A,-,09,21801,A,N,A,B,A,A,H,-,A,D,0,,,,,Y,,-,"- ",0,0,2,0,0,0,0,0,0,"- ","- ",,,"SAN DIEGO","SAN DIEGO",-117.240932,32.849594799999998
6142150,2013,2014-03-12,3711,2013-07-15,2140,4310,,1,5,7,3711,0,0,0,,0,411,"36TH ST","IMPERIAL AV",0.00,,N,A,-,N,,,,,,,,,,N,4,0,1,3,A,-,03,22350,,M,G,B,E,A,H,-,C,D,0,Y,,,,Y,,-,99,0,0,1,0,1,0,0,0,0,"- ","- ",,,"SAN DIEGO","SAN DIEGO",-117.1168419,32.704894799999998
6142597,2013,2014-04-01,3711,2013-07-08,0959,6807,,1,5,7,3711,0,0,0,,0,441,"OCEAN VIEW BL","S 39TH ST",270.00,W,N,A,-,N,,,,,,,,,,N,4,0,1,2,A,-,11,21953,,N,G,B,D,A,H,-,A,A,0,Y,,,,Y,,N,60,0,0,1,0,1,0,0,0,0,"- ","- ",,,"SAN DIEGO","SAN DIEGO",-117.11122640000001,32.701278500000001
6142605,2013,2014-04-01,3711,2013-07-10,0830,4283,,3,5,7,3711,0,0,0,,0,612,CADIZ,"ST CHARLES",2.00,W,N,B,-,N,,,,,,,,,,N,3,0,1,2,A,-,12,22450,A,N,D,G,A,A,H,-,A,A,0,,Y,,,Y,,L,04,0,1,0,0,0,0,1,0,0,"- ","- ",,,"SAN DIEGO","SAN DIEGO",-117.2099972,32.743847899999999
6142921,2013,2014-03-07,3700,2013-06-09,1035,SH2405,,7,5,5,3781,0,0,0,,0,511,"MAGNOLIA AV","MAST BL",49.00,N,N,A,-,N,,,,,,,,,,N,3,0,1,2,B,-,22,,,F,G,B,F,A,H,-,A,D,0,Y,,,,Y,,A,01,0,1,0,0,1,0,0,0,0,"- ","- ",,,"SAN DIEGO",SANTEE,-116.9710719,32.855269
6142925,2013,2014-03-07,3700,2013-06-02,1817,SH3098,,7,5,5,3781,0,0,0,,0,518,"MISSION GORGE RD","CUYAMACA ST",0.00,,Y,A,-,N,,,,,,,,,,N,3,0,1,2,A,-,12,21453,A,N,D,G,A,A,H,-,A,A,0,,Y,,,Y,,L,04,0,1,0,0,0,0,1,0,0,"- ","- ",,,"SAN DIEGO",SANTEE,-116.983762,32.838664799999997
6142929,2013,2014-03-07,3700,2013-06-01,1230,SH2405,,6,5,5,3781,0,0,0,,0,519,"CUYAMACA ST","PROSPECT AV",0.00,,Y,A,-,N,,,,,,,,,,N,3,0,1,2,D,-,00,,,F,G,B,B,A,H,-,A,A,0,Y,,,,Y,Y,-,"- ",0,1,0,0,1,0,0,0,0,"- ","- ",,,"SAN DIEGO",SANTEE,-116.983862,32.831394899999999
6144389,2013,2014-03-11,3711,2013-07-17,1430,6771,,3,5,7,3711,0,0,0,,0,813,"UNIVERSITY AV","ARNOLD AV",6.00,E,N,A,-,N,,,,,,,,,,N,3,0,1,2,A,-,10,21950,A,N,G,B,C,A,H,-,A,D,0,Y,,,,Y,,-,"- ",0,1,0,0,1,0,0,0,0,"- ","- ",,,"SAN DIEGO","SAN DIEGO",-117.1367924,32.748424800000002
6144405,2013,2014-03-14,3711,2013-07-18,0708,5114,,4,5,7,3711,0,0,0,,0,241,"CYPRESS WOODS CT","CYPRESS WOODS DR",488.00,W,N,A,-,N,,,,,,,,,,N,3,0,1,2,A,-,21,22106,,N,G,B,F,A,H,-,A,D,0,Y,,,,Y,,-,"- ",0,1,0,0,1,0,0,0,0,"- ","- ",,,"SAN DIEGO","SAN DIEGO",-117.0634412,32.9264869
6144406,2013,2014-03-14,3703,2013-07-17,1822,1233,,3,5,3,3703,0,0,0,,0,001,"1ST ST","C AV",102.00,W,N,A,-,N,,,,,,,,,,N,3,0,1,2,A,-,11,21954,A,N,D,B,D,A,H,-,A,D,0,Y,,,,Y,,N,60,0,1,0,0,1,0,0,0,0,"- ","- ",,,"SAN DIEGO",CORONADO,-117.17144810000001,32.698378599999998
6144407,2013,2014-03-13,3711,2013-07-19,2151,6437,,5,5,7,3711,0,0,0,,0,813,"PARK BL","ROBINSON AV",0.00,,Y,A,-,N,,,,,,,,,,N,4,0,1,2,A,-,09,21801,A,N,H,G,A,A,H,-,C,A,0,,Y,,,Y,,-,"- ",0,0,1,0,0,0,1,0,0,"- ","- ",,,"SAN DIEGO","SAN DIEGO",-117.146382,32.746414799999997
6144414,2013,2014-03-14,3703,2013-07-12,1134,1119,,5,5,3,3703,0,0,0,,0,001,"RT 75","C AV",0.00,,Y,A,-,Y,SD,11,75,-,R,19.790,I,5,N,N,3,0,3,4,A,-,09,21802,A,N,D,G,A,A,H,-,A,A,0,,Y,,,Y,,A,01,0,3,0,0,0,0,3,0,0,"- ","- ",,,"SAN DIEGO",CORONADO,-117.1736618,32.693964800000003
6144427,2013,2014-03-13,3711,2013-07-16,0930,5480,,2,5,7,3711,0,0,0,,0,122,"GARNET AV","GARNET AV 2600",0.00,,N,A,-,N,,,,,,,,,,N,3,0,1,2,A,-,"- ",,,N,H,G,A,A,H,-,A,D,0,,Y,,,Y,,-,"- ",0,1,0,0,0,0,1,0,0,"- ","- ",,,"SAN DIEGO","SAN DIEGO",-117.22286493,32.805175859999999
6144434,2013,2014-03-14,3703,2013-07-15,1520,1028,,1,5,3,3703,0,0,0,,0,001,"1ST ST","H AV",0.00,,Y,A,-,N,,,,,,,,,,N,3,0,1,2,A,-,09,21801,A,F,D,G,A,A,H,-,A,A,0,,Y,,,Y,,A,01,0,1,0,0,0,0,1,0,0,"- ","- ",,,"SAN DIEGO",CORONADO,-117.177972,32.701104800000003
6144435,2013,2014-03-13,3711,2013-07-09,1205,5226,,2,5,7,3711,0,0,0,,0,514,"MARKET ST","24TH ST",189.00,E,N,A,-,N,,,,,,,,,,N,3,0,1,1,A,-,05,21202,A,N,H,G,A,A,H,-,A,A,0,,Y,,,Y,Y,L,04,0,1,0,0,0,0,1,0,0,"- ","- ",,,"SAN DIEGO","SAN DIEGO",-117.1418597,32.711577699999999
6144436,2013,2014-03-14,3711,2013-07-17,0654,6418,,3,5,7,3711,0,0,0,,0,116,"CLAIREMONT DR","UTE DR",0.00,,Y,A,-,N,,,,,,,,,,N,4,0,1,2,A,-,03,22350,,N,G,B,B,A,H,-,A,A,0,Y,,,,Y,,A,01,0,0,1,0,1,0,0,0,0,"- ","- ",,,"SAN DIEGO","SAN DIEGO",-117.201042,32.8093048
6144448,2013,2014-03-14,3711,2013-07-01,1245,6018,,1,5,7,3711,0,0,0,,0,622,"PACIFIC HWY","TAYLOR ST",1056.00,N,N,A,-,N,,,,,,,,,,N,3,0,1,2,A,-,08,22107,,N,H,G,A,A,H,-,A,D,0,,Y,,,Y,,L,04,0,1,0,0,0,0,1,0,0,"- ","- ",,,"SAN DIEGO","SAN DIEGO",-117.2019284,32.758197299999999
6144449,2013,2014-03-13,3711,2013-07-15,2316,4495,,1,5,7,3711,0,0,0,,0,524,"STATE ST","WEST ASH ST",0.00,,Y,A,-,N,,,,,,,,,,N,3,0,1,2,B,-,22,,,N,B,B,E,A,H,-,C,A,0,Y,,,,Y,,N,60,0,1,0,0,1,0,0,0,0,"- ","- ",,,"SAN DIEGO","SAN DIEGO",-117.16652190000001,32.719844799999997
6144453,2013,2014-03-14,3711,2013-07-17,0647,6379,SANDI,3,5,7,3711,0,0,0,,0,511,"28TH ST","HARBOR DR",350.00,N,N,A,-,N,,,,,,,,,,N,3,0,1,2,A,-,10,21950,A,N,G,B,B,A,H,-,A,A,0,Y,,,,Y,,-,"- ",0,1,0,0,1,0,0,0,0,"- ","- ",,,"SAN DIEGO","SAN DIEGO",-117.1337278,32.691882
6144461,2013,2014-04-04,3711,2013-07-17,1725,6957,,3,5,7,3711,0,0,0,,0,122,"DAMON AV","MISSION BAY DR",528.00,E,N,A,-,N,,,,,,,,,,N,3,0,1,2,A,-,09,21801,A,N,B,G,A,A,H,-,A,D,0,,Y,,,Y,,-,"- ",0,1,0,0,0,0,1,0,0,"- ","- ",,,"SAN DIEGO","SAN DIEGO",-117.2184329,32.808607700000003
6144464,2013,2014-03-14,3711,2013-07-20,1238,4885,,6,5,7,3711,0,0,0,,0,232,"CARMEL MOUNTAIN RD","STONEY PEAK DR",0.00,,Y,B,-,N,,,,,,,,,,N,3,0,1,2,A,-,05,21650,,N,H,G,A,A,H,-,A,A,0,,Y,,,Y,,L,04,0,1,0,0,0,0,1,0,0,"- ","- ",,,"SAN DIEGO","SAN DIEGO",-117.078272,32.980414799999998
6144476,2013,2014-03-14,3711,2013-07-19,1729,5395,,5,5,7,3711,0,0,0,,0,628,"KETTNER BL",MAPLE,9.00,S,N,B,-,N,,,,,,,,,,N,4,0,1,2,A,-,03,22350,,N,H,G,A,A,H,-,A,D,0,,Y,,,Y,,L,04,0,0,1,0,0,0,1,0,0,"- ","- ",,,"SAN DIEGO","SAN DIEGO",-117.17242160000001,32.730991699999997
6144480,2013,2014-03-14,3711,2013-07-20,0100,6276,,6,5,7,3711,0,0,0,,0,627,"ROBINSON AV","5TH AV",0.00,,Y,A,-,N,,,,,,,,,,N,3,0,1,2,A,-,11,21950,B,N,G,B,B,A,H,-,C,A,0,Y,,,,Y,Y,D,22,0,1,0,0,1,0,0,0,0,"- ","- ",,,"SAN DIEGO","SAN DIEGO",-117.160432,32.746954799999997
6145229,2013,2014-03-12,3706,2013-07-18,0728,342,ESPD,4,5,6,3706,0,0,0,,0,051,"EL KU AV","SIERRA ST",530.00,S,N,A,-,N,,,,,,,,,,,4,0,1,2,A,-,09,21804,A,N,D,G,A,A,H,-,A,D,0,,Y,,,Y,,A,01,0,0,1,0,0,0,1,0,0,"- ","- ",,,"SAN DIEGO",ESCONDIDO,-117.0685752,33.075809999999997
6145572,2013,2014-03-14,3702,2013-07-26,1227,CV0816,,5,5,6,3702,0,0,0,,0,013,"3RD AV","J ST",345.00,S,N,A,-,N,,,,,,,,,,N,4,0,1,2,A,-,10,21952,,F,G,B,F,A,H,-,A,A,0,Y,,,,Y,,D,22,0,0,1,0,1,0,0,0,0,"- ","- ",,,"SAN DIEGO","CHULA VISTA",-117.07417940000001,32.626598100000002
6145596,2013,2014-03-14,3702,2013-07-15,0900,CV0681,,1,5,6,3702,0,0,0,,0,012,"3RD AV","K ST",0.00,,Y,A,-,N,,,,,,,,,,N,3,0,1,2,A,-,10,21950,A,N,G,B,B,-,H,-,A,A,0,Y,,,,Y,,D,22,0,1,0,0,1,0,0,0,0,"- ","- ",,,"SAN DIEGO","CHULA VISTA",-117.073172,32.6240448
6145606,2013,2014-03-17,3702,2013-07-17,1144,CV0662,,3,5,6,3702,0,0,0,,0,022,"3RD AV","NAPLES ST",106.00,S,N,A,-,N,,,,,,,,,,N,3,0,1,2,A,-,05,21650,1,N,D,G,A,A,H,-,A,D,0,,Y,,,Y,,L,04,0,1,0,0,0,0,1,0,0,"- ","- ",,,"SAN DIEGO","CHULA VISTA",-117.069023,32.613409400000002
6146532,2013,2014-03-19,3705,2013-07-01,1606,EC0301,,1,5,5,3705,0,0,0,,0,006,FLETCHER,MARSHALL,48.00,W,N,A,-,N,,,,,,,,,,N,3,0,1,2,A,-,03,22350,,N,C,G,A,A,H,-,A,A,0,,Y,,,Y,,L,04,0,1,0,0,0,0,1,0,0,"- ","- ",,,"SAN DIEGO","EL CAJON",-116.9756874,32.807648999999998
6146884,2013,2014-03-05,3705,2013-06-12,1443,EC0301,,3,5,5,3705,0,0,0,,0,006,FLETCHER,BROCKTON,183.00,E,N,A,-,N,,,,,,,,,,N,3,0,1,2,A,-,03,22350,,N,C,G,A,A,H,-,A,D,0,,Y,,,Y,,L,04,0,1,0,0,0,0,1,0,0,"- ","- ",,,"SAN DIEGO","EL CAJON",-116.9949865,32.803007399999998
6146974,2013,2014-03-17,3701,2013-07-20,1713,5427,37,6,5,5,3701,0,0,0,,0,002,"CARLSBAD BL","MAPLE AV",2.00,S,N,B,-,N,,,,,,,,,,N,3,0,1,2,A,-,10,21950,A,N,G,B,C,A,H,-,A,D,0,Y,,,,Y,,D,22,0,1,0,0,1,0,0,0,0,"- ","- ",,,"SAN DIEGO",CARLSBAD,-117.3487784,33.1519002
6147444,2013,2014-03-19,9645,2013-07-07,1825,18587,,7,2,7,3711,0,1,1,,2,001,"RT 5","RT 15",1000.00,S,N,A,-,Y,SD,11,5,-,R,12.440,H,-,S,N,3,0,1,2,A,-,11,21954,A,N,G,B,E,A,H,-,A,D,1,Y,,,,Y,,N,60,0,1,0,0,1,0,0,0,0,"- ","- ",32.689799999999998,-117.11749,"SAN DIEGO","SAN DIEGO",-117.1199249,32.691475599999997
6147562,2013,2014-03-14,3701,2013-07-10,2257,5413,105,3,5,5,3701,0,0,0,,0,007,"VIA PLATILLO","VIA PLATILLO 2312",6.00,W,N,A,-,N,,,,,,,,,,N,3,0,1,2,D,-,00,,,M,G,B,E,A,H,-,C,D,0,Y,,,,Y,,-,"- ",0,1,0,0,1,0,0,0,0,"- ","- ",33.084420000000001,-117.2666,"SAN DIEGO",CARLSBAD,-117.25673676,33.097646099999999
6147566,2013,2014-03-14,3701,2013-07-08,1355,5191,1,1,5,5,3701,0,0,0,,0,001,"CARLSBAD BL","OAK AV",0.00,,Y,A,-,N,,,,,,,,,,N,3,0,2,2,A,-,10,21950,A,N,G,B,B,A,H,-,A,A,0,Y,,Y,,Y,,C,02,0,2,0,0,1,0,0,0,1,"- ","- ",,,"SAN DIEGO",CARLSBAD,-117.350742,33.156794900000001
6147570,2013,2014-03-14,3701,2013-07-20,0851,5182,NCOUN,6,5,5,3701,0,0,0,,0,002,"CARLSBAD BL","TAMARACK AV",5280.00,S,N,B,-,N,,,,,,,,,,N,3,0,2,2,A,-,04,21703,,N,C,G,A,A,H,-,A,D,0,,Y,,,Y,,L,04,0,2,0,0,0,0,2,0,0,"- ","- ",,,"SAN DIEGO",CARLSBAD,-117.3371514,33.134883799999997
6147574,2013,2014-03-14,3701,2013-07-15,1715,5326,92,1,5,5,3701,0,0,0,,0,007,"EL CAMINIO REAL","EL CAMINIO REAL 6981",0.00,,-,A,-,N,,,,,,,,,,N,3,0,1,2,B,-,22,,,F,G,B,F,A,H,-,A,D,0,Y,,,,Y,,-,"- ",0,1,0,0,1,0,0,0,0,"- ","- ",,,"SAN DIEGO",CARLSBAD,-117.26668864,33.102843999999997
6147582,2013,2014-03-14,3701,2013-07-17,1508,5291,102,3,5,5,3701,0,0,0,,0,007,"EL CAMINIO REAL","COSTA DEL MAR RD",520.00,S,N,A,-,N,,,,,,,,,,N,3,0,1,2,A,-,09,21804,A,N,G,B,E,A,H,-,A,A,0,Y,,,,Y,,A,01,0,1,0,0,1,0,0,0,0,"- ","- ",,,"SAN DIEGO",CARLSBAD,-117.2691834,33.087849599999998
6147586,2013,2014-03-14,3701,2013-07-23,0512,5389,81,2,5,5,3701,0,0,0,,0,006,"MELROSE DR","PALOMAR AIRPORT RD",345.00,N,N,A,-,N,,,,,,,,,,N,3,0,1,2,A,-,03,22350,,N,C,G,A,A,H,-,D,D,0,,Y,,,Y,,L,04,0,1,0,0,0,0,1,0,0,"- ","- ",,,"SAN DIEGO",CARLSBAD,-117.24523634000001,33.131195599999998
6147738,2013,2014-07-23,9645,2013-06-28,1725,017667,,5,2,7,3711,0,1,1,,2,017,"RT 15","MIRA MESA BL",15.00,S,N,A,-,Y,SD,11,15,-,M,15.765,R,3,S,N,3,0,1,2,A,-,08,22107,,N,D,G,A,A,H,-,A,D,1,,Y,,,Y,,L,04,0,1,0,0,0,0,1,0,0,FR,"- ",32.917020000000001,-117.11768000000001,"SAN DIEGO","SAN DIEGO",-117.11658180000001,32.912094799999998
6148184,2013,2014-03-13,3702,2013-07-02,1730,CV0815,,2,5,6,3702,0,0,0,,0,012,"G ST",BROADWAY,6.00,W,N,A,-,N,,,,,,,,,,N,3,0,1,2,A,-,10,21950,A,N,G,B,B,A,H,-,A,A,0,Y,,,,Y,,A,01,0,1,0,0,1,0,0,0,0,"- ","- ",,,"SAN DIEGO","CHULA VISTA",-117.0908305,32.634369999999997
6148342,2013,2014-03-12,3709,2013-07-03,0830,413,,3,5,5,3709,0,0,0,,0,023,"HIGHLAND AV","EAST 30TH ST",0.00,,Y,A,-,N,,,,,,,,,,N,4,0,1,2,A,-,12,21453,A,N,D,G,A,A,H,-,A,A,0,,Y,,,Y,,L,04,0,0,1,0,0,0,1,0,0,"- ","- ",,,"SAN DIEGO","NATIONAL CITY",-117.09135190000001,32.659124800000001
6148395,2013,2014-04-02,3702,2013-04-29,1513,CV1026,,1,5,6,3702,0,0,0,,0,012,"4TH AV","H ST",0.00,,Y,A,-,N,,,,,,,,,,N,4,0,1,2,A,-,10,21950,A,N,G,B,B,A,H,-,A,A,0,Y,,,,Y,,A,01,0,0,1,0,1,0,0,0,0,"- ","- ",,,"SAN DIEGO","CHULA VISTA",-117.08130199999999,32.633234799999997
6148629,2013,2014-02-26,3705,2013-05-31,1124,EC0304,,5,5,5,3705,0,0,0,,0,009,"LEXINGTON AV","FIRST ST",8.00,W,N,A,-,N,,,,,,,,,,N,4,0,1,2,A,-,10,21950,A,F,G,B,B,A,H,-,A,A,0,Y,,,,Y,Y,A,01,0,0,1,0,1,0,0,0,0,"- ","- ",,,"SAN DIEGO","EL CAJON",-116.9446478,32.792754799999997
6148704,2013,2014-03-06,3705,2013-06-01,1740,EC0304,,6,5,5,3705,0,0,0,,0,008,"SOUTH SUNSHINE AV","WEST CHASE AV",8.00,N,N,A,-,N,,,,,,,,,,N,3,0,1,2,A,-,10,21950,A,F,G,B,B,A,H,-,A,A,0,Y,,,,Y,,-,"- ",0,1,0,0,1,0,0,0,0,"- ","- ",,,"SAN DIEGO","EL CAJON",-116.96460190000001,32.7804067
6149108,2013,2014-03-06,3700,2013-06-29,2109,SH2560,,6,5,5,3713,0,0,0,,0,031,"SOUTH SANTA FE AV","GUAJOME ST",8.00,W,N,A,-,N,,,,,,,,,,N,3,0,1,2,A,-,05,21650,1,N,H,G,A,A,H,-,C,A,0,,Y,,,Y,,L,04,0,1,0,0,0,0,1,0,0,"- ","- ",,,"SAN DIEGO",VISTA,-117.2398584,33.1974418
6149146,2013,2014-03-11,3700,2013-07-12,1802,SH2560,,5,5,5,3713,0,0,0,,0,319,"LONGHORN DR","SOUTH MELROSE DR",447.00,W,N,A,-,N,,,,,,,,,,N,4,0,1,2,A,-,03,22350,,F,B,B,E,A,H,-,A,D,0,Y,,,,Y,Y,-,"- ",0,0,1,0,1,0,0,0,0,"- ","- ",,,"SAN DIEGO",VISTA,-117.2471979,33.164587699999998
6149150,2013,2014-03-11,3700,2013-07-15,0519,SH1908,,1,5,5,3713,0,0,0,,0,317,"SYCAMORE AV","GRAND AV",245.00,N,N,A,-,N,,,,,,,,,,N,4,0,1,2,A,-,07,21658,A,N,D,G,A,A,H,-,C,D,0,,Y,,,Y,,A,08,0,0,1,0,0,0,1,0,0,"- ","- ",,,"SAN DIEGO",VISTA,-117.2241899,33.156174399999998