CASE_ID,ACCIDENT_YEAR,PROC_DATE,JURIS,COLLISION_DATE,COLLISION_TIME,OFFICER_ID,REPORTING_DISTRICT,DAY_OF_WEEK,CHP_SHIFT,POPULATION,CNTY_CITY_LOC,SPECIAL_COND,BEAT_TYPE,CHP_BEAT_TYPE,CITY_DIVISION_LAPD,CHP_BEAT_CLASS,BEAT_NUMBER,PRIMARY_RD,SECONDARY_RD,DISTANCE,DIRECTION,INTERSECTION,WEATHER_1,WEATHER_2,STATE_HWY_IND,CALTRANS_COUNTY,CALTRANS_DISTRICT,STATE_ROUTE,ROUTE_SUFFIX,POSTMILE_PREFIX,POSTMILE,LOCATION_TYPE,RAMP_INTERSECTION,SIDE_OF_HWY,TOW_AWAY,COLLISION_SEVERITY,NUMBER_KILLED,NUMBER_INJURED,PARTY_COUNT,PRIMARY_COLL_FACTOR,PCF_CODE_OF_VIOL,PCF_VIOL_CATEGORY,PCF_VIOLATION,PCF_VIOL_SUBSECTION,HIT_AND_RUN,TYPE_OF_COLLISION,MVIW,PED_ACTION,ROAD_SURFACE,ROAD_COND_1,ROAD_COND_2,LIGHTING,CONTROL_DEVICE,CHP_ROAD_TYPE,PEDESTRIAN_ACCIDENT,BICYCLE_ACCIDENT,MOTORCYCLE_ACCIDENT,TRUCK_ACCIDENT,NOT_PRIVATE_PROPERTY,ALCOHOL_INVOLVED,STWD_VEHTYPE_AT_FAULT,CHP_VEHTYPE_AT_FAULT,COUNT_SEVERE_INJ,COUNT_VISIBLE_INJ,COUNT_COMPLAINT_PAIN,COUNT_PED_KILLED,COUNT_PED_INJURED,COUNT_BICYCLIST_KILLED,COUNT_BICYCLIST_INJURED,COUNT_MC_KILLED,COUNT_MC_INJURED,PRIMARY_RAMP,SECONDARY_RAMP,LATITUDE,LONGITUDE,COUNTY,CITY,POINT_X,POINT_Y
6290671,2014,2014-06-16,9645,2014-02-22,0503,15001,,6,3,7,3711,0,1,1,,2,010,"RT 8","RT 163",118.00,E,N,A,-,Y,SD,11,8,-,-,2.480,H,-,W,Y,1,1,1,2,A,-,03,22350,,N,G,B,E,A,H,-,D,D,1,Y,,,,Y,,A,01,0,1,0,1,0,0,0,0,0,"- ","- ",32.761110000000002,-117.16713,"SAN DIEGO","SAN DIEGO",-117.16274244,32.763022300000003
6290721,2014,2014-06-11,3711,2014-05-03,1820,5072,,6,5,7,3711,0,0,0,,0,242,"MIRA MESA BL","WESTMORE RD",0.00,,Y,A,-,N,,,,,,,,,,Y,1,1,0,2,A,-,10,21950,A,N,G,B,B,A,H,-,A,A,0,Y,,,,Y,,A,01,0,0,0,1,0,0,0,0,0,"- ","- ",,,"SAN DIEGO","SAN DIEGO",-117.12997009999999,32.916210020000001
6290722,2014,2014-06-11,3711,2014-05-17,2018,5393,,6,5,7,3711,0,0,0,,0,234,"RANCHO BERNARDO RD","BERNARDO CENTER RD",510.00,W,N,A,-,N,,,,,,,,,,N,1,1,0,2,A,-,17,21663,,F,G,B,F,A,H,-,C,D,0,Y,,,,Y,,-,99,0,0,0,1,0,0,0,0,0,"- ","- ",,,"SAN DIEGO","SAN DIEGO",-117.07608807,33.022922639999997
6290729,2014,2014-10-06,3711,2014-02-09,0602,5209,,7,5,7,3711,0,0,0,,0,712,"EAST SAN YSIDRO BL","WILLOW RD",0.00,,Y,A,-,N,,,,,,,,,,N,1,1,0,2,A,-,10,21954,B,F,G,B,D,A,H,-,C,D,0,Y,,,,Y,,-,99,0,0,0,1,0,0,0,0,0,"- ","- ",,,"SAN DIEGO","SAN DIEGO",-117.04232008,32.55206003
6290734,2014,2014-10-06,3709,2014-02-10,2237,393,,1,5,5,3709,0,0,0,,0,023,"HIGHLAND AV","RT 54",0.00,N,N,A,-,N,,,,,,,,,,Y,1,1,0,2,A,-,11,21955,,F,G,B,D,A,-,-,C,D,0,Y,,,,Y,Y,A,01,0,0,0,1,0,0,0,0,0,"- ",WF,,,"SAN DIEGO","NATIONAL CITY",-117.09017009,32.656170060000001
6290942,2013,2015-01-13,3700,2013-05-02,0521,SH1908,,4,5,5,3781,0,0,0,,0,510,"MAST BL","VOMAC RD",0.00,,Y,A,-,N,,,,,,,,,,N,1,1,0,2,A,-,12,22450,A,N,H,G,A,A,H,-,C,D,0,,Y,,,Y,,L,04,0,0,0,0,0,1,0,0,0,"- ","- ",,,"SAN DIEGO",SANTEE,-116.9944819,32.8528448
6290943,2013,2014-07-22,3710,2013-01-17,0344,OC1274,,4,5,6,3710,0,0,0,,0,035,"RT 76","NORTH SANTA FE AV",400.00,W,N,A,-,Y,SD,11,76,-,R,6.640,H,-,E,N,1,1,0,2,A,-,11,21954,A,N,G,B,D,A,H,-,C,D,0,Y,,,Y,Y,,N,60,0,0,0,1,0,0,0,0,0,"- ","- ",,,"SAN DIEGO",OCEANSIDE,-117.2827154,33.245386199999999
6291047,2013,2015-01-16,3710,2013-11-28,1745,OC1274,,4,5,6,3710,0,0,0,,0,016,"MISSION AV","FIRESIDE DR",87.00,E,N,B,-,N,,,,,,,,,,N,1,1,0,3,A,-,11,21954,A,N,G,B,D,A,H,-,C,A,0,Y,,,,Y,,N,60,0,0,0,1,0,0,0,0,0,"- ","- ",,,"SAN DIEGO",OCEANSIDE,-117.3352045,33.222517799999999
6291060,2014,2014-08-13,3702,2014-03-03,1611,CV0695,,1,5,6,3702,0,0,0,,0,014,"EAST J ST","DENNIS AV",20.00,W,N,A,-,N,,,,,,,,,,Y,1,1,1,2,A,-,01,23153,A,N,H,G,A,A,H,-,A,D,0,,Y,,,Y,,A,01,1,0,0,0,0,1,0,0,0,"- ","- ",,,"SAN DIEGO","CHULA VISTA",-117.05680194999999,32.632454090000003
6291069,2014,2014-08-19,3700,2014-04-10,0935,SH4541,,4,5,5,3712,0,0,0,,0,355,"S LAS POSAS RD","GRAND AV",0.00,,Y,A,-,N,,,,,,,,,,N,1,1,0,2,A,-,05,21202,A,N,H,G,A,A,H,-,A,A,0,,Y,,Y,Y,,L,04,0,0,0,0,0,1,0,0,0,"- ","- ",,,"SAN DIEGO","SAN MARCOS",-117.19165011,33.142940070000002
6291093,2014,2014-08-13,3711,2014-06-21,2223,4495,,6,5,7,3711,0,0,0,,0,123,"EAST MISSION BAY DR","PLAYA PACIFIC PARK DRVWY",67.00,S,N,A,-,N,,,,,,,,,,N,1,1,0,2,A,-,11,21954,A,N,G,B,D,A,H,-,C,D,0,Y,,,,Y,,N,60,0,0,0,1,0,0,0,0,0,"- ","- ",,,"SAN DIEGO","SAN DIEGO",-117.20883071,32.782134710000001
6291097,2014,2015-12-21,9645,2014-02-22,0050,19676,,6,3,6,3702,0,1,1,,2,001,"RT 5","L ST",1000.00,N,N,A,-,Y,SD,11,5,-,-,7.000,H,-,N,Y,1,1,0,2,A,-,11,21954,A,N,G,B,E,A,H,-,C,D,1,Y,,,,Y,Y,N,60,0,0,0,1,0,0,0,0,0,"- ","- ",32.61748,-117.09125,"SAN DIEGO","CHULA VISTA",-117.09153357,32.617977879999998
6291114,2014,2014-08-15,3711,2014-05-01,2000,5972,,4,5,7,3711,0,0,0,,0,827,"UNIVERSITY AV","SHILOH RD",351.00,W,N,A,-,N,,,,,,,,,,N,1,1,0,2,A,-,11,21954,A,N,G,B,D,A,H,-,C,D,0,Y,,,,Y,,N,60,0,0,0,1,0,0,0,0,0,"- ","- ",,,"SAN DIEGO","SAN DIEGO",-117.08266766,32.749089400000003
6291268,2014,2016-01-06,9645,2014-08-03,0500,20066,,7,3,7,3711,0,1,1,,2,005,"RT 5","OLD TOWN AV",1981.00,N,N,B,-,Y,SD,11,5,-,R,19.410,H,-,S,N,1,1,0,2,A,-,11,21954,A,N,G,B,D,A,H,-,D,D,1,Y,,,,Y,,N,60,0,0,0,1,0,0,0,0,0,"- ","- ",32.751260000000002,-117.19739,"SAN DIEGO","SAN DIEGO",-117.19779798,32.751672419999998
6291319,2014,2014-10-20,3701,2014-07-19,0045,CB5290,1,6,5,5,3701,0,0,0,,0,001,"CARLSBAD BL","WALNUT AV",46.00,N,N,A,-,N,,,,,,,,,,Y,1,1,2,4,A,-,11,21954,A,N,G,B,D,A,H,-,C,D,0,Y,,,,Y,Y,N,60,0,2,0,1,2,0,0,0,0,"- ","- ",,,"SAN DIEGO",CARLSBAD,-117.35025950000001,33.153956030000003
6291324,2014,2014-10-20,3711,2014-07-30,0721,5209,,3,5,7,3711,0,0,0,,0,321,"SAN DIEGO MISSION RD","SAN DIEGO MISSION RD 10300",0.00,,-,A,-,N,,,,,,,,,,N,1,1,0,2,A,-,10,21952,,N,G,B,F,A,H,-,A,D,0,Y,,,,Y,,A,07,0,0,0,1,0,0,0,0,0,"- ","- ",,,"SAN DIEGO","SAN DIEGO",-117.11158186,32.785317249999999
6291500,2014,2014-10-29,3711,2014-08-06,1624,4653,,3,5,7,3711,0,0,0,,0,241,"SCRIPPS LAKE DR","LAKE MIRAMAR ACCESS RD",0.00,,N,A,-,N,,,,,,,,,,N,3,0,1,2,B,-,22,,,N,H,G,A,A,H,-,A,D,0,,Y,,,Y,,L,04,0,1,0,0,0,0,1,0,0,"- ","- ",,,"SAN DIEGO","SAN DIEGO",-117.10359424000001,32.911903940000002
6291505,2014,2014-10-30,9680,2014-09-07,2045,20049,,7,2,9,3700,0,3,5,,2,002,BROADWAY,"SPRING ST",93.00,W,N,A,-,N,,,,,,,,,,N,1,1,0,2,C,-,18,,,N,G,B,D,A,H,-,C,A,0,Y,,,,Y,Y,-,"- ",0,0,0,1,0,0,0,0,0,"- ","- ",32.752090000000003,-117.01065,"SAN DIEGO",UNINCORPORATED,-117.01058734999999,32.752237469999997
6291564,2014,2014-11-07,3711,2014-10-02,1122,4823,SANDI,4,5,7,3711,0,0,0,,0,451,"EUCLID AV","LYONS ST",61.00,N,N,A,-,N,,,,,,,,,,N,1,1,0,2,A,-,11,21954,A,N,G,B,D,A,H,-,A,D,0,Y,,,,Y,,N,60,0,0,0,1,0,0,0,0,0,"- ","- ",,,"SAN DIEGO","SAN DIEGO",-117.08495863,32.720367080000003
6291573,2014,2014-11-07,3711,2014-10-07,1154,5600,,2,5,7,3711,0,0,0,,0,124,"GIRARD AV","SILVERADO ST",200.00,S,N,B,-,N,,,,,,,,,,N,1,1,0,3,A,-,21,22106,,N,G,B,E,A,H,-,A,D,0,Y,,,,Y,,A,01,0,0,0,1,0,0,0,0,0,"- ","- ",,,"SAN DIEGO","SAN DIEGO",-117.27383381999999,32.844570310000002
6291600,2014,2016-01-12,3711,2014-10-07,2312,5051,,2,5,7,3711,0,0,0,,0,611,"HANCOCK ST","CAMINO DEL RIO W",0.00,,Y,A,-,N,,,,,,,,,,Y,1,1,0,2,B,-,22,,,N,H,G,A,A,H,-,D,A,0,,Y,,,Y,Y,L,04,0,0,0,0,0,1,0,0,0,"- ","- ",,,"SAN DIEGO","SAN DIEGO",-117.20508012000001,32.754250120000002
6291618,2014,2014-11-18,9680,2014-09-19,0514,19867,,5,3,5,3781,0,1,3,,2,016,"RT 67","PROSPECT AV",1584.00,S,N,A,-,Y,SD,11,67,-,R,1.720,H,-,N,Y,1,1,2,3,C,-,18,,,N,G,B,E,A,C,-,D,D,1,Y,,,,Y,,-,"- ",1,1,0,1,0,0,0,0,0,"- ","- ",32.826839999999997,-116.96185,"SAN DIEGO",SANTEE,-116.96168941000001,32.827780169999997
6291688,2014,2014-12-11,9645,2014-10-30,0447,14625,"SAN D",4,3,7,3711,0,1,1,,2,010,"CAMINO DEL RIO W","JEFFERSON ST",390.00,N,N,A,-,Y,SD,11,8,-,R,0.020,R,2,W,Y,1,1,0,4,A,-,"- ",,,N,G,B,E,A,H,-,C,D,0,Y,,,Y,Y,,N,60,0,0,0,1,0,0,0,0,0,"- ","- ",,,"SAN DIEGO","SAN DIEGO",-117.20405481,32.759693239999997
6291796,2014,2015-01-17,9680,2014-11-01,0322,15008,,6,3,9,3700,0,1,3,,1,090,"RT 67","MUSSEY GRADE RD",1056.00,W,N,B,C,Y,SD,11,67,-,R,20.670,H,-,S,Y,1,1,0,2,D,-,00,,,N,G,B,D,B,H,-,D,D,0,Y,,,,Y,Y,-,"- ",0,0,0,1,0,0,0,0,0,"- ","- ",33.009500000000003,-116.91719000000001,"SAN DIEGO",UNINCORPORATED,-116.91826279,33.009918669999998
6291825,2014,2015-01-09,3711,2014-11-09,1729,6366,,7,5,7,3711,0,0,0,,0,813,"LINCOLN AV","HAMILTON ST",29.00,E,N,A,-,N,,,,,,,,,,N,1,1,0,1,A,-,03,22350,,N,H,G,A,A,G,-,C,D,0,,Y,,,Y,Y,L,04,0,0,0,0,0,1,0,0,0,"- ","- ",,,"SAN DIEGO","SAN DIEGO",-117.136246,32.750300750000001
6291883,2014,2015-01-29,9650,2014-07-29,0022,19191,,2,3,9,3700,0,3,5,,2,006,"E FALLBROOK ST","SHADY GLEN DR",10.00,W,N,A,-,N,,,,,,,,,,N,1,1,0,2,A,-,03,22350,,N,G,B,D,A,H,-,C,D,0,Y,,,,Y,Y,-,99,0,0,0,1,0,0,0,0,0,"- ","- ",33.376550000000002,-117.24204,"SAN DIEGO",UNINCORPORATED,-117.24191265,33.376539999999999
6291912,2014,2015-12-28,9645,2014-11-10,1915,015580,,1,2,7,3711,0,1,1,,2,007,"RT 5","VIA DE LA VALLE",349.00,E,N,A,-,Y,SD,11,5,-,R,36.496,R,2,N,Y,1,1,0,2,A,-,11,21954,A,N,G,B,D,A,H,-,D,A,0,Y,,,,Y,Y,N,60,0,0,0,1,0,0,0,0,0,FR,"- ",32.980510000000002,-117.25194,"SAN DIEGO","SAN DIEGO",-117.25411723000001,32.982987860000001
6291946,2014,2015-02-06,3701,2014-12-28,0713,5291,37,7,5,5,3701,0,0,0,,0,002,"CARLSBAD BL","REDWOOD AV",44.00,S,N,A,-,N,,,,,,,,,,N,1,1,0,2,A,-,08,22107,,N,G,B,F,A,H,-,A,D,0,Y,,,,Y,,A,07,0,0,0,1,0,0,0,0,0,"- ","- ",33.148139999999998,-117.34575,"SAN DIEGO",CARLSBAD,-117.34580808,33.148071080000001
6291947,2014,2015-02-06,3711,2014-12-28,1817,6366,,7,5,7,3711,0,0,0,,0,827,"UNIVERSITY AV","SHILOH RD",242.00,W,N,A,-,N,,,,,,,,,,N,1,1,0,2,A,-,08,22107,,F,G,B,E,A,H,-,D,D,0,Y,,,,Y,,A,07,0,0,0,1,0,0,0,0,0,"- ","- ",,,"SAN DIEGO","SAN DIEGO",-117.08231437000001,32.749086480000003
6291993,2014,2015-03-02,3700,2014-03-11,0840,SH7478,,2,5,4,3780,0,0,0,,0,410,"TWIN PEAKS RD","MAPLEWOOD ST",141.00,W,N,A,-,N,,,,,,,,,,Y,1,1,0,2,A,-,17,21209,,N,G,B,E,A,H,-,A,A,0,Y,,,,Y,,A,01,0,0,0,1,0,0,0,0,0,"- ","- ",,,"SAN DIEGO",POWAY,-117.0552395,32.978424920000002
6292007,2014,2015-03-07,9680,2014-02-25,1632,018104,,2,2,9,3700,0,2,4,,1,026,"JAMACHA BL","LA PRESA AV",0.00,,Y,A,-,N,,,,,,,,,,Y,1,1,0,3,A,-,11,21950,B,N,G,B,B,A,H,-,A,A,0,Y,,,,Y,,N,60,0,0,0,1,0,0,0,0,0,"- ","- ",32.707810000000002,-116.99323,"SAN DIEGO",UNINCORPORATED,-116.99325012,32.707780110000002
6292247,2015,2017-05-09,3706,2015-04-24,0803,ES0264,,5,5,6,3706,0,0,0,,0,045,"MISSION AV","QUINCE ST",22.00,W,N,B,-,N,,,,,,,,,,N,1,1,0,2,D,-,00,,,N,G,B,E,B,H,-,A,A,0,Y,,,,Y,,-,"- ",0,0,0,1,0,0,0,0,0,"- ","- ",,,"SAN DIEGO",ESCONDIDO,-117.09347726999999,33.127799330000002
6292258,2015,2015-06-08,3711,2015-04-28,2008,4576,,2,5,7,3711,0,0,0,,0,123,"SEA WORLD DR","MISSION BAY DR",294.00,E,N,A,-,N,,,,,,,,,,N,1,1,0,2,A,-,11,21955,,N,G,B,D,A,H,-,E,D,0,Y,,,,Y,,N,60,0,0,0,1,0,0,0,0,0,"- ","- ",,,"SAN DIEGO","SAN DIEGO",-117.23009999999999,32.761470000000003
6292266,2015,2015-06-11,3711,2015-04-30,1418,4243,,4,5,7,3711,0,0,0,,0,934,"DEL MAR TRAILS RD","MONA LISA ST",0.00,,Y,A,-,N,,,,,,,,,,N,1,1,0,2,A,-,10,21950,A,N,G,B,B,A,H,-,A,D,0,Y,,,,Y,,A,01,0,0,0,1,0,0,0,0,0,"- ","- ",,,"SAN DIEGO","SAN DIEGO",-117.21929,32.94299006
6292354,2015,2015-07-08,3700,2015-01-22,1810,SH5656,,4,5,4,3720,0,0,0,,0,606,"SKYLINE DR","ALTON DR",0.00,,Y,A,-,N,,,,,,,,,,Y,1,1,1,3,A,-,11,21954,A,N,G,B,D,A,H,-,C,D,0,Y,,,,Y,,N,60,1,0,0,1,1,0,0,0,0,"- ","- ",,,"SAN DIEGO","LEMON GROVE",-117.02698005000001,32.728990029999999
6292364,2015,2015-07-09,9680,2015-02-10,1245,15061,,2,1,9,3700,0,3,5,,2,001,"VALLE VISTA RD","EUCALYPTUS HILLS DR",2640.00,N,N,A,-,N,,,,,,,,,,N,1,1,0,2,A,-,11,21954,A,N,G,B,E,A,H,-,A,D,0,Y,,,,Y,,N,60,0,0,0,1,0,0,0,0,0,"- ","- ",32.887729999999998,-116.94158,"SAN DIEGO",UNINCORPORATED,-116.94139767999999,32.887152540000002
6292402,2015,2015-07-24,3705,2015-02-03,0548,EC0278,,2,5,5,3705,0,0,0,,0,006,"N CUYAMACA ST","WELD BL",24.00,S,N,A,-,N,,,,,,,,,,Y,1,1,0,2,D,-,00,,,N,G,B,B,A,H,-,C,A,0,Y,,,,Y,,-,"- ",0,0,0,1,0,0,0,0,0,"- ","- ",,,"SAN DIEGO","EL CAJON",-116.98379509,32.827577730000002
6292481,2015,2015-08-12,3711,2015-07-15,2129,3815,,3,5,7,3711,0,0,0,,0,123,"INGRAHAM ST","DANA LANDING RD",67.00,N,N,A,-,N,,,,,,,,,,Y,1,1,0,2,A,-,11,21453,D,N,G,B,B,A,H,-,C,A,0,Y,,,,Y,,N,60,0,0,0,1,0,0,0,0,0,"- ","- ",,,"SAN DIEGO","SAN DIEGO",-117.23362951999999,32.768031399999998
6292521,2015,2015-08-21,3703,2015-05-11,1645,1028,,1,5,3,3703,0,0,0,,0,001,"RT 75","A AV",0.00,,Y,A,-,Y,SD,11,75,-,R,19.930,H,-,N,Y,1,1,0,2,A,-,11,21950,B,N,D,B,B,A,H,-,A,D,0,Y,,,,Y,,N,60,0,0,0,1,0,0,0,0,0,"- ","- ",,,"SAN DIEGO",CORONADO,-117.17131354999999,32.692992889999999
6292574,2015,2015-09-10,3700,2015-03-17,1930,SH0059,,2,5,5,3713,0,0,0,,0,306,"NORTH SANTA FE AV","E CONNECTICUT AV",16.00,W,N,A,-,N,,,,,,,,,,Y,1,1,0,2,A,-,11,21954,A,N,G,B,D,A,H,-,C,A,0,Y,,,,Y,Y,N,60,0,0,0,1,0,0,0,0,0,"- ","- ",,,"SAN DIEGO",VISTA,-117.2449,33.206180000000003
6292639,2015,2015-09-16,9645,2015-06-11,2134,20301,,4,2,9,3700,0,1,3,,2,008,"RT 54","RT 805",853.00,W,N,A,-,Y,SD,11,54,-,-,1.660,H,-,W,Y,1,1,0,2,A,-,11,21954,A,N,G,B,D,A,H,-,D,D,1,Y,,,,Y,,N,60,0,0,0,1,0,0,0,0,0,"- ","- ",32.658880000000003,-117.07822,"SAN DIEGO",UNINCORPORATED,-117.07821477,32.658738800000002
6292641,2015,2015-09-16,9645,2015-06-17,1431,17667,,3,2,7,3711,0,1,1,,2,005,"RT 5","WASHINGTON ST",359.00,N,N,A,-,N,,,5,,,,,,,N,1,1,0,2,A,-,11,21954,A,N,G,B,D,A,H,-,A,D,0,Y,,,,Y,,N,60,0,0,0,1,0,0,0,0,0,FR,"- ",32.743270000000003,-117.18311,"SAN DIEGO","SAN DIEGO",-117.18325191,32.742977000000003
6292653,2015,2015-09-14,3708,2015-08-01,2042,LM1158,,6,5,5,3708,0,0,0,,0,003,"EL CAJON BL","COMANCHE DR",145.00,W,N,A,-,N,,,,,,,,,,Y,1,1,0,2,A,-,11,21950,B,N,G,B,D,A,H,-,-,D,0,Y,,,,Y,,N,60,0,0,0,1,0,0,0,0,0,"- ","- ",,,"SAN DIEGO","LA MESA",-117.03524882000001,32.768092350000003
6292660,2015,2015-09-15,3711,2015-08-13,1823,5046,,4,5,7,3711,0,0,0,,0,324,"NAVAJO RD","GOLFCREST DR",0.00,,Y,A,-,N,,,,,,,,,,Y,1,1,0,2,A,-,12,21453,A,N,G,B,B,A,H,-,A,A,0,Y,,,,Y,Y,D,23,0,0,0,1,0,0,0,0,0,"- ","- ",,,"SAN DIEGO","SAN DIEGO",-117.03810003,32.804150010000001
6292679,2015,2015-09-25,9680,2015-08-17,1532,16519,,1,2,5,3705,0,1,1,,2,081,"RT 8","SEVERIN DR",17.00,E,N,A,-,Y,SD,11,8,-,-,12.650,H,-,W,Y,1,1,1,3,A,-,08,22107,,N,G,B,E,A,H,-,A,D,1,Y,,,,Y,,A,07,0,1,0,1,0,0,0,0,0,"- ","- ",32.779580000000003,-116.99738000000001,"SAN DIEGO","EL CAJON",-116.99720572,32.779429899999997
6292683,2015,2015-09-21,3711,2015-08-31,1726,5600,,1,5,7,3711,0,0,0,,0,122,"GRAND AV","DAWES ST",0.00,,Y,A,-,N,,,,,,,,,,Y,1,1,0,2,A,-,10,21950,A,N,G,B,B,A,H,-,A,A,0,Y,,,,Y,,D,22,0,0,0,1,0,0,0,0,0,"- ","- ",,,"SAN DIEGO","SAN DIEGO",-117.24945,32.795930009999999
6292707,2015,2015-09-30,3702,2015-05-27,2218,CV0986,,3,5,6,3702,0,0,0,,0,011,"E ST","WOODLAWN AV",259.00,E,N,A,-,N,,,,,,,,,,Y,1,1,0,2,A,-,11,21954,A,N,G,B,D,A,H,-,C,D,0,Y,,,,Y,,N,60,0,0,0,1,0,0,0,0,0,"- ","- ",,,"SAN DIEGO","CHULA VISTA",-117.09678460000001,32.640414370000002
6292729,2015,2015-10-16,3711,2015-08-29,0955,6252,TRAFF,6,5,7,3711,0,0,0,,0,826,"EL CAJON BL","ALTADENA AV",14.00,E,N,A,-,N,,,,,,,,,,Y,1,1,0,2,A,-,10,21954,B,N,G,B,D,A,H,-,A,D,0,Y,,,,Y,,A,01,0,0,0,1,0,0,0,0,0,"- ","- ",,,"SAN DIEGO","SAN DIEGO",-117.08570515,32.756955869999999
6292789,2015,2016-04-26,3702,2015-10-24,0223,CV0604,,6,5,6,3702,0,0,0,,0,031,"TELEGRAPH CANYON RD","RT 805",93.00,E,N,A,-,Y,SD,11,805,-,-,5.847,R,4,N,N,1,1,0,2,A,-,11,21954,A,F,G,B,E,A,H,-,C,A,0,Y,,,,Y,Y,N,60,0,0,0,1,0,0,0,0,0,"- ",NF,,,"SAN DIEGO","CHULA VISTA",-117.04217468,32.625811370000001
6292854,2015,2016-03-02,3705,2015-01-08,1722,EC0295,,4,5,5,3705,0,0,0,,0,008,AVOCADO,MINNESOTA,31.00,N,N,A,-,N,,,,,,,,,,Y,1,1,0,3,A,-,11,21950,B,N,G,B,B,A,H,-,C,D,0,Y,,,,Y,,N,60,0,0,0,1,0,0,0,0,0,"- ","- ",,,"SAN DIEGO","EL CAJON",-116.95775,32.785054899999999
6292908,2017,2017-10-04,3710,2017-05-05,2135,OC1355,006,5,5,6,3710,0,0,0,,0,001,"MISSION AV","PIRATES COVE WY",384.00,E,N,A,-,Y,SD,11,5,-,R,53.433,R,4,S,Y,1,1,0,3,A,-,11,21954,A,F,G,B,D,A,H,-,D,D,0,Y,,,,Y,Y,N,60,0,0,0,1,0,0,0,0,0,"- ","- ",33.199260000000002,-117.34341000000001,"SAN DIEGO",OCEANSIDE,-117.37567967,33.201409949999999
6292961,2017,2017-10-25,3711,2017-09-14,1010,6702,,4,5,7,3711,0,0,0,,0,111,"BALBOA AV","MOUNT ABERNATHY AV",296.00,W,N,A,-,N,,,,,,,,,,Y,1,1,0,2,A,-,10,21952,,N,G,B,F,A,H,-,A,D,0,Y,,,,Y,,D,22,0,0,0,1,0,0,0,0,0,"- ","- ",,,"SAN DIEGO","SAN DIEGO",-117.1771001,32.820393510000002
6293037,2017,2019-04-05,3710,2017-06-22,2037,OC1363,014,4,5,6,3710,0,0,0,,0,004,"MISSION AV","AIRPORT RD",0.00,,Y,A,-,N,,,,,,,,,,Y,1,1,0,2,A,-,11,21461,5,N,G,B,B,A,H,-,C,A,0,Y,,,Y,Y,Y,N,60,0,0,0,1,0,0,0,0,0,"- ","- ",,,"SAN DIEGO",OCEANSIDE,-117.34830009,33.213370009999998
6293173,2013,2014-05-20,3711,2013-11-15,1100,7038,,5,5,7,3711,0,0,0,,0,512,"KEARNEY AV","BEARDSLEY ST",1000.00,W,N,B,-,N,,,,,,,,,,N,4,0,1,2,A,-,08,22107,,N,B,G,A,A,H,-,A,D,0,,Y,,,Y,Y,L,04,0,0,1,0,0,0,1,0,0,"- ","- ",,,"SAN DIEGO","SAN DIEGO",-117.14670538999999,32.705624829999998
6293179,2013,2014-05-20,3711,2013-11-14,1055,5278,,4,5,7,3711,0,0,0,,0,246,"SCRIPPS POWAY PKWY","ANGELIQUE ST",0.00,,Y,A,-,N,,,,,,,,,,N,3,0,2,3,A,-,"- ",,,N,G,B,B,A,H,-,A,A,0,Y,,,,Y,,-,"- ",0,2,0,0,2,0,0,0,0,"- ","- ",,,"SAN DIEGO","SAN DIEGO",-117.072962,32.934424900000003
6293183,2013,2014-05-20,3711,2013-11-14,0919,5300,,4,5,7,3711,0,0,0,,0,321,"FRIARS RD","SANTO RD",0.00,,Y,A,-,N,,,,,,,,,,N,4,0,1,2,A,-,10,21950,A,N,G,B,B,A,H,-,A,A,0,Y,,,,Y,,-,"- ",0,0,1,0,1,0,0,0,0,"- ","- ",,,"SAN DIEGO","SAN DIEGO",-117.105172,32.790444800000003
6293834,2013,2014-04-24,3705,2013-10-08,1513,EC5420,,2,5,5,3705,0,0,0,,0,010,MAGNOLIA,CYPRESS,11.00,S,N,A,-,N,,,,,,,,,,N,4,0,1,2,A,-,05,21650,,N,D,G,A,A,H,-,A,A,0,,Y,,,Y,,L,04,0,0,1,0,0,0,1,0,0,"- ","- ",,,"SAN DIEGO","EL CAJON",-116.9623819,32.7967947
6294734,2013,2014-05-08,3706,2013-11-20,1930,0465,ESPD,3,5,6,3706,0,0,0,,0,046,"EAST VALLEY PKWY","CITRUS AV",0.00,,Y,B,-,N,,,,,,,,,,N,3,0,1,2,A,-,11,21456,B,N,G,B,B,A,H,-,C,A,0,Y,,,,Y,,N,60,0,1,0,0,1,0,0,0,0,"- ","- ",,,"SAN DIEGO",ESCONDIDO,-117.044282,33.1409649
6295088,2013,2014-05-16,3702,2013-11-03,0440,CV0856,,7,5,6,3702,0,0,0,,0,023,"L ST","2ND AV",453.00,E,N,A,-,N,,,,,,,,,,N,2,0,1,2,A,-,11,21956,,N,G,B,E,A,H,-,C,D,0,Y,,,,Y,Y,N,60,1,0,0,0,1,0,0,0,0,"- ","- ",,,"SAN DIEGO","CHULA VISTA",-117.0665317,32.622549100000001
6295605,2013,2014-05-29,3711,2013-12-06,0735,5747,,5,5,7,3711,0,0,0,,0,613,"WEST POINT LOMA BL","ADRIAN ST",18.00,E,N,A,-,N,,,,,,,,,,N,3,0,1,2,A,-,09,21801,A,N,G,B,B,A,H,-,A,D,0,Y,,,,Y,,-,"- ",0,1,0,0,1,0,0,0,0,"- ","- ",,,"SAN DIEGO","SAN DIEGO",-117.2264847,32.752794600000001