CASE_ID,ACCIDENT_YEAR,PROC_DATE,JURIS,COLLISION_DATE,COLLISION_TIME,OFFICER_ID,REPORTING_DISTRICT,DAY_OF_WEEK,CHP_SHIFT,POPULATION,CNTY_CITY_LOC,SPECIAL_COND,BEAT_TYPE,CHP_BEAT_TYPE,CITY_DIVISION_LAPD,CHP_BEAT_CLASS,BEAT_NUMBER,PRIMARY_RD,SECONDARY_RD,DISTANCE,DIRECTION,INTERSECTION,WEATHER_1,WEATHER_2,STATE_HWY_IND,CALTRANS_COUNTY,CALTRANS_DISTRICT,STATE_ROUTE,ROUTE_SUFFIX,POSTMILE_PREFIX,POSTMILE,LOCATION_TYPE,RAMP_INTERSECTION,SIDE_OF_HWY,TOW_AWAY,COLLISION_SEVERITY,NUMBER_KILLED,NUMBER_INJURED,PARTY_COUNT,PRIMARY_COLL_FACTOR,PCF_CODE_OF_VIOL,PCF_VIOL_CATEGORY,PCF_VIOLATION,PCF_VIOL_SUBSECTION,HIT_AND_RUN,TYPE_OF_COLLISION,MVIW,PED_ACTION,ROAD_SURFACE,ROAD_COND_1,ROAD_COND_2,LIGHTING,CONTROL_DEVICE,CHP_ROAD_TYPE,PEDESTRIAN_ACCIDENT,BICYCLE_ACCIDENT,MOTORCYCLE_ACCIDENT,TRUCK_ACCIDENT,NOT_PRIVATE_PROPERTY,ALCOHOL_INVOLVED,STWD_VEHTYPE_AT_FAULT,CHP_VEHTYPE_AT_FAULT,COUNT_SEVERE_INJ,COUNT_VISIBLE_INJ,COUNT_COMPLAINT_PAIN,COUNT_PED_KILLED,COUNT_PED_INJURED,COUNT_BICYCLIST_KILLED,COUNT_BICYCLIST_INJURED,COUNT_MC_KILLED,COUNT_MC_INJURED,PRIMARY_RAMP,SECONDARY_RAMP,LATITUDE,LONGITUDE,COUNTY,CITY,POINT_X,POINT_Y
6346481,2014,2014-06-04,3703,2014-01-13,0428,1037,,1,5,3,3703,0,0,0,,0,001,"1ST ST","I AV",0.00,,Y,A,-,N,,,,,,,,,,N,4,0,1,2,A,-,21,22106,,N,D,G,A,A,H,-,A,A,0,,Y,,,Y,,A,01,0,0,1,0,0,0,1,0,0,"- ","- ",,,"SAN DIEGO",CORONADO,-117.17904007999999,32.701570099999998
6346485,2014,2014-06-04,3703,2014-01-07,0824,1270,,2,5,3,3703,0,0,0,,0,003,"STRAND WY","RENDOVA RD",78.00,N,N,A,-,N,,,,,,,,,,N,3,0,1,2,A,-,08,22107,,N,B,G,A,A,H,-,A,A,0,,Y,,,Y,,A,01,0,1,0,0,0,0,1,0,0,"- ","- ",,,"SAN DIEGO",CORONADO,-117.16850393999999,32.674236299999997
6346569,2014,2014-06-05,3711,2014-01-15,1535,5354,3711,3,5,7,3711,0,0,0,,0,625,"OLD TOWN AV","SAN DIEGO  AV",9.00,S,N,A,-,N,,,,,,,,,,N,3,0,1,2,A,-,10,21950,A,N,G,B,B,A,H,-,A,A,0,Y,,,,Y,,-,,0,1,0,0,1,0,0,0,0,"- ","- ",,,"SAN DIEGO","SAN DIEGO",-117.19227755999999,32.74927031
6346577,2014,2014-06-06,3711,2014-01-15,1240,6418,,3,5,7,3711,0,0,0,,0,114,"LUNA AV","MORAGA AV",17.00,E,N,A,-,N,,,,,,,,,,N,3,0,2,3,A,-,08,22107,,N,G,B,B,A,H,-,A,D,0,Y,,,,Y,,A,01,0,2,0,0,2,0,0,0,0,"- ","- ",,,"SAN DIEGO","SAN DIEGO",-117.21263455,32.829273610000001
6346625,2014,2014-06-06,3711,2014-01-15,1800,5807,,3,5,7,3711,0,0,0,,0,512,"WEBSTER AV","SOUTH 32ND ST",6.00,S,N,A,-,N,,,,,,,,,,N,3,0,1,2,A,-,11,21954,A,N,G,B,D,A,H,-,C,D,0,Y,,,,Y,,N,60,0,1,0,0,1,0,0,0,0,"- ","- ",,,"SAN DIEGO","SAN DIEGO",-117.12521,32.704300000000003
6346629,2014,2014-06-06,3711,2014-01-15,1727,5807,,3,5,7,3711,0,0,0,,0,511,"MAIN ST","VESTA ST",6.00,E,N,A,-,N,,,,,,,,,,N,4,0,1,2,A,-,11,21950,B,N,G,B,D,A,H,-,C,A,0,Y,,,,Y,,-,,0,0,1,0,1,0,0,0,0,"- ","- ",,,"SAN DIEGO","SAN DIEGO",-117.11535495,32.685479610000002
6346637,2014,2014-06-05,3711,2014-01-10,0902,6278,,5,5,7,3711,0,0,0,,0,529,"4TH AV","ELM ST",18.00,S,N,A,-,N,,,,,,,,,,N,3,0,1,2,A,-,10,21950,A,N,G,B,B,A,H,-,A,A,0,Y,,,,Y,,-,,0,1,0,0,1,0,0,0,0,"- ","- ",,,"SAN DIEGO","SAN DIEGO",-117.16113193,32.724030720000002
6346806,2016,2016-04-04,3710,2016-03-14,1243,OC0828,,1,5,6,3710,0,0,0,,0,006,"PIERVIEW WY","NORTH COAST HWY",15.00,E,N,B,-,N,,,,,,,,,,N,4,0,1,2,A,-,12,21453,A,N,D,G,A,B,H,-,A,A,0,,Y,,,Y,Y,L,04,0,0,1,0,0,0,1,0,0,"- ","- ",,,"SAN DIEGO",OCEANSIDE,-117.38017170000001,33.196735539999999
6347232,2016,2016-04-04,3709,2016-03-16,1800,493,,3,5,5,3709,0,0,0,,0,021,"N EUCLID AV","EUCLID AV 00",0.00,N,N,A,-,N,,,,,,,,,,N,3,0,1,2,A,-,09,21804,A,F,A,B,D,A,H,-,A,D,0,Y,,,,Y,,A,01,0,1,0,0,1,0,0,0,0,"- ","- ",,,"SAN DIEGO","NATIONAL CITY",,
6347256,2016,2017-02-14,3709,2016-03-17,1749,475,,4,5,5,3709,0,0,0,,0,,"WEST 8TH ST","HOOVER AV",0.00,,Y,B,-,Y,SD,11,5,-,R,11.264,R,4,N,N,2,0,1,2,A,-,11,21461,5,N,G,B,D,A,H,-,B,A,0,Y,,,,Y,Y,N,60,1,0,0,0,1,0,0,0,0,"- ","- ",,,"SAN DIEGO","NATIONAL CITY",-117.10916927,32.676718579999999
6347704,2016,2016-03-28,3711,2016-03-13,0622,7198,,7,5,7,3711,0,0,0,,0,521,"7TH AV","ISLAND AV",110.00,N,N,A,-,N,,,,,,,,,,N,3,0,1,1,A,-,13,22515,A,N,G,B,A,A,H,-,C,D,0,,,,,Y,,-,,0,1,0,0,0,0,0,0,0,"- ","- ",,,"SAN DIEGO","SAN DIEGO",-117.15833718,32.710741319999997
6347708,2016,2016-03-28,3711,2016-03-12,1134,6487,SD,6,5,7,3711,0,0,0,,0,832,"EL CAJON BL","CENTRAL AV",4.00,W,N,B,-,N,,,,,,,,,,N,4,0,1,2,A,-,10,21950,A,N,G,B,B,A,H,-,A,A,0,Y,,,,Y,,-,,0,0,1,0,1,0,0,0,0,"- ","- ",,,"SAN DIEGO","SAN DIEGO",-117.10823297,32.75526
6347736,2016,2016-03-28,3711,2016-03-05,2140,5555,,6,5,7,3711,0,0,0,,0,524,"FRONT ST","W CEDAR ST",5.00,N,N,C,-,N,,,,,,,,,,N,3,0,1,2,A,-,12,21453,A,N,D,B,B,B,H,-,C,A,0,Y,,,,Y,Y,N,60,0,1,0,0,1,0,0,0,0,"- ","- ",,,"SAN DIEGO","SAN DIEGO",-117.16477976,32.721973699999999
6347748,2016,2016-08-24,3711,2016-03-10,0812,6945,,4,5,7,3711,0,0,0,,0,712,"CAMINO DE LA PLZ","ZOO WILLOW RD",21.00,E,N,A,-,N,,,,,,,,,,N,4,0,1,2,A,-,11,21954,A,N,G,B,D,A,H,-,A,A,0,Y,,,,Y,,N,60,0,0,1,0,1,0,0,0,0,"- ","- ",,,"SAN DIEGO","SAN DIEGO",-117.04256504999999,32.545420399999998
6348085,2014,2014-06-11,9680,2014-01-08,1549,019407,,3,2,9,3700,0,2,4,,1,025,"SWEETWATER RD","TYLER ST",0.00,,Y,A,-,N,,,,,,,,,,N,4,0,1,2,A,-,10,21950,A,N,G,B,B,A,H,-,A,A,0,Y,,,,Y,,A,08,0,0,1,0,1,0,0,0,0,"- ","- ",,,"SAN DIEGO",UNINCORPORATED,-117.01450011999999,32.730370069999999
6348101,2014,2014-06-11,9680,2014-01-17,0804,015578,,5,1,9,3700,0,3,5,,2,002,"AUSTIN DR","SWEETWATER SPRINGS BL",8.00,W,N,A,-,N,,,,,,,,,,N,3,0,1,2,A,-,11,21456,B,N,G,B,B,A,H,-,A,A,0,Y,,,,Y,,N,60,0,1,0,0,1,0,0,0,0,"- ","- ",32.730969999999999,-116.97175,"SAN DIEGO",UNINCORPORATED,-116.97162534,32.730984630000002
6348742,2013,2014-05-16,9645,2013-12-21,0105,18871,,6,3,7,3711,0,1,1,,2,019,"RT 15","CAMINO DEL NORTE",1320.00,S,N,A,-,Y,SD,11,15,-,M,21.470,H,-,N,Y,3,0,1,3,A,-,01,23152,A,F,G,B,E,A,H,-,D,D,1,Y,,,,Y,Y,A,01,0,1,0,0,1,0,0,0,0,"- ","- ",32.993769999999998,-117.08328,"SAN DIEGO","SAN DIEGO",-117.0830598,32.990509699999997
6351400,2016,2016-03-28,3711,2016-03-12,1629,7231,3711,6,5,7,3711,0,0,0,,0,431,"OLD MEMORY LN","ROSWELL ST",12.00,W,N,A,-,N,,,,,,,,,,N,4,0,1,2,A,-,05,21202,A,N,D,G,A,A,H,-,A,D,0,,Y,,,Y,,L,04,0,0,1,0,0,0,1,0,0,"- ","- ",,,"SAN DIEGO","SAN DIEGO",-117.07137883999999,32.718911519999999
6351408,2016,2016-03-28,3711,2016-03-12,1434,6880,,6,5,7,3711,0,0,0,,0,446,"IMPERIAL AV","47TH ST",100.00,E,N,A,-,N,,,,,,,,,,N,3,0,1,2,B,-,22,,,N,G,B,D,A,H,-,A,D,0,Y,,,,Y,,-,"- ",0,1,0,0,1,0,0,0,0,"- ","- ",,,"SAN DIEGO","SAN DIEGO",-117.09337603,32.704149999999998
6351412,2016,2016-08-24,3711,2016-03-06,1940,6594,,7,5,7,3711,0,0,0,,0,445,"47TH ST","GUYMON ST",25.00,S,N,B,-,N,,,,,,,,,,N,3,0,1,2,A,-,14,21201,D,N,D,G,A,A,H,-,C,D,0,,Y,,,Y,Y,L,04,0,1,0,0,0,0,1,0,0,"- ","- ",,,"SAN DIEGO","SAN DIEGO",-117.09357281,32.712091559999998
6351416,2016,2016-03-28,3711,2016-03-13,0311,7088,,7,5,7,3711,0,0,0,,0,521,"IMPERIAL AV","16TH ST",0.00,,Y,A,-,N,,,,,,,,,,N,4,0,1,2,A,-,11,21456,B,N,A,B,B,A,H,-,C,A,0,Y,,,,Y,,N,60,0,0,1,0,1,0,0,0,0,"- ","- ",,,"SAN DIEGO","SAN DIEGO",-117.14945001,32.706280049999997
6351977,2014,2014-06-05,3708,2014-01-14,1812,1214,400,2,5,5,3708,0,0,0,,0,004,"FLETCHER PKWY","FLETCHER PKWY 8920",22.00,W,N,A,-,N,,,,,,,,,,Y,2,0,2,2,A,-,11,21456,B,N,G,B,B,A,H,-,C,A,0,Y,,,,Y,,N,60,1,1,0,0,1,0,0,0,0,"- ","- ",,,"SAN DIEGO","LA MESA",,
6351980,2014,2014-06-12,3709,2014-01-15,1955,428,,3,5,5,3709,0,0,0,,0,,"NATIONAL CITY BL","WEST 8TH ST",7.00,E,N,A,-,N,,,,,,,,,,N,3,0,1,2,A,-,12,21453,A,N,G,B,B,A,H,-,C,A,0,Y,,,,Y,Y,-,,0,1,0,0,1,0,0,0,0,"- ","- ",,,"SAN DIEGO","NATIONAL CITY",-117.10692324,32.6758217
6352191,2014,2015-08-14,3700,2014-01-17,0747,SH2505,,5,5,5,3712,0,0,0,,0,353,"KNOB HILL RD","VIA LOS ARCOS",0.00,,Y,A,-,N,,,,,,,,,,Y,3,0,1,2,A,-,05,21650,1,N,A,G,A,A,H,-,-,D,0,,Y,,,Y,,L,04,0,1,0,0,0,0,1,0,0,"- ","- ",,,"SAN DIEGO","SAN MARCOS",-117.12682006999999,33.142780010000003
6352215,2014,2014-06-05,3710,2014-01-21,1749,OC0754,,2,5,6,3710,0,0,0,,0,031,CANNON,MELROSE,27.00,W,N,B,-,N,,,,,,,,,,N,4,0,1,2,A,-,10,21950,A,N,G,B,B,A,H,-,C,A,0,Y,,,,Y,,A,01,0,0,1,0,1,0,0,0,0,"- ","- ",,,"SAN DIEGO",OCEANSIDE,-117.25236431,33.171668920000002
6352416,2014,2014-06-26,3711,2014-01-17,1232,5609,,5,5,7,3711,0,0,0,,0,512,"NATIONAL AV","30TH ST",168.00,E,N,A,-,N,,,,,,,,,,N,3,0,1,2,A,-,05,21202,A,N,G,G,A,A,H,-,A,D,0,,Y,,,Y,,-,"- ",0,1,0,0,0,0,1,0,0,"- ","- ",,,"SAN DIEGO","SAN DIEGO",-117.12893576,32.695962489999999
6352432,2014,2014-06-05,3711,2014-01-21,1825,6499,,2,5,7,3711,0,0,0,,0,433,"AKINS AV","FERGUS ST",0.00,,Y,A,-,N,,,,,,,,,,N,4,0,1,2,A,-,09,21801,A,N,G,B,B,A,H,-,C,D,0,Y,,,,Y,Y,-,,0,0,1,0,1,0,0,0,0,"- ","- ",,,"SAN DIEGO","SAN DIEGO",-117.06545,32.709990019999999
6352443,2014,2016-03-23,3711,2014-01-21,1558,6309,,2,5,7,3711,0,0,0,,0,114,"GENESEE AV","RT 52",20.00,N,N,B,-,Y,SD,11,52,-,-,2.656,R,4,E,N,3,0,1,2,A,-,12,21453,A,N,D,G,A,A,H,-,A,A,0,,Y,,,Y,Y,L,04,0,1,0,0,0,0,1,0,0,"- ","- ",,,"SAN DIEGO","SAN DIEGO",-117.19685644,32.845625980000001
6352447,2014,2014-06-26,3711,2014-01-16,1520,6815,SANDI,4,5,7,3711,0,0,0,,0,613,"VOLTAIRE ST",POINSETTIA,36.00,W,N,A,-,N,,,,,,,,,,N,4,0,1,2,A,-,11,21954,A,N,G,B,D,A,H,-,A,A,0,Y,,,,Y,,N,60,0,0,1,0,1,0,0,0,0,"- ","- ",,,"SAN DIEGO","SAN DIEGO",-117.22905397,32.740158469999997
6352448,2014,2014-06-05,3711,2014-01-18,2026,6460,,6,5,7,3711,0,0,0,,0,447,"HOME AV","FAIRMOUNT AV",53.00,E,N,A,-,N,,,,,,,,,,N,3,0,1,2,A,-,05,21650,1,N,B,G,A,A,H,-,C,D,0,,Y,,,Y,,L,04,0,1,0,0,0,0,1,0,0,"- ","- ",,,"SAN DIEGO","SAN DIEGO",-117.09961305,32.728977790000002
6352464,2014,2014-06-05,3711,2014-01-16,1800,6784,,4,5,7,3711,0,0,0,,0,811,"EL CAJON BL","36TH ST",6.00,W,N,A,-,N,,,,,,,,,,N,4,0,1,2,A,-,10,21950,A,N,G,B,B,A,H,-,C,D,0,Y,,,,Y,,-,,0,0,1,0,1,0,0,0,0,"- ","- ",,,"SAN DIEGO","SAN DIEGO",-117.11579945,32.755290189999997
6352472,2014,2014-06-05,3711,2014-01-20,1708,6781,SANDI,1,5,7,3711,0,0,0,,0,828,"EUCLID AV",WIGHTMAN,9.00,E,N,A,-,N,,,,,,,,,,N,4,0,1,2,A,-,12,21453,A,N,B,G,A,A,H,-,A,A,0,,Y,,,Y,,L,04,0,0,1,0,0,0,1,0,0,"- ","- ",,,"SAN DIEGO","SAN DIEGO",-117.09232,32.747660000000003
6352476,2014,2014-06-05,3711,2014-01-13,1454,4849,,1,5,7,3711,0,0,0,,0,531,"26TH ST","PERSHING DR",45.00,E,N,A,-,N,,,,,,,,,,N,3,0,1,2,A,-,08,22107,,N,-,G,A,A,H,-,A,A,0,,Y,,,Y,,L,04,0,1,0,0,0,0,1,0,0,"- ","- ",,,"SAN DIEGO","SAN DIEGO",-117.14248172000001,32.722680859999997
6352644,2016,2016-03-28,3711,2016-03-11,1804,7135,,5,5,7,3711,0,0,0,,0,124,"TORRY PINES RD","HIGH ST",15.00,E,N,B,C,N,,,,,,,,,,N,4,0,1,2,A,-,11,21950,B,N,A,B,D,B,H,-,A,D,0,Y,,,,Y,,N,60,0,0,1,0,1,0,0,0,0,"- ","- ",,,"SAN DIEGO","SAN DIEGO",-117.27112658999999,32.843679889999997
6352660,2016,2016-03-28,3711,2016-03-08,1946,,,2,5,7,3711,0,0,0,,0,613,"NIMITZ BL","WEST POINT LOMA BL",25.00,W,N,A,-,N,,,,,,,,,,N,3,0,1,2,A,-,17,21461,A,N,G,G,A,A,H,-,C,D,0,,Y,,,Y,,A,01,0,1,0,0,0,0,1,0,0,"- ","- ",,,"SAN DIEGO","SAN DIEGO",-117.23614945,32.751303810000003
6352668,2016,2016-03-24,3711,2016-03-15,0636,4274,,2,5,7,3711,0,0,0,,0,313,"RUFFIN RD","SPECTRUM CENTER BL",0.00,,Y,A,-,N,,,,,,,,,,N,4,0,1,2,A,-,10,21950,A,N,G,B,B,A,H,-,B,A,0,Y,,,,Y,,-,,0,0,1,0,1,0,0,0,0,"- ","- ",,,"SAN DIEGO","SAN DIEGO",-117.12745008,32.825390079999998
6353287,2016,2016-03-23,3711,2016-03-13,1606,7409,,7,5,7,3711,0,0,0,,0,242,"ACAMA ST","MONTONGO ST",0.00,,Y,A,-,N,,,,,,,,,,N,4,0,1,2,A,-,05,21650,1,N,B,G,A,A,H,-,A,-,0,,Y,,,Y,,L,04,0,0,1,0,0,0,1,0,0,"- ","- ",,,"SAN DIEGO","SAN DIEGO",-117.15411003,32.926450109999998
6353304,2016,2016-03-25,3711,2016-03-14,2100,4527,,1,5,7,3711,0,0,0,,0,529,"W LAUREL",1ST,18.00,W,N,A,-,N,,,,,,,,,,N,4,0,1,2,A,-,11,21456,B,N,D,B,B,A,H,-,C,A,0,Y,,,,Y,,-,"- ",0,0,1,0,1,0,0,0,0,"- ","- ",,,"SAN DIEGO","SAN DIEGO",-117.16400834,32.731360000000002
6353308,2016,2016-03-23,3711,2016-03-14,2311,5983,,1,5,7,3711,0,0,0,,0,826,"EUCLID AV","EL CAJON BL",180.00,S,N,A,-,N,,,,,,,,,,N,4,0,1,2,A,-,21,22106,,N,G,B,E,A,H,-,C,D,0,Y,,,,Y,,A,01,0,0,1,0,1,0,0,0,0,"- ","- ",,,"SAN DIEGO","SAN DIEGO",-117.09221452,32.755546969999997
6353316,2016,2016-03-23,3711,2016-03-14,1550,7336,SANDI,1,5,7,3711,0,0,0,,0,813,OREGON,"EL CAJON BL",100.00,S,N,A,-,N,,,,,,,,,,N,4,0,1,2,A,-,11,21950,B,N,G,B,F,A,H,-,A,A,0,Y,,,,Y,,N,60,0,0,1,0,1,0,0,0,0,"- ","- ",,,"SAN DIEGO","SAN DIEGO",-117.13513,32.755106069999997
6353381,2014,2014-06-06,3711,2014-01-17,0746,5838,,5,5,7,3711,0,0,0,,0,713,"SIEMPRE VIVA RD","OTAY CENTER DR",0.00,,Y,A,-,N,,,,,,,,,,N,3,0,1,2,A,-,10,21950,A,N,G,B,B,A,H,-,A,A,0,Y,,,,Y,,A,01,0,1,0,0,1,0,0,0,0,"- ","- ",,,"SAN DIEGO","SAN DIEGO",-116.94243003,32.554060020000001
6353401,2014,2014-06-06,3711,2014-01-19,2018,6789,SANDI,7,5,7,3711,0,0,0,,0,627,"ROBINSON ST","RICHMOND ST",6.00,W,N,A,-,N,,,,,,,,,,N,3,0,1,2,A,-,11,21950,B,N,G,B,B,A,H,-,C,A,0,Y,,,,Y,,-,,0,1,0,0,1,0,0,0,0,"- ","- ",,,"SAN DIEGO","SAN DIEGO",-117.15123945000001,32.74641991
6353409,2014,2014-06-06,3711,2014-01-10,0745,3661,TRAFF,5,5,7,3711,0,0,0,,0,115,"LA JOLLA VILLAGE DR","TOWNE CENTRE DR",0.00,,Y,A,-,N,,,,,,,,,,N,3,0,1,2,A,-,08,22107,,N,B,G,A,A,H,-,A,A,0,,Y,,,Y,,A,01,0,1,0,0,0,0,1,0,0,"- ","- ",,,"SAN DIEGO","SAN DIEGO",-117.20742011,32.874100040000002
6353424,2014,2014-06-10,3710,2014-01-06,1745,OC1330,,1,5,6,3710,0,0,0,,0,006,"NORTH COAST HWY",WINDWARD,72.00,N,N,A,-,N,,,,,,,,,,N,3,0,1,2,A,-,11,21954,A,N,G,B,D,B,H,-,D,D,0,Y,,,,Y,Y,N,60,0,1,0,0,1,0,0,0,0,"- ","- ",,,"SAN DIEGO",OCEANSIDE,-117.38325700999999,33.200320169999998
6354188,2013,2014-05-14,3706,2013-12-27,1800,0318,ESPD,5,5,6,3706,0,0,0,,0,046,"WANEK RD","PICKETT GLEN",260.00,E,N,A,-,N,,,,,,,,,,N,3,0,1,2,A,-,05,21650,1,N,A,G,A,A,H,-,C,D,0,,Y,,,Y,Y,L,04,0,1,0,0,0,0,1,0,0,"- ","- ",,,"SAN DIEGO",ESCONDIDO,-117.0445891,33.1449663
6354192,2013,2014-05-14,3706,2013-12-29,1700,440,ESPD,7,5,6,3706,0,0,0,,0,046,"LA HONDA DR","DUBLIN DR",2112.00,N,N,A,-,N,,,,,,,,,,N,3,0,1,1,A,-,03,22350,,N,F,G,A,A,H,-,A,D,0,,Y,,,Y,,L,04,0,1,0,0,0,0,1,0,0,"- ","- ",,,"SAN DIEGO",ESCONDIDO,-117.0557465,33.1649235
6354196,2013,2014-05-14,3706,2013-12-29,1819,395,ESCON,7,5,6,3706,0,0,0,,0,044,"VALLEY PKWY","CITRUS AV",1060.00,W,N,A,-,N,,,,,,,,,,N,3,0,1,2,A,-,11,21954,A,F,G,B,D,A,H,-,C,D,0,Y,,,,Y,,N,60,0,1,0,0,1,0,0,0,0,"- ","- ",,,"SAN DIEGO",ESCONDIDO,-117.04731270000001,33.139576699999999
6354239,2013,2014-05-14,3710,2013-12-06,1210,OC1157,,5,5,6,3710,0,0,0,,0,037,"CALEVERO LN","BLUE SKY LN",115.00,W,N,B,-,N,,,,,,,,,,N,3,0,1,2,C,-,18,,,N,G,B,C,A,H,-,A,D,0,Y,,,,Y,,-,"- ",0,1,0,0,1,0,0,0,0,"- ","- ",,,"SAN DIEGO",OCEANSIDE,-117.2794066,33.1787913
6355657,2013,2014-05-14,3711,2013-11-28,1843,7061,,4,5,7,3711,0,0,0,,0,115,"GENESEE AV","NOBEL DR",321.00,S,N,A,-,N,,,,,,,,,,N,3,0,1,2,A,-,11,21955,,N,G,B,D,A,H,-,C,D,0,Y,,,,Y,,N,60,0,1,0,0,1,0,0,0,0,"- ","- ",,,"SAN DIEGO","SAN DIEGO",-117.2133894,32.866068599999998
6356420,2014,2014-06-10,9645,2014-01-19,1400,18587,,7,2,7,3711,0,1,1,,2,001,"RT 5","PALM AV",10.00,N,N,A,-,Y,,,,,,,,,,N,3,0,1,2,A,-,10,21950,A,N,A,B,B,A,H,-,A,A,0,Y,,,,Y,,A,01,0,1,0,0,1,0,0,0,0,"- ","- ",32.584009999999999,-117.08893999999999,"SAN DIEGO","SAN DIEGO",-117.08889000000001,32.583947389999999
6356456,2014,2014-06-10,3703,2014-01-17,1555,1037,,5,5,3,3703,0,0,0,,0,003,"7TH ST","B AV",164.00,E,N,A,-,N,,,,,,,,,,N,3,0,1,2,A,-,09,21804,A,N,D,G,A,A,H,-,A,A,0,,Y,,,Y,,L,04,0,1,0,0,0,0,1,0,0,"- ","- ",,,"SAN DIEGO",CORONADO,-117.17456409,32.689010289999999
6356509,2014,2014-06-05,3703,2014-01-26,1555,1258,,7,5,3,3703,0,0,0,,0,003,"CORONADO CAYS BL","MONTEGO BAY CT",0.00,,Y,A,-,N,,,,,,,,,,N,2,0,1,2,A,-,03,22350,,N,G,B,F,A,H,-,A,D,0,Y,,,,Y,,A,01,1,0,0,0,1,0,0,0,0,"- ","- ",,,"SAN DIEGO",CORONADO,-117.13845994,32.629270030000001
6357044,2014,2014-06-05,3706,2014-01-17,1434,0318,ESPD,5,5,6,3706,0,0,0,,0,052,"VALLEY BL","GRAND AV",13.00,N,N,A,-,N,,,,,,,,,,N,3,0,1,2,A,-,12,21453,A,N,D,G,A,A,H,-,A,A,0,,Y,,,Y,,L,04,0,1,0,0,0,0,1,0,0,"- ","- ",,,"SAN DIEGO",ESCONDIDO,-117.07663702000001,33.124115109999998
6357076,2014,2014-06-05,3706,2014-01-07,1530,322,ESPD,2,5,6,3706,0,0,0,,0,044,"CONWAY DR","SHERIDAN AV",110.00,S,N,A,-,N,,,,,,,,,,N,3,0,1,2,A,-,11,21954,A,N,G,B,D,A,H,-,A,D,0,Y,,,,Y,,N,60,0,1,0,0,1,0,0,0,0,"- ","- ",,,"SAN DIEGO",ESCONDIDO,-117.07563209,33.148858500000003
6357108,2014,2014-06-06,3706,2014-01-04,1817,0446,3706,6,5,6,3706,0,0,0,,0,041,"N BROADWAY","LINCOLN AV",0.00,,Y,A,-,N,,,,,,,,,,N,3,0,1,2,A,-,10,21950,A,N,G,B,B,A,H,-,C,D,0,Y,,,,Y,,A,01,0,1,0,0,1,0,0,0,0,"- ","- ",,,"SAN DIEGO",ESCONDIDO,-117.08680004,33.133750069999998
6357115,2014,2014-06-05,3710,2014-01-17,1617,OC1185,,5,5,6,3710,0,0,0,,0,006,"VISTA WY","FREEMAN ST",0.00,,Y,A,-,N,,,,,,,,,,N,3,0,1,2,A,-,11,21954,A,N,G,B,D,A,H,-,A,A,0,Y,,,,Y,,N,60,0,1,0,0,1,0,0,0,0,"- ","- ",,,"SAN DIEGO",OCEANSIDE,-117.35878002,33.172550049999998
6357156,2013,2014-05-19,3710,2013-12-27,2350,OC0396,,5,5,6,3710,0,0,0,,0,008,TREMONT,WASHINGTON,100.00,S,N,A,-,N,,,,,,,,,,N,4,0,1,3,B,-,22,,,N,G,B,E,A,H,-,C,D,0,Y,,,,Y,,-,"- ",0,0,1,0,1,0,0,0,0,"- ","- ",,,"SAN DIEGO",OCEANSIDE,-117.3757725,33.189991900000003
6357682,2013,2014-04-24,3705,2013-10-18,1315,EC0085,,5,5,5,3705,0,0,0,,0,010,MARSHALL,WAGNER,0.00,,Y,A,-,Y,,,,,,,,,,N,4,0,1,2,A,-,05,21650,1,N,D,G,A,A,D,-,A,A,0,,Y,,,Y,Y,L,04,0,0,1,0,0,0,1,0,0,"- ","- ",,,"SAN DIEGO","EL CAJON",-116.9755119,32.802304900000003
6358107,2014,2015-08-14,3711,2014-01-08,1525,4897,,3,5,7,3711,0,0,0,,0,241,"MESA MADERA DR","WIDE VALLEY LN",178.00,N,N,A,-,N,,,,,,,,,,N,2,0,1,4,A,-,13,22515,A,N,G,B,E,A,H,-,A,D,0,Y,,,Y,Y,,F,26,1,0,0,0,1,0,0,0,0,"- ","- ",,,"SAN DIEGO","SAN DIEGO",-117.08789951,32.910256920000002
6358650,2014,2014-06-10,9650,2014-01-16,0721,15654,,4,1,9,3700,0,3,5,,2,006,"STAGE COACH LN","SOUTH MISSION RD",0.00,,Y,A,-,N,,,,,,,,,,N,4,0,1,2,A,-,21,22106,,N,G,B,B,A,H,-,A,A,0,Y,,,,Y,,A,01,0,0,1,0,1,0,0,0,0,"- ","- ",33.349400000000003,-117.2441,"SAN DIEGO",UNINCORPORATED,-117.24442008,33.3493201
6359294,2014,2014-06-09,3711,2014-01-29,1738,5600,,3,5,7,3711,0,0,0,,0,241,"POMERADO RD","POMERADO RD 10200",88.00,W,N,A,-,N,,,,,,,,,,N,3,0,1,2,A,-,04,21703,,N,C,G,A,A,H,-,A,D,0,,Y,,,Y,,L,04,0,1,0,0,0,0,1,0,0,"- ","- ",,,"SAN DIEGO","SAN DIEGO",,
6359493,2013,2014-05-20,3700,2013-12-09,0717,SH5502,,1,5,5,3713,0,0,0,,0,302,"RUSH AV","ANGELES VISTA DR",19.00,S,N,A,-,N,,,,,,,,,,N,4,0,1,2,A,-,10,21950,A,N,G,B,B,A,H,-,A,D,0,Y,,,,Y,,A,01,0,0,1,0,1,0,0,0,0,"- ","- ",,,"SAN DIEGO",VISTA,-117.24399270000001,33.2251428
6359650,2014,2014-06-09,3706,2014-01-22,0938,0345,ESPD,3,5,6,3706,0,0,0,,0,042,"VALLEY PKWY","WAVERLY PL",0.00,,Y,A,-,N,,,,,,,,,,N,3,0,1,2,A,-,10,21950,A,N,A,B,B,A,H,-,A,A,0,Y,,,,Y,,D,22,0,1,0,0,1,0,0,0,0,"- ","- ",,,"SAN DIEGO",ESCONDIDO,,