CASE_ID,ACCIDENT_YEAR,PROC_DATE,JURIS,COLLISION_DATE,COLLISION_TIME,OFFICER_ID,REPORTING_DISTRICT,DAY_OF_WEEK,CHP_SHIFT,POPULATION,CNTY_CITY_LOC,SPECIAL_COND,BEAT_TYPE,CHP_BEAT_TYPE,CITY_DIVISION_LAPD,CHP_BEAT_CLASS,BEAT_NUMBER,PRIMARY_RD,SECONDARY_RD,DISTANCE,DIRECTION,INTERSECTION,WEATHER_1,WEATHER_2,STATE_HWY_IND,CALTRANS_COUNTY,CALTRANS_DISTRICT,STATE_ROUTE,ROUTE_SUFFIX,POSTMILE_PREFIX,POSTMILE,LOCATION_TYPE,RAMP_INTERSECTION,SIDE_OF_HWY,TOW_AWAY,COLLISION_SEVERITY,NUMBER_KILLED,NUMBER_INJURED,PARTY_COUNT,PRIMARY_COLL_FACTOR,PCF_CODE_OF_VIOL,PCF_VIOL_CATEGORY,PCF_VIOLATION,PCF_VIOL_SUBSECTION,HIT_AND_RUN,TYPE_OF_COLLISION,MVIW,PED_ACTION,ROAD_SURFACE,ROAD_COND_1,ROAD_COND_2,LIGHTING,CONTROL_DEVICE,CHP_ROAD_TYPE,PEDESTRIAN_ACCIDENT,BICYCLE_ACCIDENT,MOTORCYCLE_ACCIDENT,TRUCK_ACCIDENT,NOT_PRIVATE_PROPERTY,ALCOHOL_INVOLVED,STWD_VEHTYPE_AT_FAULT,CHP_VEHTYPE_AT_FAULT,COUNT_SEVERE_INJ,COUNT_VISIBLE_INJ,COUNT_COMPLAINT_PAIN,COUNT_PED_KILLED,COUNT_PED_INJURED,COUNT_BICYCLIST_KILLED,COUNT_BICYCLIST_INJURED,COUNT_MC_KILLED,COUNT_MC_INJURED,PRIMARY_RAMP,SECONDARY_RAMP,LATITUDE,LONGITUDE,COUNTY,CITY,POINT_X,POINT_Y
6361274,2013,2014-05-22,3710,2013-11-25,2150,OC1344,,1,5,6,3710,0,0,0,,0,011,"STATE TREE",OCEANSIDE,28.00,N,N,A,-,N,,,,,,,,,,N,4,0,1,2,A,-,11,21956,,N,G,B,E,A,H,-,C,A,0,Y,,,,Y,Y,N,60,0,0,1,0,1,0,0,0,0,"- ","- ",,,"SAN DIEGO",OCEANSIDE,-117.35895662999999,33.192328420000003
6362457,2014,2014-06-06,3706,2014-01-30,0835,0466,ESPD,4,5,6,3706,0,0,0,,0,045,"ANDREASEN DR","AUTO PARK WY",0.00,,Y,B,-,N,,,,,,,,,,N,4,0,1,2,A,-,08,22107,,N,G,B,B,A,H,-,A,A,0,Y,,,,Y,,I,11,0,0,1,0,1,0,0,0,0,"- ","- ",,,"SAN DIEGO",ESCONDIDO,-117.11076002999999,33.117280100000002
6364201,2014,2014-06-16,3700,2014-01-21,0731,SH0029,,2,5,5,3713,0,0,0,,0,315,"SYCAMORE AV","THIBODO RD",280.00,N,N,A,-,N,,,,,,,,,,N,4,0,1,2,A,-,08,22107,,N,B,G,A,A,H,-,A,D,0,,Y,,,Y,,D,22,0,0,1,0,0,0,1,0,0,"- ","- ",,,"SAN DIEGO",VISTA,-117.2152093,33.166519739999998
6364296,2014,2014-06-03,9680,2014-01-29,1550,019270,,3,2,9,3700,0,2,4,,1,012,"MAPLEVIEW ST","PINO DR",10.00,W,N,A,-,N,,,,,,,,,,N,3,0,1,2,A,-,10,21950,A,N,G,B,B,A,H,-,A,A,0,Y,,,,Y,,D,22,0,1,0,0,1,0,0,0,0,"- ","- ",32.8643,-116.9097,"SAN DIEGO",UNINCORPORATED,-116.90983,32.864559999999997
6366191,2014,2014-06-24,3711,2014-02-03,0800,6045,,1,5,7,3711,0,0,0,,0,115,"RADCLIFFE DR","GOVERNOR DR",110.00,S,N,B,-,N,,,,,,,,,,N,4,0,1,2,A,-,08,22107,,N,G,B,E,B,H,-,A,D,0,Y,,,,Y,,-,,0,0,1,0,1,0,0,0,0,"- ","- ",,,"SAN DIEGO","SAN DIEGO",-117.2058766,32.854211569999997
6368620,2013,2014-05-27,3711,2013-11-13,1530,5380,,3,5,7,3711,0,0,0,,0,233,"BLACK MOUNTAIN RD","RT 56",0.00,,Y,A,-,Y,SD,11,56,-,-,7.334,R,4,E,N,3,0,1,2,A,-,"- ",,,N,D,G,A,A,H,-,A,A,0,,Y,,,Y,,-,"- ",0,1,0,0,0,0,1,0,0,"- ",EF,,,"SAN DIEGO","SAN DIEGO",-117.1252412,32.954586499999998
6368632,2013,2014-05-06,3711,2013-11-13,1639,6475,"SAN D",3,5,7,3711,0,0,0,,0,821,"EL CAJON BL","73RD ST",0.00,,Y,A,-,N,,,,,,,,,,N,3,0,1,2,A,-,10,21950,A,N,G,B,B,A,H,-,A,A,0,Y,,,,Y,,-,"- ",0,1,0,0,1,0,0,0,0,"- ","- ",,,"SAN DIEGO","SAN DIEGO",-117.0404619,32.7688749
6368757,2013,2014-05-07,3708,2013-11-09,1150,1117,100,6,5,5,3708,0,0,0,,0,001,"UNIVERSITY AV","LOWELL AV",145.00,W,N,A,-,N,,,,,,,,,,N,4,0,1,2,A,-,09,21804,A,N,G,B,E,A,H,-,A,D,0,Y,,,,Y,,A,01,0,0,1,0,1,0,0,0,0,"- ","- ",,,"SAN DIEGO","LA MESA",-117.0376861,32.757494399999999
6368761,2013,2014-05-07,3708,2013-11-13,1607,1225,400,3,5,5,3708,0,0,0,,0,004,"DALLAS ST","FLETCHER PKWY",0.00,,Y,A,-,N,,,,,,,,,,N,3,0,1,2,A,-,09,21801,A,N,D,G,A,A,H,-,A,A,0,,Y,,,Y,,A,01,0,1,0,0,0,0,1,0,0,"- ","- ",,,"SAN DIEGO","LA MESA",-117.002082,32.792434900000003
6368765,2013,2014-05-07,3708,2013-11-13,0037,1228,200,3,5,5,3708,0,0,0,,0,001,"SPRING ST","HIGH ST",300.00,S,N,A,-,N,,,,,,,,,,N,2,0,1,2,A,-,11,21955,,N,G,B,D,A,H,-,C,D,0,Y,,,,Y,,N,60,1,0,0,0,1,0,0,0,0,"- ","- ",,,"SAN DIEGO","LA MESA",-117.01625704999999,32.756595109999999
6368769,2013,2014-05-07,3708,2013-11-08,1400,1237,20,5,5,5,3708,0,0,0,,0,001,"LOWELL ST","NORMAL AV",0.00,,Y,A,-,N,,,,,,,,,,N,2,0,1,2,A,-,12,22450,A,F,G,B,B,A,H,-,B,A,0,Y,,,,Y,,A,01,1,0,0,0,1,0,0,0,0,"- ","- ",,,"SAN DIEGO","LA MESA",-117.03465199999999,32.754494899999997
6368777,2013,2014-05-07,3708,2013-11-02,1154,1174,100,6,5,5,3708,0,0,0,,0,003,"BALTIMORE DR","AZTEC DR",0.00,,Y,A,-,Y,,,,,,,,,,N,2,0,1,2,A,-,09,21801,A,N,D,G,A,A,H,-,A,A,0,,Y,,,Y,,A,01,1,0,0,0,0,0,1,0,0,"- ","- ",,,"SAN DIEGO","LA MESA",-117.028392,32.776504899999999
6368910,2013,2014-04-17,3710,2013-10-29,0738,OC0839,,2,5,6,3710,0,0,0,,0,006,"N COAST","RT 76",0.00,,Y,A,-,Y,,,,,,,,,,N,3,0,1,2,D,-,00,,,N,G,B,B,A,H,-,A,A,0,Y,,,,Y,,-,"- ",0,1,0,0,1,0,0,0,0,"- ","- ",,,"SAN DIEGO",OCEANSIDE,-117.3842121,33.201514899999999
6369056,2013,2014-04-25,3706,2013-10-03,0747,342,ESPD,4,5,6,3706,0,0,0,,0,042,"MISSION AV","ASH ST",153.00,W,N,A,-,N,,,,,,,,,,N,3,0,1,2,A,-,11,21954,A,N,G,B,D,A,H,-,A,D,0,Y,,,,Y,,N,60,0,1,0,0,1,0,0,0,0,"- ","- ",,,"SAN DIEGO",ESCONDIDO,-117.0708897,33.135854899999998
6369072,2013,2014-04-24,3706,2013-10-08,1733,0393,ESCON,2,5,6,3706,0,0,0,,0,043,"EL NORTE PKWY","SEVEN OAKES RD",515.00,W,N,A,-,N,,,,,,,,,,N,3,0,1,2,A,-,09,21801,A,N,D,G,A,A,H,-,A,D,0,,Y,,,Y,,A,01,0,1,0,0,0,0,1,0,0,"- ","- ",,,"SAN DIEGO",ESCONDIDO,-117.1042724,33.146675999999999
6369194,2013,2014-06-09,9650,2013-11-27,1400,15727,,3,2,9,3700,0,3,5,,2,006,"E ALVARADO ST","VINE ST",6.00,W,N,A,-,N,,,,,,,,,,N,4,0,1,2,A,-,11,21950,B,N,G,B,B,A,H,-,A,D,0,Y,,,,Y,,N,60,0,0,1,0,1,0,0,0,0,"- ","- ",,,"SAN DIEGO",UNINCORPORATED,-117.2503116,33.382035000000002
6370176,2014,2014-06-12,3709,2014-01-23,0105,474,,4,5,5,3709,0,0,0,,0,021,"EAST DIVISION ST","HIGHLAND AV",0.00,,Y,A,-,N,,,,,,,,,,N,4,0,1,2,A,-,10,21950,A,F,G,B,B,A,H,-,C,A,0,Y,,,,Y,Y,-,,0,0,1,0,1,0,0,0,0,"- ","- ",,,"SAN DIEGO","NATIONAL CITY",-117.10141007999999,32.685010040000002
6370357,2014,2016-02-04,9680,2014-01-22,2055,017928,,3,2,9,3700,0,1,3,,1,090,"RT 67","14TH ST",0.00,,Y,A,-,Y,SD,11,67,-,-,23.962,I,6,N,N,2,0,1,2,A,-,10,21950,A,F,G,B,B,A,H,-,C,A,0,Y,,,,Y,,-,99,1,0,0,0,1,0,0,0,0,"- ","- ",33.038449999999997,-116.87491,"SAN DIEGO",UNINCORPORATED,-116.96227105,32.803337040000002
6370775,2013,2014-05-12,3700,2013-12-13,1302,SH2731,,5,5,5,3782,0,0,0,,0,221,"2ND ST","W E ST",0.00,,Y,A,-,N,,,,,,,,,,N,3,0,1,2,A,-,10,21950,A,N,G,B,B,A,H,-,A,A,0,Y,,,,Y,,A,01,0,1,0,0,1,0,0,0,0,"- ","- ",,,"SAN DIEGO",ENCINITAS,-117.2946321,33.044574799999999
6370783,2013,2014-05-12,3700,2013-12-31,1150,SH2397,,2,5,5,3782,0,0,0,,0,221,"2ND ST","F ST",0.00,,Y,A,-,N,,,,,,,,,,N,4,0,1,2,A,-,09,21801,A,N,D,G,A,A,H,-,A,D,0,,Y,,,Y,,A,01,0,0,1,0,0,0,1,0,0,"- ","- ",,,"SAN DIEGO",ENCINITAS,-117.29445200000001,33.043264800000003
6370787,2013,2014-05-12,3700,2013-12-14,1534,SH2731,,6,5,2,3704,0,0,0,,0,294,"CAMINO DEL MAR","11TH ST",0.00,,Y,A,-,N,,,,,,,,,,N,3,0,1,2,A,-,06,21750,,N,-,G,A,A,H,-,A,A,0,,Y,,,Y,,L,04,0,1,0,0,0,0,1,0,0,"- ","- ",,,"SAN DIEGO","DEL MAR",-117.263822,32.955424899999997
6370791,2013,2014-05-12,3700,2013-12-30,1830,SH4299,,1,5,3,3783,0,0,0,,0,272,"VIA MIL CUMBRES","LOMAS SANTA FE DR",282.00,N,N,A,-,N,,,,,,,,,,N,3,0,2,3,A,-,10,21952,,N,G,B,D,A,H,-,C,D,0,Y,,,,Y,,A,01,0,1,1,0,2,0,0,0,0,"- ","- ",,,"SAN DIEGO","SOLANA BEACH",-117.25151580000001,32.996286599999998
6371608,2014,2014-06-03,9680,2014-01-17,0800,15578,,5,1,9,3700,0,3,5,,2,002,"FURY LN","VIA RANCHO SAN DIEGO",369.00,N,N,A,-,N,,,,,,,,,,N,3,0,1,2,A,-,09,21804,A,F,D,G,A,A,H,-,A,D,0,,Y,,,Y,,A,01,0,1,0,0,0,0,1,0,0,"- ","- ",32.745899999999999,-116.9357,"SAN DIEGO",UNINCORPORATED,-116.93595988,32.745746969999999
6371647,2014,2014-06-03,3706,2014-01-15,1800,3093,ESCON,3,5,6,3706,0,0,0,,0,051,"JUNIPER ST","TAMARME TER",170.00,E,N,A,-,N,,,,,,,,,,N,3,0,1,2,A,-,11,21954,A,N,G,B,D,A,H,-,C,A,0,Y,,,,Y,,N,60,0,1,0,0,1,0,0,0,0,"- ","- ",,,"SAN DIEGO",ESCONDIDO,,
6371679,2014,2014-06-03,9680,2014-01-20,1615,19946,,1,2,9,3700,0,3,5,,2,001,"CHANNEL RD","WOODSIDE AV",153.00,S,N,A,-,N,,,,,,,,,,N,4,0,1,2,A,-,09,21804,A,N,D,B,D,A,H,-,A,D,0,Y,,,,Y,,A,01,0,0,1,0,1,0,0,0,0,"- ","- ",32.856140000000003,-116.92525999999999,"SAN DIEGO",UNINCORPORATED,-116.92531036,32.856411350000002
6372551,2014,2014-06-03,3710,2014-01-22,2235,OC0652,,3,5,6,3710,0,0,0,,0,001,COAST,NEPTUNE,9.00,S,N,A,-,N,,,,,,,,,,N,2,0,1,2,A,-,10,21950,A,N,G,B,B,A,H,-,C,-,0,Y,,,,Y,,D,22,1,0,0,0,1,0,0,0,0,"- ","- ",,,"SAN DIEGO",OCEANSIDE,-117.38381287,33.200969980000004
6373001,2014,2014-05-12,3711,2014-01-31,2033,5985,SANDI,5,5,7,3711,0,0,0,,0,523,"6TH AV","G ST",105.00,S,N,A,-,N,,,,,,,,,,N,3,0,1,2,A,-,08,22107,,N,A,G,A,A,H,-,C,D,0,,Y,,,Y,,L,04,0,1,0,0,0,0,1,0,0,"- ","- ",,,"SAN DIEGO","SAN DIEGO",-117.15924085,32.712282510000001
6373207,2014,2014-06-06,3711,2014-01-13,0555,5313,,1,5,7,3711,0,0,0,,0,,"MAIN ST","S 30TH ST",0.00,,Y,A,-,N,,,,,,,,,,Y,2,0,1,2,A,-,11,21954,A,N,G,B,D,A,H,-,C,D,0,Y,,,,Y,,N,60,1,0,0,0,1,0,0,0,0,"- ","- ",,,"SAN DIEGO","SAN DIEGO",-117.12947004,32.692820099999999
6373219,2014,2014-06-06,3711,2014-01-25,1530,6082,,6,5,7,3711,0,0,0,,0,122,"DIAMOND ST","MISSION BL",12.00,W,N,A,-,N,,,,,,,,,,N,3,0,1,2,A,-,08,22107,,N,D,G,A,A,H,-,A,D,0,,Y,,,Y,,-,,0,1,0,0,0,0,1,0,0,"- ","- ",,,"SAN DIEGO","SAN DIEGO",-117.25636758,32.79932144
6373222,2014,2014-06-07,3711,2014-01-24,1744,6803,,5,5,7,3711,0,0,0,,0,723,"KOSTNER DR","KIMSUE WY",50.00,N,N,B,-,N,,,,,,,,,,N,4,0,1,2,A,-,11,21954,A,N,G,B,D,A,H,-,D,D,0,Y,,,,Y,,N,60,0,0,1,0,1,0,0,0,0,"- ","- ",,,"SAN DIEGO","SAN DIEGO",-117.04351548,32.576176869999998
6373230,2014,2014-06-07,3711,2014-01-21,1430,5315,,2,5,7,3711,0,0,0,,0,111,"LINDA VISTA RD","MESA COLLEGE DR",254.00,N,N,A,-,N,,,,,,,,,,N,4,0,1,2,A,-,03,22350,,N,C,B,A,A,H,-,A,A,0,,,,,Y,,-,,0,0,1,0,0,0,0,0,0,"- ","- ",,,"SAN DIEGO","SAN DIEGO",-117.15778345,32.80143314
6373243,2014,2014-06-06,3711,2014-01-23,0750,6768,,4,5,7,3711,0,0,0,,0,838,"UNIVERSITY AV","39TH ST",0.00,,Y,E,-,N,,,,,,,,,,N,4,0,1,2,A,-,10,21950,A,N,G,B,B,A,H,-,A,A,0,Y,,,,Y,,A,01,0,0,1,0,1,0,0,0,0,"- ","- ",,,"SAN DIEGO","SAN DIEGO",-117.11065003,32.749690049999998
6373247,2014,2014-06-25,3711,2014-01-23,2040,6223,N2,4,5,7,3711,0,0,0,,0,122,"DIAMOND ST","JEWELL ST",10.00,W,N,B,-,N,,,,,,,,,,N,4,0,1,2,A,-,14,21201,D,N,D,G,A,A,H,-,C,D,0,,Y,,,Y,,L,04,0,0,1,0,0,0,1,0,0,"- ","- ",,,"SAN DIEGO","SAN DIEGO",-117.23988131999999,32.802952869999999
6373928,2014,2014-06-09,3701,2014-01-23,1345,5291,16,4,5,5,3701,0,0,0,,0,004,"AVENIDA DE LOUISA","CALLE SUSANA",500.00,N,N,A,-,N,,,,,,,,,,N,4,0,1,2,A,-,08,22107,,F,G,B,E,A,H,-,A,D,0,Y,,,,Y,,A,07,0,0,1,0,1,0,0,0,0,"- ","- ",,,"SAN DIEGO",CARLSBAD,-117.31960676999999,33.175188849999998
6373952,2014,2014-06-09,3701,2014-01-29,0805,5303,34,3,5,5,3701,0,0,0,,0,003,"PIO PICO","TAMARACK AV",6.00,,N,A,-,N,,,,,,,,,,N,3,0,1,2,A,-,09,21453,B,N,D,G,A,A,H,-,A,A,0,,Y,,,Y,,A,01,0,1,0,0,0,0,1,0,0,"- ","- ",,,"SAN DIEGO",CARLSBAD,-117.33525007999999,33.152680060000002
6373967,2014,2014-06-09,3701,2014-01-23,0745,5291,33,4,5,5,3701,0,0,0,,0,003,"TAMARACK AV","HIGHLAND DR",12.00,E,N,A,-,N,,,,,,,,,,N,3,0,1,2,A,-,10,21950,A,N,G,B,B,A,H,-,A,A,0,Y,,,,Y,,A,01,0,1,0,0,1,0,0,0,0,"- ","- ",,,"SAN DIEGO",CARLSBAD,-117.33041536,33.154895240000002
6374068,2014,2014-06-18,3711,2014-02-08,1217,7064,SANDI,6,5,7,3711,0,0,0,,0,521,"G ST","16TH ST",0.00,,Y,A,-,N,,,,,,,,,,N,3,0,1,2,A,-,11,21456,B,N,G,B,B,A,H,-,A,A,0,Y,,,,Y,Y,N,60,0,1,0,0,1,0,0,0,0,"- ","- ",,,"SAN DIEGO","SAN DIEGO",-117.14949011,32.71261002
6374751,2013,2014-05-30,3711,2013-12-27,0559,5061,,5,5,7,3711,0,0,0,,0,115,"STRESEMANN ST","DUCOMMUN AV",33.00,S,N,A,-,N,,,,,,,,,,N,2,0,2,3,A,-,05,21650,,F,G,B,E,A,H,-,C,D,0,Y,,,,Y,,-,99,1,1,0,0,2,0,0,0,0,"- ","- ",,,"SAN DIEGO","SAN DIEGO",-117.2229241,32.8505039
6375922,2014,2014-06-04,3702,2014-01-08,1402,CV0669,,3,5,6,3702,0,0,0,,0,023,"EAST ORANGE AV","E ORANGE AV 181",40.00,E,N,A,-,N,,,,,,,,,,N,3,0,2,3,A,-,05,21650,1,N,B,G,A,A,H,-,A,A,0,,Y,,,Y,,L,04,0,1,1,0,0,0,2,0,0,"- ","- ",,,"SAN DIEGO","CHULA VISTA",,
6375926,2014,2014-06-04,3702,2014-01-07,1739,CV1026,,2,5,6,3702,0,0,0,,0,023,"EAST NAPLES ST","MELROSE AV",0.00,,Y,A,-,N,,,,,,,,,,N,4,0,1,2,A,-,11,21954,A,N,G,B,D,A,H,-,C,D,0,Y,,,,Y,,N,60,0,0,1,0,1,0,0,0,0,"- ","- ",,,"SAN DIEGO","CHULA VISTA",-117.04668004,32.620030030000002
6375937,2014,2014-06-04,3702,2014-01-27,0708,CV0986,,1,5,6,3702,0,0,0,,0,031,"EAST H ST","BARON PL",0.00,,Y,A,-,N,,,,,,,,,,N,4,0,1,2,A,-,16,26708,A,N,G,B,B,A,H,-,A,A,0,Y,,,,Y,,A,07,0,0,1,0,1,0,0,0,0,"- ","- ",,,"SAN DIEGO","CHULA VISTA",,
6375973,2014,2014-06-04,3702,2014-01-18,1400,CV0975,,6,5,6,3702,0,0,0,,0,012,BROADWAY,"H ST",350.00,S,N,A,-,N,,,,,,,,,,N,4,0,1,2,A,-,05,21650,1,N,D,G,A,A,H,-,A,D,0,,Y,,,Y,,L,04,0,0,1,0,0,0,1,0,0,"- ","- ",,,"SAN DIEGO","CHULA VISTA",-117.08910036,32.630051090000002
6375981,2014,2014-06-04,3702,2014-01-06,0534,CV1083,,1,5,6,3702,0,0,0,,0,032,"MOONLIGHT TRAIL DR","PARADISE TRAIL",192.00,S,N,A,-,N,,,,,,,,,,Y,2,0,1,2,A,-,10,21954,B,N,G,B,E,A,H,-,C,D,0,Y,,,,Y,,A,01,1,0,0,0,1,0,0,0,0,"- ","- ",,,"SAN DIEGO","CHULA VISTA",-116.95069416,32.645784650000003
6375989,2014,2014-06-04,3702,2014-01-03,1315,CV0928,,5,5,6,3702,0,0,0,,0,013,"3RD AV","I ST",100.00,S,N,A,-,N,,,,,,,,,,N,3,0,1,2,A,-,17,21208,A,N,D,G,A,A,H,-,A,D,0,,Y,,,Y,,L,04,0,1,0,0,0,0,1,0,0,"- ","- ",,,"SAN DIEGO","CHULA VISTA",-117.07573773,32.630670119999998
6375993,2014,2014-06-04,3702,2014-01-04,1738,CV0553,,6,5,6,3702,0,0,0,,0,021,BROADWAY,"ANITA ST",18.00,N,N,A,-,N,,,,,,,,,,N,4,0,1,2,A,-,11,21950,B,N,G,B,B,A,H,-,C,A,0,Y,,,,Y,,N,60,0,0,1,0,1,0,0,0,0,"- ","- ",,,"SAN DIEGO","CHULA VISTA",-117.07683821000001,32.598516830000001
6376513,2014,2014-06-26,3711,2014-02-04,1140,7156,,2,5,7,3711,0,0,0,,0,313,"CONVOY ST","CLAIREMONT MESA BL",0.00,,Y,A,-,N,,,,,,,,,,N,3,0,1,2,A,-,12,21453,A,N,H,G,A,A,H,-,A,A,0,,Y,,,Y,,L,04,0,1,0,0,0,0,1,0,0,"- ","- ",,,"SAN DIEGO","SAN DIEGO",-117.15328004,32.832750079999997
6376557,2014,2014-06-26,3711,2014-02-05,1008,3773,,3,5,7,3711,0,0,0,,0,521,"A ST","PARK BL",0.00,,Y,A,-,N,,,,,,,,,,N,3,0,1,2,A,-,10,21950,A,N,G,B,B,A,H,-,A,A,0,Y,,,,Y,,-,,0,1,0,0,1,0,0,0,0,"- ","- ",,,"SAN DIEGO","SAN DIEGO",-117.15385006,32.7188801
6376644,2014,2014-07-08,3711,2014-02-03,1720,6009,EASTO,1,5,7,3711,0,0,0,,0,321,"MISSION GORGE RD","MISSION GORGE RD 4500",65.00,N,N,A,-,N,,,,,,,,,,N,4,0,1,2,A,-,09,21801,A,N,D,G,A,A,H,-,C,A,0,,Y,,,Y,,L,04,0,0,1,0,0,0,1,0,0,"- ","- ",,,"SAN DIEGO","SAN DIEGO",,
6376648,2014,2014-06-19,3711,2014-02-03,1645,5778,,1,5,7,3711,0,0,0,,0,813,"30TH ST","REDWOOD ST",50.00,S,N,A,-,N,,,,,,,,,,N,3,0,1,2,A,-,11,21954,A,N,D,B,D,A,H,-,A,D,0,Y,,,,Y,,N,60,0,1,0,0,1,0,0,0,0,"- ","- ",,,"SAN DIEGO","SAN DIEGO",-117.12932000000001,32.737283040000001
6376660,2014,2014-07-08,3711,2014-02-04,1600,6995,SANDI,2,5,7,3711,0,0,0,,0,831,"47TH ST","ORANGE AV",528.00,N,N,A,-,N,,,,,,,,,,N,4,0,1,2,A,-,08,22107,,M,D,G,A,A,H,-,A,D,0,,Y,,,Y,,L,04,0,0,1,0,0,0,1,0,0,"- ","- ",,,"SAN DIEGO","SAN DIEGO",-117.09328942,32.754546169999998
6376667,2014,2014-06-19,3711,2014-02-02,0130,5945,,7,5,7,3711,0,0,0,,0,627,"UNIVERSITY AV",3RD,75.00,E,N,A,-,N,,,,,,,,,,N,4,0,1,2,A,-,11,21954,A,N,A,B,E,A,H,-,C,A,0,Y,,,,Y,Y,N,60,0,0,1,0,1,0,0,0,0,"- ","- ",,,"SAN DIEGO","SAN DIEGO",-117.16251693,32.748264259999999
6376676,2014,2014-06-19,3711,2014-02-03,1919,5999,,1,5,7,3711,0,0,0,,0,442,"SOUTH 43RD ST","GAMMA ST",528.00,N,N,B,-,N,,,,,,,,,,N,4,0,1,2,A,-,08,22107,,N,G,B,F,A,H,-,C,D,0,Y,,,,Y,,-,,0,0,1,0,1,0,0,0,0,"- ","- ",,,"SAN DIEGO","SAN DIEGO",-117.10245999999999,32.691256170000003
6376761,2014,2014-06-26,3700,2014-02-27,0131,SH2560,,4,5,5,3713,0,0,0,,0,311,"VISTA VILLAGE DR","N INDIANA AV",0.00,,Y,A,-,N,,,,,,,,,,N,4,0,1,2,A,-,10,21950,A,F,G,B,B,A,H,-,C,D,0,Y,,,,Y,,D,22,0,0,1,0,1,0,0,0,0,"- ","- ",,,"SAN DIEGO",VISTA,-117.24292001000001,33.202910080000002
6380271,2014,2014-06-17,3706,2014-02-10,1902,322,ESPD,1,5,6,3706,0,0,0,,0,044,"KENT AV","ROOSEVELT ST",0.00,,Y,A,-,N,,,,,,,,,,N,2,0,1,2,D,-,00,,,F,G,B,B,A,H,-,C,D,0,Y,,,,Y,,-,"- ",1,0,0,0,1,0,0,0,0,"- ","- ",,,"SAN DIEGO",ESCONDIDO,-117.07395,33.142310010000003
6381429,2013,2014-05-28,3711,2013-12-16,1722,6404,,1,5,7,3711,0,0,0,,0,115,"GENESEE AV","LA JOLLA VILLAGE DR",0.00,,Y,A,-,N,,,,,,,,,,N,3,0,1,2,A,-,11,21456,B,N,A,B,B,A,H,-,C,A,0,Y,,,,Y,,N,60,0,1,0,0,1,0,0,0,0,"- ","- ",,,"SAN DIEGO","SAN DIEGO",-117.214192,32.872614800000001
6381682,2014,2014-06-07,3708,2014-01-14,1312,1210,400,2,5,5,3708,0,0,0,,0,003,"EL CAJON BL","LA MESA BL",2.00,E,N,A,-,N,,,,,,,,,,N,3,0,1,2,A,-,08,22100,A,N,B,G,A,A,H,-,A,A,0,,Y,,,Y,,A,01,0,1,0,0,0,0,1,0,0,"- ","- ",,,"SAN DIEGO","LA MESA",-117.03023358,32.768460779999998
6381741,2014,2014-06-07,3708,2014-01-19,1048,1206,100,7,5,5,3708,0,0,0,,0,003,"BALTIMORE DR","WELLESLEY ST",212.00,S,N,A,-,N,,,,,,,,,,N,4,0,1,2,A,-,11,21954,A,N,G,B,E,A,H,-,A,D,0,Y,,,,Y,,N,60,0,0,1,0,1,0,0,0,0,"- ","- ",,,"SAN DIEGO","LA MESA",-117.03215753000001,32.779692179999998
6381749,2014,2014-06-07,3708,2014-01-20,1153,1225,400,1,5,5,3708,0,0,0,,0,001,"JESSIE AV","LA MESITA PL",38.00,N,N,A,-,N,,,,,,,,,,N,3,0,1,2,A,-,17,22517,,N,B,G,A,A,H,-,A,D,0,,Y,,,Y,,A,01,0,1,0,0,0,0,1,0,0,"- ","- ",,,"SAN DIEGO","LA MESA",-117.03758310000001,32.76701405
6381757,2014,2014-06-07,3708,2014-01-17,0738,1225,400,5,5,5,3708,0,0,0,,0,001,"UNIVERSITY AV","PARKS AV",0.00,,Y,A,-,N,,,,,,,,,,N,4,0,1,2,A,-,10,21950,A,N,G,B,B,A,H,-,A,A,0,Y,,,,Y,,A,01,0,0,1,0,1,0,0,0,0,"- ","- ",,,"SAN DIEGO","LA MESA",-117.03328012999999,32.76042005
6381847,2014,2014-06-18,3711,2014-02-17,0945,6768,,1,5,7,3711,0,0,0,,0,731,"ORANGE AV","FAIRMOUNT AV",0.00,,Y,A,-,N,,,,,,,,,,N,4,0,1,2,A,-,12,21453,A,N,G,B,B,A,H,-,A,A,0,Y,,,,Y,,A,01,0,0,1,0,1,0,0,0,0,"- ","- ",,,"SAN DIEGO","SAN DIEGO",-117.10086002,32.753170089999998
6381851,2014,2014-06-18,3711,2014-02-14,1127,6971,MCI,5,5,7,3711,0,0,0,,0,834,"UNIVERSITY AV","43RD ST",0.00,,Y,A,-,N,,,,,,,,,,N,4,0,1,2,A,-,10,21950,A,N,G,B,B,A,H,-,A,A,0,Y,,,,Y,,-,,0,0,1,0,1,0,0,0,0,"- ","- ",,,"SAN DIEGO","SAN DIEGO",-117.10202012000001,32.749620110000002
6381855,2014,2014-06-18,3711,2014-02-14,1145,7067,,5,5,7,3711,0,0,0,,0,521,"MARKET ST","10TH AV",3.00,E,N,A,-,N,,,,,,,,,,N,3,0,1,2,A,-,10,21950,A,N,G,B,B,A,H,-,A,A,0,Y,,,,Y,,-,,0,1,0,0,1,0,0,0,0,"- ","- ",,,"SAN DIEGO","SAN DIEGO",-117.15557028000001,32.71152
6381864,2014,2014-06-18,3708,2014-02-08,1135,1183,400,6,5,5,3708,0,0,0,,0,004,"CENTER DR","JACKSON DR",300.00,E,N,A,-,N,,,,,,,,,,N,3,0,1,2,A,-,05,21650,1,N,D,G,A,A,H,-,A,-,0,,Y,,,Y,,L,04,0,1,0,0,0,0,1,0,0,"- ","- ",,,"SAN DIEGO","LA MESA",-117.01572018,32.777160809999998