CASE_ID,ACCIDENT_YEAR,PROC_DATE,JURIS,COLLISION_DATE,COLLISION_TIME,OFFICER_ID,REPORTING_DISTRICT,DAY_OF_WEEK,CHP_SHIFT,POPULATION,CNTY_CITY_LOC,SPECIAL_COND,BEAT_TYPE,CHP_BEAT_TYPE,CITY_DIVISION_LAPD,CHP_BEAT_CLASS,BEAT_NUMBER,PRIMARY_RD,SECONDARY_RD,DISTANCE,DIRECTION,INTERSECTION,WEATHER_1,WEATHER_2,STATE_HWY_IND,CALTRANS_COUNTY,CALTRANS_DISTRICT,STATE_ROUTE,ROUTE_SUFFIX,POSTMILE_PREFIX,POSTMILE,LOCATION_TYPE,RAMP_INTERSECTION,SIDE_OF_HWY,TOW_AWAY,COLLISION_SEVERITY,NUMBER_KILLED,NUMBER_INJURED,PARTY_COUNT,PRIMARY_COLL_FACTOR,PCF_CODE_OF_VIOL,PCF_VIOL_CATEGORY,PCF_VIOLATION,PCF_VIOL_SUBSECTION,HIT_AND_RUN,TYPE_OF_COLLISION,MVIW,PED_ACTION,ROAD_SURFACE,ROAD_COND_1,ROAD_COND_2,LIGHTING,CONTROL_DEVICE,CHP_ROAD_TYPE,PEDESTRIAN_ACCIDENT,BICYCLE_ACCIDENT,MOTORCYCLE_ACCIDENT,TRUCK_ACCIDENT,NOT_PRIVATE_PROPERTY,ALCOHOL_INVOLVED,STWD_VEHTYPE_AT_FAULT,CHP_VEHTYPE_AT_FAULT,COUNT_SEVERE_INJ,COUNT_VISIBLE_INJ,COUNT_COMPLAINT_PAIN,COUNT_PED_KILLED,COUNT_PED_INJURED,COUNT_BICYCLIST_KILLED,COUNT_BICYCLIST_INJURED,COUNT_MC_KILLED,COUNT_MC_INJURED,PRIMARY_RAMP,SECONDARY_RAMP,LATITUDE,LONGITUDE,COUNTY,CITY,POINT_X,POINT_Y
6519201,2014,2015-02-17,3711,2014-06-03,0545,HB3763,,2,5,7,3711,0,0,0,,0,504,"NORTH HARBOR DR","WEST GRAPE ST",0.00,,Y,B,-,N,,,,,,,,,,N,3,0,1,2,A,-,21,22106,,N,D,G,A,A,H,-,A,A,0,,Y,,,Y,,A,01,0,1,0,0,0,0,1,0,0,"- ","- ",,,"SAN DIEGO","SAN DIEGO",-117.17321001000001,32.7241201
6519202,2014,2016-02-08,3711,2014-06-05,1510,5866,SDPD,4,5,7,3711,0,0,0,,0,725,"PALM AV","RT 805",27.00,N,N,A,-,Y,SD,11,805,-,-,2.669,R,1,N,N,4,0,1,2,A,-,"- ",,,N,D,G,A,A,H,-,A,A,0,,Y,,,Y,,L,04,0,0,1,0,0,0,1,0,0,"- ","- ",,,"SAN DIEGO","SAN DIEGO",-117.03766890999999,32.580486710000002
6519218,2014,2014-08-08,3711,2014-06-05,0017,7009,,4,5,7,3711,0,0,0,,0,618,"SUNSET CLIFFS BL","GUIZOT ST",301.00,N,N,A,-,N,,,,,,,,,,N,4,0,1,2,A,-,08,22107,,M,G,B,E,A,H,-,C,D,0,Y,,,,Y,,-,,0,0,1,0,1,0,0,0,0,"- ","- ",,,"SAN DIEGO","SAN DIEGO",-117.25564552,32.72842232
6519233,2014,2014-08-08,3711,2014-06-01,0623,5292,,7,5,7,3711,0,0,0,,0,521,"11TH AV","B ST",23.00,S,N,B,-,N,,,,,,,,,,N,2,0,1,2,A,-,03,22350,,N,D,G,A,A,H,-,A,A,0,,Y,,,Y,,L,04,1,0,0,0,0,0,1,0,0,"- ","- ",,,"SAN DIEGO","SAN DIEGO",-117.15472878999999,32.717767000000002
6519286,2014,2014-07-31,3701,2014-05-14,1655,5420,37,3,5,5,3701,0,0,0,,0,002,"CARLSBAD BL","MAPLE AV",6.00,N,N,A,-,,,,,,,,,,,N,4,0,1,2,A,-,10,21950,A,N,D,G,A,A,H,-,A,D,0,,Y,,,Y,,A,01,0,0,1,0,0,0,1,0,0,"- ","- ",33.151960000000003,-117.34873,"SAN DIEGO",CARLSBAD,-117.34872992,33.151884170000002
6519310,2014,2014-07-31,3701,2014-05-29,1702,5291,77,4,5,5,3701,0,0,0,,0,006,"COLLEGE BL","PALOMAR AIRPORT RD",710.00,N,N,A,-,N,,,,,,,,,,N,3,0,1,2,A,-,11,21954,A,N,G,B,D,A,H,-,A,D,0,Y,,Y,,Y,,N,60,0,1,0,0,1,0,0,0,0,"- ","- ",,,"SAN DIEGO",CARLSBAD,-117.3011537,33.126075399999998
6519433,2014,2014-07-29,9680,2014-05-30,0915,13741,,5,1,9,3700,0,3,5,,2,002,"NORTE MESA DR","SOUTH BARCELONA ST",28.00,E,N,A,-,N,,,,,,,,,,N,3,0,2,3,A,-,03,22350,,N,G,B,D,A,H,-,A,D,0,Y,,,,Y,,A,01,0,2,0,0,2,0,0,0,0,"- ","- ",32.744219999999999,-116.98132,"SAN DIEGO",UNINCORPORATED,-116.98147582,32.744008620000002
6520181,2014,2014-08-08,3711,2014-06-07,1930,5989,,6,5,7,3711,0,0,0,,0,122,"GRAND AV","CASS AV",0.00,,Y,A,-,N,,,,,,,,,,N,3,0,1,2,A,-,08,22107,,M,B,G,A,A,H,-,A,A,0,,Y,,,Y,,-,,0,1,0,0,0,0,1,0,0,"- ","- ",,,"SAN DIEGO","SAN DIEGO",-117.25126002,32.795530079999999
6523449,2014,2015-04-02,9645,2014-06-05,2110,17297,,4,2,9,3700,0,3,5,,2,018,"BRIARWOOD RD","PICASSO DR",0.00,,Y,A,-,N,,,,,,,,,,N,4,0,1,2,A,-,10,21950,A,N,G,B,B,A,H,-,D,D,0,Y,,,,Y,,A,01,0,0,1,0,1,0,0,0,0,"- ","- ",32.67906,-117.02612999999999,"SAN DIEGO",UNINCORPORATED,-117.02625999999999,32.678950059999998
6523567,2014,2014-07-17,3711,2014-04-30,1558,4897,,3,5,7,3711,0,0,0,,0,621,"LINDA VISTA RD","FULTON ST",751.00,S,N,A,-,N,,,,,,,,,,N,3,0,1,2,D,-,00,,,N,G,B,C,A,H,-,A,A,0,Y,,,,Y,,-,"- ",0,1,0,0,1,0,0,0,0,"- ","- ",,,"SAN DIEGO","SAN DIEGO",-117.16909760999999,32.788344510000002
6523571,2014,2014-07-18,3711,2014-04-24,2040,6469,,4,5,7,3711,0,0,0,,0,451,"COLLEGE AV","COLLEGE GROVE DR",3.00,E,N,A,-,N,,,,,,,,,,N,4,0,1,2,A,-,11,21456,B,N,D,G,A,A,H,-,C,A,0,,Y,,,Y,,L,04,0,0,1,0,0,0,1,0,0,"- ","- ",,,"SAN DIEGO","SAN DIEGO",-117.05363156,32.744355919999997
6523603,2014,2014-07-08,3705,2014-03-19,1402,EC5258,,3,5,5,3705,0,0,0,,0,009,"1ST ST","REDWOOD AV",499.00,S,N,A,-,N,,,,,,,,,,N,3,0,1,2,A,-,11,21954,A,N,G,B,D,A,H,-,A,D,0,Y,,,,Y,,N,60,0,1,0,0,1,0,0,0,0,"- ","- ",,,"SAN DIEGO","EL CAJON",-116.94459999999999,32.789933429999998
6523773,2014,2014-07-22,3705,2014-04-23,0938,EC0301,,3,5,5,3705,0,0,0,,0,008,"S MAGNOLIA AV",WASHINGTON,359.00,S,N,A,-,N,,,,,,,,,,N,3,0,1,2,A,-,05,21202,A,N,D,G,A,A,H,-,A,D,0,,Y,,,Y,,L,04,0,1,0,0,0,0,1,0,0,"- ","- ",,,"SAN DIEGO","EL CAJON",-116.96230534,32.786676819999997
6523781,2014,2014-07-22,3705,2014-04-30,1504,EC5258,,3,5,5,3705,0,0,0,,0,008,"W CHASE AV","PINE ST",10.00,W,N,A,-,N,,,,,,,,,,N,3,0,1,2,A,-,05,21650,1,N,D,G,A,A,H,-,A,D,0,,Y,,,Y,,L,04,0,1,0,0,0,0,1,0,0,"- ","- ",,,"SAN DIEGO","EL CAJON",-116.97843649000001,32.782735780000003
6523913,2014,2014-07-17,3711,2014-04-10,1110,6167,SD,4,5,7,3711,0,0,0,,0,124,"NAUTILUS ST","LA JOLLA SCENIC DR",500.00,W,N,A,-,N,,,,,,,,,,N,4,0,1,2,A,-,08,22107,,N,B,G,A,A,H,-,A,D,0,,Y,,,Y,,-,,0,0,1,0,0,0,1,0,0,"- ","- ",,,"SAN DIEGO","SAN DIEGO",-117.2508387,32.833772940000003
6524082,2014,2014-07-17,3711,2014-04-21,0945,4527,,1,5,7,3711,0,0,0,,0,526,4TH,CEDAR,24.00,S,N,A,-,N,,,,,,,,,,N,4,0,1,2,A,-,12,21453,A,N,D,G,A,A,H,-,A,A,0,,Y,,,Y,,L,04,0,0,1,0,0,0,1,0,0,"- ","- ",,,"SAN DIEGO","SAN DIEGO",-117.16111871,32.721904670000001
6524146,2014,2016-02-12,3711,2014-04-21,1438,4116,,1,5,7,3711,0,0,0,,0,321,"ALVARADO CANYON RD","FAIRMONT AV",6.00,E,N,A,-,N,,,,,,,,,,N,4,0,1,1,A,-,08,22107,,N,E,G,A,A,H,-,A,A,0,,Y,,,Y,Y,L,04,0,0,1,0,0,0,1,0,0,"- ","- ",,,"SAN DIEGO","SAN DIEGO",-117.10153218000001,32.780193400000002
6524150,2014,2014-07-17,3711,2014-04-17,2022,6989,SOUTH,4,5,7,3711,0,0,0,,0,721,"GAYWOOD ST",CORONADO,6.00,S,N,B,-,N,,,,,,,,,,N,4,0,1,2,A,-,10,21950,A,N,G,B,B,A,H,-,C,-,0,Y,,,,Y,,A,01,0,0,1,0,1,0,0,0,0,"- ","- ",,,"SAN DIEGO","SAN DIEGO",-117.10046027,32.576493569999997
6524197,2014,2014-08-06,3711,2014-05-04,2242,4576,,7,5,7,3711,0,0,0,,0,826,"EUCLID AV","POLK AV",49.00,N,N,B,-,N,,,,,,,,,,N,3,0,1,2,A,-,"- ",,,M,G,B,E,A,H,-,D,D,0,Y,,,,Y,,N,60,0,1,0,0,1,0,0,0,0,"- ","- ",,,"SAN DIEGO","SAN DIEGO",-117.09226846999999,32.751484210000001
6524226,2014,2014-08-06,3711,2014-05-05,1054,6411,SDPD,1,5,7,3711,0,0,0,,0,122,"GARNET AV","MISSION BAY DR",50.00,E,N,B,-,N,,,,,,,,,,N,3,0,1,2,A,-,11,21954,A,N,G,B,D,A,H,-,A,D,0,Y,,,,Y,,N,60,0,1,0,0,1,0,0,0,0,"- ","- ",,,"SAN DIEGO","SAN DIEGO",-117.21881298,32.806184350000002
6524227,2014,2016-04-09,9680,2014-05-30,1402,019418,,5,2,5,3708,0,1,3,,2,028,"RT 125","SPRING ST",1584.00,N,N,A,-,Y,SD,11,125,-,-,13.790,H,-,N,N,3,0,1,2,A,-,11,21954,A,N,G,B,E,A,H,-,A,D,1,Y,,,,Y,,N,60,0,1,0,0,1,0,0,0,0,"- ","- ",32.757370000000002,-117.00703,"SAN DIEGO","LA MESA",-117.00820457,32.756255979999999
6524300,2014,2016-04-09,9680,2014-05-29,1355,018979,,4,1,9,3700,0,1,3,,1,024,"RT 94","HONEY SPRINGS RD",4224.00,W,N,A,-,Y,SD,11,94,-,-,24.050,H,-,E,N,3,0,1,1,D,-,00,,,N,F,G,A,A,H,-,A,D,0,,Y,,,Y,,-,"- ",0,1,0,0,0,0,1,0,0,"- ","- ",32.675159999999998,-116.83699,"SAN DIEGO",UNINCORPORATED,-116.83344095,32.671644499999999
6524379,2014,2014-08-08,3711,2014-05-27,1310,6852,,2,5,7,3711,0,0,0,,0,324,"LAKE ARROWHEAD DR","LAKE MURRAY BL",0.00,,Y,A,-,N,,,,,,,,,,N,3,0,1,2,A,-,10,21950,A,N,G,B,B,A,H,-,A,A,0,Y,,,,Y,Y,-,,0,1,0,0,1,0,0,0,0,"- ","- ",,,"SAN DIEGO","SAN DIEGO",-117.01307008000001,32.799610039999997
6524387,2014,2014-08-08,3711,2014-05-29,1455,6930,,4,5,7,3711,0,0,0,,0,526,"1ST AV",CEDAR,10.00,E,N,A,-,N,,,,,,,,,,N,4,0,1,2,A,-,11,21456,B,N,G,B,B,A,H,-,A,A,0,Y,,,,Y,,N,60,0,0,1,0,1,0,0,0,0,"- ","- ",,,"SAN DIEGO","SAN DIEGO",-117.16385828999999,32.72198264
6524417,2014,2014-08-04,3711,2014-05-10,2013,7091,,6,5,7,3711,0,0,0,,0,621,"LINDA VISTA RD","ALCALA PKWY",10.00,W,N,A,-,N,,,,,,,,,,Y,3,0,1,2,A,-,11,21950,B,N,G,B,D,A,H,-,C,A,0,Y,,,,Y,Y,N,60,0,1,0,0,1,0,0,0,0,"- ","- ",,,"SAN DIEGO","SAN DIEGO",-117.18600512,32.771279849999999
6524433,2014,2014-08-04,3711,2014-05-10,0940,5133,,6,5,7,3711,0,0,0,,0,,"FEDERAL BL","EUCLID AV",346.00,W,N,A,-,N,,,,,,,,,,N,3,0,1,2,A,-,11,21956,A,N,G,B,D,A,H,-,A,D,0,Y,,,,Y,,N,60,0,1,0,0,1,0,0,0,0,"- ","- ",,,"SAN DIEGO","SAN DIEGO",-117.08607116,32.721420000000002
6524455,2014,2014-08-07,3711,2014-05-23,0545,6594,,5,5,7,3711,0,0,0,,0,,"BUNNELL ST","BUNNELL ST 4900",3.00,S,N,A,-,N,,,,,,,,,,N,3,0,1,2,A,-,21,22106,,N,G,B,F,A,H,-,C,D,0,Y,,,,Y,,-,,0,1,0,0,1,0,0,0,0,"- ","- ",,,"SAN DIEGO","SAN DIEGO",,
6524465,2014,2014-08-04,3711,2014-05-09,2040,6717,,5,5,7,3711,0,0,0,,0,441,"OCEAN VIEW BL","36TH ST",500.00,S,N,A,-,N,,,,,,,,,,N,3,0,1,2,A,-,08,22107,,M,G,B,B,A,H,-,E,A,0,Y,,,,Y,,-,,0,1,0,0,1,0,0,0,0,"- ","- ",,,"SAN DIEGO","SAN DIEGO",-117.11678999999999,32.701250000000002
6524483,2014,2014-08-06,3710,2014-05-05,1848,OC1404,,1,5,6,3710,0,0,0,,0,013,VISTA,AVOCADO,0.00,,Y,A,-,N,,,,,,,,,,N,3,0,1,2,D,-,00,,,N,B,G,A,A,H,-,A,A,0,,Y,,,Y,,-,"- ",0,1,0,0,0,0,1,0,0,"- ","- ",,,"SAN DIEGO",OCEANSIDE,-117.34078011,33.183080019999998
6524503,2014,2014-08-06,3700,2014-05-09,1600,SH2439,,5,5,5,3713,0,0,0,,0,311,"VISTA VILLAGE DR","HILLSIDE TR",14.00,W,N,A,-,N,,,,,,,,,,N,4,0,1,2,A,-,10,21950,A,F,G,B,B,A,H,-,A,A,0,Y,,,,Y,,A,01,0,0,1,0,1,0,0,0,0,"- ","- ",,,"SAN DIEGO",VISTA,-117.23716078,33.205301689999999
6524591,2014,2015-04-08,9680,2014-06-03,1323,019613,,2,1,9,3700,0,1,3,,1,022,"RT 54","CUYAMACA COLLEGE DR W",0.00,,Y,A,-,Y,SD,11,54,-,T,11.397,I,5,E,N,4,0,1,2,A,-,10,21950,A,N,G,B,B,A,H,-,A,A,0,Y,,,,Y,,A,01,0,0,1,0,1,0,0,0,0,"- ","- ",32.741050000000001,-116.93857,"SAN DIEGO",UNINCORPORATED,-116.93638323,32.742195119999998
6524727,2014,2014-07-17,3702,2014-04-21,1748,CV1033,,1,5,6,3702,0,0,0,,0,021,"PALOMAR ST",BROADWAY,230.00,W,N,A,-,N,,,,,,,,,,N,4,0,1,2,A,-,10,21950,A,M,G,B,B,A,H,-,A,A,0,Y,,,,Y,,A,01,0,0,1,0,1,0,0,0,0,"- ","- ",,,"SAN DIEGO","CHULA VISTA",-117.07949806000001,32.60340429
6524732,2014,2014-07-18,3702,2014-04-30,1920,CV1056,,3,5,6,3702,0,0,0,,0,032,"S GREENSVIEW DR","CLUBHOUSE DR",0.00,,Y,A,-,N,,,,,,,,,,N,4,0,1,2,A,-,12,21453,A,N,D,G,A,A,H,-,B,A,0,,Y,,,Y,,L,04,0,0,1,0,0,0,1,0,0,"- ","- ",,,"SAN DIEGO","CHULA VISTA",-116.96419006000001,32.640630059999999
6524753,2014,2014-08-06,3702,2014-05-05,1015,CV1081,,1,5,6,3702,0,0,0,,0,013,"4TH AV","L ST",2.00,N,N,A,-,N,,,,,,,,,,N,3,0,1,2,A,-,09,21804,A,N,D,G,A,A,H,-,A,A,0,,Y,,,Y,,L,04,0,1,0,0,0,0,1,0,0,"- ","- ",,,"SAN DIEGO","CHULA VISTA",-117.07590205,32.619455199999997
6524761,2014,2014-08-06,3702,2014-05-08,1330,CV1042,,4,5,6,3702,0,0,0,,0,012,BROADWAY,CURBLINE,10.00,W,N,A,-,N,,,,,,,,,,N,4,0,1,2,A,-,11,21954,A,N,G,B,F,A,H,-,A,D,0,Y,,,,Y,,N,60,0,0,1,0,1,0,0,0,0,"- ","- ",,,"SAN DIEGO","CHULA VISTA",,
6524773,2014,2014-08-06,3702,2014-05-12,1327,CV0673,,1,5,6,3702,0,0,0,,0,023,"MAX AV","ORANGE AV",0.00,,Y,A,-,N,,,,,,,,,,N,4,0,1,2,A,-,10,21950,A,N,G,B,B,A,H,-,A,A,0,Y,,,,Y,,A,08,0,0,1,0,1,0,0,0,0,"- ","- ",,,"SAN DIEGO","CHULA VISTA",-117.04446009999999,32.601880049999998
6524776,2014,2014-07-18,3710,2014-04-27,1920,OC1362,,7,5,6,3710,0,0,0,,0,006,"THE STRAND N",SURFRIDER,64.00,S,N,A,-,N,,,,,,,,,,N,3,0,1,2,B,-,22,,,N,G,B,E,A,H,-,B,D,0,Y,,,,Y,,A,01,0,1,0,0,1,0,0,0,0,"- ","- ",,,"SAN DIEGO",OCEANSIDE,-117.38624926,33.196776999999997
6524795,2014,2014-07-17,3702,2014-04-24,1600,CV0896,,4,5,6,3702,0,0,0,,0,011,"FLOWER ST","CEDAR AV",0.00,,Y,A,-,N,,,,,,,,,,N,3,0,1,2,A,-,03,22350,,F,G,B,B,A,H,-,A,D,0,Y,,,,Y,,-,99,0,1,0,0,1,0,0,0,0,"- ","- ",,,"SAN DIEGO","CHULA VISTA",-117.09121011000001,32.643860099999998
6524801,2014,2014-08-06,3702,2014-05-08,1336,CV0847,,4,5,6,3702,0,0,0,,0,021,"BROADWAY AV","MOSS ST",0.00,,Y,A,-,N,,,,,,,,,,N,4,0,1,2,A,-,10,21950,A,N,G,B,B,A,H,-,A,A,0,Y,,,,Y,,A,01,0,0,1,0,1,0,0,0,0,"- ","- ",,,"SAN DIEGO","CHULA VISTA",-117.08278000999999,32.613680019999997
6524805,2014,2014-08-06,3702,2014-05-10,1035,CV0847,,6,5,6,3702,0,0,0,,0,021,"PALOMAR ST","INDUSTRIAL BL",200.00,E,N,A,-,N,,,,,,,,,,N,4,0,1,2,A,-,08,22107,,N,D,G,A,A,H,-,A,A,0,,Y,,,Y,,L,04,0,0,1,0,0,0,1,0,0,"- ","- ",,,"SAN DIEGO","CHULA VISTA",-117.0849661,32.603875189999997
6524814,2014,2014-08-06,3710,2014-05-28,1951,OC1301,,3,5,6,3710,0,0,0,,0,021,SEQUOIA,CONIFER,225.00,N,N,A,-,N,,,,,,,,,,N,4,0,1,2,A,-,11,21954,A,N,G,B,D,A,H,-,B,D,0,Y,,,,Y,,N,60,0,0,1,0,1,0,0,0,0,"- ","- ",,,"SAN DIEGO",OCEANSIDE,-117.29802410000001,33.243507299999997
6524857,2014,2014-08-06,3702,2014-05-23,1454,CV1032,,5,5,6,3702,0,0,0,,0,014,"EASTJ ST","CLAIRE AV",15.00,W,N,A,-,N,,,,,,,,,,N,4,0,1,2,A,-,11,21950,B,N,G,B,B,A,H,-,A,D,0,Y,,,,Y,,N,60,0,0,1,0,1,0,0,0,0,"- ","- ",,,"SAN DIEGO","CHULA VISTA",-117.05960958999999,32.631635690000003
6524862,2014,2014-08-06,3702,2014-05-04,1018,CV1032,,7,5,6,3702,0,0,0,,0,021,BROADWAY,"NAPLES ST",428.00,S,N,A,-,N,,,,,,,,,,N,4,0,1,2,D,-,00,,,N,D,G,A,A,H,-,A,D,0,,Y,,,Y,,-,"- ",0,0,1,0,0,0,1,0,0,"- ","- ",,,"SAN DIEGO","CHULA VISTA",-117.08099910999999,32.60911591
6524865,2014,2014-08-06,3702,2014-05-18,1622,CV1061,,7,5,6,3702,0,0,0,,0,032,"OTAY LAKES RD","LANE AV",0.00,,Y,A,-,N,,,,,,,,,,N,3,0,1,2,A,-,09,21800,A,N,D,G,A,A,H,-,A,A,0,,Y,,,Y,,A,01,0,1,0,0,0,0,1,0,0,"- ","- ",,,"SAN DIEGO","CHULA VISTA",-116.96117011,32.649660109999999
6524870,2014,2014-08-06,3702,2014-05-13,1305,CV0673,,2,5,6,3702,0,0,0,,0,022,"3RD AV","NAPLES ST",0.00,,Y,A,-,N,,,,,,,,,,Y,4,0,1,2,A,-,12,21453,A,N,D,G,A,A,H,-,A,A,0,,Y,,,Y,,L,04,0,0,1,0,0,0,1,0,0,"- ","- ",,,"SAN DIEGO","CHULA VISTA",-117.06909003,32.613680109999997
6524942,2014,2014-08-11,3711,2014-06-03,1343,6394,,2,5,7,3711,0,0,0,,0,313,"CONVOY ST","VICKERS ST",0.00,,Y,A,-,N,,,,,,,,,,N,3,0,1,2,A,-,21,22106,,N,G,B,B,A,H,-,A,D,0,Y,,,,Y,,-,,0,1,0,0,1,0,0,0,0,"- ","- ",,,"SAN DIEGO","SAN DIEGO",-117.1536201,32.828010050000003
6524958,2014,2014-08-08,3711,2014-06-10,0745,6192,,2,5,7,3711,0,0,0,,0,242,"GOLD COAST DR","WESTCHESTER AV",0.00,,Y,B,-,N,,,,,,,,,,N,3,0,1,2,A,-,08,22100,A,M,D,G,A,A,H,-,A,D,0,,Y,,,Y,,-,,0,1,0,0,0,0,1,0,0,"- ","- ",,,"SAN DIEGO","SAN DIEGO",-117.1271201,32.905360100000003
6524961,2014,2015-04-16,3711,2014-06-09,2050,6827,,1,5,7,3711,0,0,0,,0,834,"UNIVERSITY AV","RT 15",0.00,,Y,B,-,Y,SD,11,15,-,M,4.542,R,4,N,N,3,0,1,2,A,-,10,21950,A,M,G,B,B,A,H,-,C,A,0,Y,,,,Y,,-,,0,1,0,0,1,0,0,0,0,"- ",NF,,,"SAN DIEGO","SAN DIEGO",-117.10858207,32.748209160000002
6524965,2014,2014-08-08,3711,2014-06-10,1630,6653,,2,5,7,3711,0,0,0,,0,833,"UNIVERSITY AV","47TH ST",0.00,,Y,A,-,N,,,,,,,,,,N,4,0,1,2,A,-,09,21802,A,M,D,G,A,A,H,-,A,A,0,,Y,,,Y,,-,,0,0,1,0,0,0,1,0,0,"- ","- ",,,"SAN DIEGO","SAN DIEGO",-117.09333006,32.749570079999998
6524973,2014,2014-08-08,3711,2014-06-05,1615,8783,SANDI,4,5,7,3711,0,0,0,,0,625,"TAYLOR ST","JUAN ST",0.00,,Y,A,-,N,,,,,,,,,,N,3,0,1,2,A,-,09,21804,A,N,D,G,A,A,H,-,A,A,0,,Y,,,Y,Y,L,04,0,1,0,0,0,0,1,0,0,"- ","- ",,,"SAN DIEGO","SAN DIEGO",-117.19860002999999,32.756780069999998
6524977,2014,2014-08-08,3711,2014-06-07,1528,8783,SANDI,6,5,7,3711,0,0,0,,0,524,"8TH AV","F ST",4.00,S,N,A,-,N,,,,,,,,,,N,3,0,1,2,A,-,11,21955,,N,G,B,D,A,H,-,A,D,0,Y,,,,Y,,N,60,0,1,0,0,1,0,0,0,0,"- ","- ",,,"SAN DIEGO","SAN DIEGO",-117.15741989999999,32.713629040000001
6524981,2014,2014-08-08,3711,2014-06-07,1624,6000,,6,5,7,3711,0,0,0,,0,832,"42ND ST","ORANGE AV",233.00,N,N,A,-,N,,,,,,,,,,N,3,0,1,2,A,-,05,21650,1,N,A,G,A,A,H,-,A,D,0,,Y,,,Y,,L,04,0,1,0,0,0,0,1,0,0,"- ","- ",,,"SAN DIEGO","SAN DIEGO",-117.10506650000001,32.753838129999998
6524994,2014,2014-08-11,3711,2014-06-08,0920,6657,SANDI,7,5,7,3711,0,0,0,,0,522,"1ST AV","W MARKET ST",0.00,,Y,A,-,N,,,,,,,,,,N,4,0,1,2,A,-,10,21950,A,N,G,B,B,A,H,-,A,A,0,Y,,,,Y,,-,,0,0,1,0,1,0,0,0,0,"- ","- ",,,"SAN DIEGO","SAN DIEGO",-117.16379000000001,32.711510089999997
6525014,2014,2014-08-11,3711,2014-06-05,1646,6043,,4,5,7,3711,0,0,0,,0,242,"GOLD COAST DR","AMBASSADOR AV",0.00,,Y,A,-,N,,,,,,,,,,N,4,0,1,2,A,-,09,21802,A,N,D,G,A,A,H,-,A,D,0,,Y,,,Y,,A,01,0,0,1,0,0,0,1,0,0,"- ","- ",,,"SAN DIEGO","SAN DIEGO",-117.14724004999999,32.905320039999999
6525029,2014,2014-08-08,3711,2014-06-09,1458,4653,,1,5,7,3711,0,0,0,,0,813,"EL CAJON BL","30TH ST",156.00,E,N,B,-,N,,,,,,,,,,N,3,0,1,2,A,-,08,22107,,N,D,G,A,A,H,-,A,D,0,,Y,,,Y,,L,04,0,1,0,0,0,0,1,0,0,"- ","- ",,,"SAN DIEGO","SAN DIEGO",-117.12966428,32.755400000000002
6526481,2014,2014-07-18,3709,2014-04-28,2154,465,3709,1,5,5,3709,0,0,0,,0,020,"EAST PLAZA BL","B AV",0.00,,Y,A,-,N,,,,,,,,,,N,4,0,1,2,A,-,11,21950,B,N,G,B,D,A,H,-,C,D,0,Y,,,,Y,,N,60,0,0,1,0,1,0,0,0,0,"- ","- ",,,"SAN DIEGO","NATIONAL CITY",-117.10417011,32.674670110000001
6526497,2014,2014-07-18,3702,2014-04-29,0735,CV0681,,2,5,6,3702,0,0,0,,0,031,"BUENA VISTA WY","DON CARLOS CT",122.00,S,N,A,-,N,,,,,,,,,,N,4,0,1,2,A,-,21,22106,,N,G,B,E,A,H,-,A,D,0,Y,,,,Y,,A,01,0,0,1,0,1,0,0,0,0,"- ","- ",,,"SAN DIEGO","CHULA VISTA",-117.00280841,32.63771251
6526501,2014,2014-07-18,3702,2014-04-27,1355,CV0986,,7,5,6,3702,0,0,0,,0,021,BROADWAY,"OXFORD ST",0.00,,Y,A,-,N,,,,,,,,,,N,4,0,1,2,A,-,11,21456,B,N,G,B,B,A,H,-,A,A,0,Y,,,,Y,,N,60,0,0,1,0,1,0,0,0,0,"- ","- ",,,"SAN DIEGO","CHULA VISTA",-117.08006005,32.606740029999997
6526521,2014,2014-07-18,3702,2014-04-04,1519,CV1094,,5,5,6,3702,0,0,0,,0,012,BROADWAY,"VANCE ST",85.00,N,N,A,-,N,,,,,,,,,,N,4,0,1,2,A,-,05,21650,1,N,D,G,A,A,H,-,A,D,0,,Y,,,Y,,L,04,0,0,1,0,0,0,1,0,0,"- ","- ",,,"SAN DIEGO","CHULA VISTA",-117.09055293999999,32.633721999999999
6526541,2014,2014-07-18,3702,2014-04-03,1006,CV0673,,4,5,6,3702,0,0,0,,0,021,BROADWAY,"OXFORD ST",27.00,S,N,A,-,N,,,,,,,,,,N,4,0,1,2,A,-,10,21954,B,N,G,B,D,A,H,-,A,A,0,Y,,,,Y,,A,01,0,0,1,0,1,0,0,0,0,"- ","- ",,,"SAN DIEGO","CHULA VISTA",-117.08003399,32.606669400000001
6526985,2014,2014-07-18,3710,2014-04-21,1014,OC0778,,1,5,6,3710,0,0,0,,0,016,"EL CAMINO REAL","MISSION AV",100.00,N,N,A,-,N,,,,,,,,,,N,4,0,1,2,A,-,09,21804,A,N,G,B,F,A,H,-,A,A,0,Y,,,,Y,,A,01,0,0,1,0,1,0,0,0,0,"- ","- ",,,"SAN DIEGO",OCEANSIDE,-117.33102,33.225859999999997
6526996,2014,2015-11-09,3700,2014-03-26,0958,SH3121,,3,5,4,3707,0,0,0,,0,702,"9TH ST","RT 75",5.00,N,N,A,-,Y,SD,11,75,-,-,10.570,I,6,N,N,4,0,1,2,A,-,05,21651,A,N,B,G,A,A,H,-,A,A,0,,Y,,,Y,,L,04,0,0,1,0,0,0,1,0,0,"- ","- ",,,"SAN DIEGO","IMPERIAL BEACH",-117.11432304,32.584002269999999