CASE_ID,ACCIDENT_YEAR,PROC_DATE,JURIS,COLLISION_DATE,COLLISION_TIME,OFFICER_ID,REPORTING_DISTRICT,DAY_OF_WEEK,CHP_SHIFT,POPULATION,CNTY_CITY_LOC,SPECIAL_COND,BEAT_TYPE,CHP_BEAT_TYPE,CITY_DIVISION_LAPD,CHP_BEAT_CLASS,BEAT_NUMBER,PRIMARY_RD,SECONDARY_RD,DISTANCE,DIRECTION,INTERSECTION,WEATHER_1,WEATHER_2,STATE_HWY_IND,CALTRANS_COUNTY,CALTRANS_DISTRICT,STATE_ROUTE,ROUTE_SUFFIX,POSTMILE_PREFIX,POSTMILE,LOCATION_TYPE,RAMP_INTERSECTION,SIDE_OF_HWY,TOW_AWAY,COLLISION_SEVERITY,NUMBER_KILLED,NUMBER_INJURED,PARTY_COUNT,PRIMARY_COLL_FACTOR,PCF_CODE_OF_VIOL,PCF_VIOL_CATEGORY,PCF_VIOLATION,PCF_VIOL_SUBSECTION,HIT_AND_RUN,TYPE_OF_COLLISION,MVIW,PED_ACTION,ROAD_SURFACE,ROAD_COND_1,ROAD_COND_2,LIGHTING,CONTROL_DEVICE,CHP_ROAD_TYPE,PEDESTRIAN_ACCIDENT,BICYCLE_ACCIDENT,MOTORCYCLE_ACCIDENT,TRUCK_ACCIDENT,NOT_PRIVATE_PROPERTY,ALCOHOL_INVOLVED,STWD_VEHTYPE_AT_FAULT,CHP_VEHTYPE_AT_FAULT,COUNT_SEVERE_INJ,COUNT_VISIBLE_INJ,COUNT_COMPLAINT_PAIN,COUNT_PED_KILLED,COUNT_PED_INJURED,COUNT_BICYCLIST_KILLED,COUNT_BICYCLIST_INJURED,COUNT_MC_KILLED,COUNT_MC_INJURED,PRIMARY_RAMP,SECONDARY_RAMP,LATITUDE,LONGITUDE,COUNTY,CITY,POINT_X,POINT_Y
6560572,2014,2014-08-13,3708,2014-06-13,1912,1225,400,5,5,5,3708,0,0,0,,0,004,"CAMPINA DR","CHRISTA CT",40.00,W,N,A,-,N,,,,,,,,,,N,3,0,1,2,A,-,09,21800,A,N,B,G,A,A,H,-,B,D,0,,Y,,,Y,,L,04,0,1,0,0,0,0,1,0,0,"- ","- ",,,"SAN DIEGO","LA MESA",-117.00033931999999,32.784931659999998
6560576,2014,2014-08-13,3708,2014-06-20,2300,1245,200,5,5,5,3708,0,0,0,,0,002,"UNIVERSITY AV","SPRING ST",0.00,,Y,A,-,N,,,,,,,,,,N,4,0,1,2,D,-,00,,,N,G,B,B,A,H,-,C,A,0,Y,,,,Y,,-,"- ",0,0,1,0,1,0,0,0,0,"- ","- ",,,"SAN DIEGO","LA MESA",-117.02173012,32.767410120000001
6560581,2014,2014-08-12,3711,2014-06-17,1457,7085,SANDI,2,5,7,3711,0,0,0,,0,242,"BLACK MOUNTAIN RD","GOLD COAST DR",1056.00,N,N,A,-,N,,,,,,,,,,N,4,0,1,2,A,-,05,21650,1,N,D,G,A,A,H,-,A,D,0,,Y,,,Y,,L,04,0,0,1,0,0,0,1,0,0,"- ","- ",,,"SAN DIEGO","SAN DIEGO",-117.12426404999999,32.90825212
6561473,2014,2014-08-28,3708,2014-07-07,2053,1213,200,1,5,5,3708,0,0,0,,0,004,"GROSSMONT CENTER DR","HEALTHCARE DR",0.00,,Y,A,-,N,,,,,,,,,,N,2,0,1,2,A,-,03,22350,,N,G,B,D,A,H,-,C,A,0,Y,,,,Y,,A,01,1,0,0,0,1,0,0,0,0,"- ","- ",,,"SAN DIEGO","LA MESA",-117.00865002,32.779160089999998
6561481,2014,2014-08-28,3708,2014-07-02,0947,1225,400,3,5,5,3708,0,0,0,,0,002,"SPRING ST","LEMON AV",6.00,N,N,A,-,N,,,,,,,,,,N,4,0,1,2,A,-,10,21950,A,N,G,B,B,A,H,-,A,A,0,Y,,,,Y,,A,07,0,0,1,0,1,0,0,0,0,"- ","- ",,,"SAN DIEGO","LA MESA",-117.01958852,32.76371477
6561485,2014,2014-08-28,3708,2014-07-02,1651,8193,100,3,5,5,3708,0,0,0,,0,001,"LA MESA BL","UNIVERSITY AV",224.00,S,N,A,-,N,,,,,,,,,,Y,3,0,1,2,A,-,05,21650,1,N,D,G,A,A,H,-,A,D,0,,Y,,,Y,,L,04,0,1,0,0,0,0,1,0,0,"- ","- ",,,"SAN DIEGO","LA MESA",-117.02595934,32.764485669999999
6561489,2014,2014-08-28,3708,2014-07-01,1147,1210,400,2,5,5,3708,0,0,0,,0,001,"HARBINSON AV","AMHERST ST",0.00,,Y,A,-,N,,,,,,,,,,N,3,0,1,2,A,-,12,22450,A,N,D,G,A,A,H,-,A,A,0,,Y,,,Y,,L,04,0,1,0,0,0,0,1,0,0,"- ","- ",,,"SAN DIEGO","LA MESA",-117.04137,32.76772004
6562803,2014,2015-09-24,3705,2014-06-11,2244,EC0324,,3,5,5,3705,0,0,0,,0,006,"W PALM","S MARSHALL",0.00,,Y,A,-,N,,,,,,,,,,N,3,0,1,2,A,-,12,21453,A,N,D,G,A,A,H,-,C,A,0,,Y,,,Y,,L,04,0,1,0,0,0,0,1,0,0,"- ","- ",,,"SAN DIEGO","EL CAJON",-116.97551005,32.791330010000003
6563719,2014,2014-08-22,3706,2014-07-03,2036,ES0393,ESPD,4,5,6,3706,0,0,0,,0,051,"CENTRE CITY PKWY","FELICITA AV",108.00,S,N,A,-,N,,,,,,,,,,Y,3,0,1,2,A,-,11,21954,A,N,G,B,D,A,H,-,C,D,0,Y,,,,Y,,N,60,0,1,0,0,1,0,0,0,0,"- ","- ",,,"SAN DIEGO",ESCONDIDO,-117.07549089,33.103085479999997
6564172,2014,2014-08-19,3711,2014-07-24,2226,5340,,4,5,7,3711,0,0,0,,0,521,"11TH AV",BROADWAY,0.00,,Y,A,-,N,,,,,,,,,,N,3,0,1,2,A,-,10,21950,A,M,G,B,B,A,H,-,C,A,0,Y,,,,Y,Y,D,22,0,1,0,0,1,0,0,0,0,"- ","- ",,,"SAN DIEGO","SAN DIEGO",-117.15473013,32.715740029999999
6564187,2014,2014-09-03,3711,2014-07-26,2050,6827,,6,5,7,3711,0,0,0,,0,826,"EL CAJON BL","50TH ST",0.00,,Y,A,-,N,,,,,,,,,,N,4,0,1,2,A,-,10,21950,A,M,G,B,B,A,H,-,C,D,0,Y,,,,Y,,-,,0,0,1,0,1,0,0,0,0,"- ","- ",,,"SAN DIEGO","SAN DIEGO",-117.08683004,32.756790109999997
6564360,2014,2014-08-25,3711,2014-07-03,2342,4576,,4,5,7,3711,0,0,0,,0,821,"70TH ST","EL CAJON BL",0.00,,Y,B,-,N,,,,,,,,,,N,3,0,1,2,A,-,10,21950,A,N,G,B,B,A,H,-,C,A,0,Y,,,,Y,,A,07,0,1,0,0,1,0,0,0,0,"- ","- ",,,"SAN DIEGO","SAN DIEGO",-117.04710002,32.768700019999997
6564388,2014,2014-08-25,3711,2014-07-03,2253,5051,,4,5,7,3711,0,0,0,,0,611,"SPORTS ARENA BL","ROSECRANS ST",0.00,,Y,A,-,N,,,,,,,,,,N,4,0,1,2,A,-,12,21453,A,N,D,G,A,A,H,-,C,A,0,,Y,,,Y,,L,04,0,0,1,0,0,0,1,0,0,"- ","- ",,,"SAN DIEGO","SAN DIEGO",-117.20494006,32.751530010000003
6564429,2014,2014-08-22,3711,2014-07-13,1036,6133,,7,5,7,3711,0,0,0,,0,122,"MISSION BL","MISSOURI ST",8.00,N,N,A,-,N,,,,,,,,,,N,3,0,1,2,A,-,08,22107,,N,G,B,D,A,H,-,A,D,0,Y,,,,Y,,-,,0,1,0,0,1,0,0,0,0,"- ","- ",,,"SAN DIEGO","SAN DIEGO",-117.25662665,32.80028119
6564442,2014,2014-08-22,3711,2014-07-12,1800,5604,,6,5,7,3711,0,0,0,,0,614,"BACON ST","BACON ST 2300",0.00,,N,A,-,N,,,,,,,,,,N,3,0,1,2,A,-,11,21954,A,M,H,B,A,A,H,-,A,D,0,,,,,Y,,-,,0,1,0,0,0,0,0,0,0,"- ","- ",,,"SAN DIEGO","SAN DIEGO",-117.24551529,32.753292739999999
6564457,2014,2014-08-22,3711,2014-07-10,1545,4759,,4,5,7,3711,0,0,0,,0,122,"GARNET AV","HAINES ST",0.00,,Y,B,-,N,,,,,,,,,,N,3,0,1,2,A,-,09,21801,A,N,D,G,A,A,H,-,A,A,0,,Y,,,Y,,-,,0,1,0,0,0,0,1,0,0,"- ","- ",,,"SAN DIEGO","SAN DIEGO",-117.24271001,32.799390039999999
6564474,2014,2014-08-22,3711,2014-07-08,1700,7086,,2,5,7,3711,0,0,0,,0,813,"REDWOOD ST","33RD ST",0.00,,Y,A,-,N,,,,,,,,,,N,3,0,1,2,A,-,12,22450,A,N,D,G,A,A,H,-,A,D,0,,Y,,,Y,,L,04,0,1,0,0,0,0,1,0,0,"- ","- ",,,"SAN DIEGO","SAN DIEGO",-117.12308001,32.73742008
6565199,2014,2014-08-15,3711,2014-06-26,2113,4576,,4,5,7,3711,0,0,0,,0,841,"UNIVERSITY AV","COLLEGE AV",88.00,E,N,B,-,N,,,,,,,,,,N,2,0,1,2,A,-,11,21954,A,N,G,B,D,A,H,-,C,A,0,Y,,,,Y,Y,N,60,1,0,0,0,1,0,0,0,0,"- ","- ",,,"SAN DIEGO","SAN DIEGO",-117.0642115,32.752941360000001
6566439,2014,2014-08-27,3711,2014-07-11,2030,6798,SD,5,5,7,3711,0,0,0,,0,443,"OSBORN ST","COTTONWOOD ST",7.00,N,N,A,-,N,,,,,,,,,,N,3,0,1,2,A,-,11,21950,B,N,G,B,E,A,H,-,C,A,0,Y,,,,Y,Y,N,60,0,1,0,0,1,0,0,0,0,"- ","- ",,,"SAN DIEGO","SAN DIEGO",-117.10986985,32.684799169999998
6566762,2014,2014-08-26,3701,2014-07-09,1250,5379,123,3,5,5,3701,0,0,0,,0,008,"RANCHO SANTA FE","LA COSTA AV",504.00,S,N,A,-,N,,,,,,,,,,N,3,0,1,2,A,-,12,22450,A,N,G,B,B,A,H,-,A,D,0,Y,,,,Y,,A,01,0,1,0,0,1,0,0,0,0,"- ","- ",33.080419999999997,-117.23768,"SAN DIEGO",CARLSBAD,-117.23795603000001,33.080487480000002
6566766,2014,2014-08-26,3701,2014-07-04,1700,5300,3,5,5,5,3701,0,0,0,,0,002,"MADISON ST","PINE AV",96.00,S,N,A,-,N,,,,,,,,,,N,3,0,1,2,A,-,09,21804,A,N,D,G,A,A,H,-,A,D,0,,Y,,,Y,,L,04,0,1,0,0,0,0,1,0,0,"- ","- ",,,"SAN DIEGO",CARLSBAD,-117.34466295999999,33.158343180000003
6566769,2014,2014-08-26,9680,2014-07-07,1520,016622,,1,2,9,3700,0,3,5,,2,001,"GRAVES AV","BRADLEY AV",247.00,S,N,A,-,N,,,,,,,,,,N,4,0,1,2,A,-,17,21663,,N,D,G,A,A,H,-,A,D,0,,Y,,,Y,,L,04,0,0,1,0,0,0,1,0,0,"- ","- ",32.818429999999999,-116.95909,"SAN DIEGO",UNINCORPORATED,-116.95895256999999,32.818423580000001
6567097,2014,2014-08-27,3706,2014-07-09,1935,ES0318,ESPD,3,5,6,3706,0,0,0,,0,051,"FELICITA AV","CENTRE CITY PKWY",173.00,W,N,A,-,N,,,,,,,,,,N,3,0,1,2,A,-,05,21650,1,N,D,G,A,A,H,-,B,D,0,,Y,,,Y,Y,L,04,0,1,0,0,0,0,1,0,0,"- ","- ",,,"SAN DIEGO",ESCONDIDO,-117.07615145,33.10309436
6567132,2014,2015-02-17,3710,2014-06-26,1820,1399,,4,5,6,3710,0,0,0,,0,006,MISSION,CLEVELAND,87.00,E,N,A,-,N,,,,,,,,,,N,4,0,1,2,A,-,11,21950,B,F,G,B,E,A,H,-,B,D,0,Y,,,,Y,,N,60,0,0,1,0,1,0,0,0,0,"- ","- ",,,"SAN DIEGO",OCEANSIDE,-117.3808363,33.195081850000001
6567181,2014,2014-08-01,9680,2014-06-26,1855,16622,,4,2,9,3700,0,3,5,,2,001,"SUMNER  AV","ORO ST",417.00,W,N,A,-,N,,,,,,,,,,Y,3,0,1,2,A,-,09,21804,A,F,H,G,A,A,H,-,A,D,0,,Y,,,Y,Y,L,04,0,1,0,0,0,0,1,0,0,"- ","- ",32.80986,-116.94114,"SAN DIEGO",UNINCORPORATED,-116.94151230999999,32.809720009999999
6567932,2014,2014-08-25,3711,2014-07-12,1045,5226,,6,5,7,3711,0,0,0,,0,515,"IMPERIAL AV","27TH ST",18.00,E,N,A,-,N,,,,,,,,,,N,3,0,1,2,A,-,10,21950,A,N,-,B,D,A,H,-,A,A,0,Y,,,,Y,,-,,0,1,0,0,1,0,0,0,0,"- ","- ",,,"SAN DIEGO","SAN DIEGO",-117.13593168,32.70637
6567936,2014,2014-08-25,3711,2014-07-14,1220,7010,,1,5,7,3711,0,0,0,,0,,"F ST","8TH AV",0.00,,Y,A,-,N,,,,,,,,,,N,4,0,1,2,A,-,08,22107,,N,G,B,B,A,H,-,A,A,0,Y,,,,Y,,-,,0,0,1,0,1,0,0,0,0,"- ","- ",,,"SAN DIEGO","SAN DIEGO",-117.15742011,32.713640030000001
6567976,2014,2014-08-25,3711,2014-07-15,1500,4965,,2,5,7,3711,0,0,0,,0,813,"30TH ST","KALMIA ST",88.00,S,N,B,-,N,,,,,,,,,,N,3,0,1,2,A,-,17,22517,,N,B,G,A,A,H,-,A,D,0,,Y,,,Y,,-,,0,1,0,0,0,0,1,0,0,"- ","- ",,,"SAN DIEGO","SAN DIEGO",-117.12956572,32.730559929999998
6567980,2014,2014-08-25,3711,2014-07-09,1649,6415,,3,5,7,3711,0,0,0,,0,315,"MISSION CENTER RD","FRIARS RD",20.00,N,N,A,-,N,,,,,,,,,,N,3,0,1,1,A,-,05,21650,1,N,E,G,A,A,H,-,A,A,0,,Y,,,Y,Y,L,04,0,1,0,0,0,0,1,0,0,"- ","- ",,,"SAN DIEGO","SAN DIEGO",-117.15385503,32.774694629999999
6568000,2014,2014-08-25,3711,2014-07-15,0557,6329,SDSUP,2,5,7,3711,0,0,0,,0,839,"UNIVERSITY AV","UNIVERSITY AV 3450",15.00,S,N,B,-,N,,,,,,,,,,N,3,0,1,2,A,-,10,21950,C,N,G,B,B,A,H,-,A,A,0,Y,,,,Y,,-,,0,1,0,0,1,0,0,0,0,"- ","- ",,,"SAN DIEGO","SAN DIEGO",,
6568605,2014,2014-08-07,3701,2014-06-22,1640,5444,41,7,5,5,3701,0,0,0,,0,003,"PARK DR","KELLY DR",0.00,,Y,A,-,N,,,,,,,,,,N,2,0,1,1,A,-,05,21202,A,N,E,G,A,A,D,-,A,D,0,,Y,,,Y,Y,L,04,1,0,0,0,0,0,1,0,0,"- ","- ",,,"SAN DIEGO",CARLSBAD,-117.31071003,33.146430080000002
6568909,2014,2014-09-23,3711,2014-07-14,2050,6560,SD,1,5,7,3711,0,0,0,,0,624,"NORMAL AV","PARK BL",367.00,S,N,A,-,N,,,,,,,,,,Y,3,0,1,2,A,-,11,21950,B,N,G,B,D,A,H,-,C,D,0,Y,,,,Y,Y,N,60,0,1,0,0,1,0,0,0,0,"- ","- ",,,"SAN DIEGO","SAN DIEGO",-117.1469331,32.754161400000001
6569288,2014,2014-08-25,3710,2014-07-13,1055,OC1279,,7,5,6,3710,0,0,0,,0,018,"NORTH RIVER","AVENIDA DESCANSO",315.00,W,N,A,-,N,,,,,,,,,,N,4,0,1,2,A,-,05,21650,1,N,D,G,A,A,H,-,A,D,0,,Y,,,Y,,L,04,0,0,1,0,0,0,1,0,0,"- ","- ",,,"SAN DIEGO",OCEANSIDE,-117.31560992999999,33.245235059999999
6570802,2014,2014-08-28,3711,2014-07-11,2308,6914,C3,5,5,7,3711,0,0,0,,0,516,"MARKET ST","30TH ST",0.00,,Y,A,-,N,,,,,,,,,,N,3,0,1,2,A,-,00,20001,,F,G,B,B,A,H,-,C,A,0,Y,,,,Y,,-,,0,1,0,0,1,0,0,0,0,"- ","- ",,,"SAN DIEGO","SAN DIEGO",-117.1302001,32.711650050000003
6570807,2014,2014-08-28,3711,2014-07-18,1923,6415,,5,5,7,3711,0,0,0,,0,311,"AERO DR","KEARNY VILLA RD",0.00,,Y,A,-,N,,,,,,,,,,N,4,0,1,2,A,-,08,21717,,N,-,G,A,A,H,-,A,A,0,,Y,,,Y,,A,07,0,0,1,0,0,0,1,0,0,"- ","- ",,,"SAN DIEGO","SAN DIEGO",-117.15092005,32.810070060000001
6570815,2014,2014-08-28,3711,2014-07-13,0215,4495,,7,5,7,3711,0,0,0,,0,524,"G ST","4TH AV",0.00,,Y,A,-,N,,,,,,,,,,N,4,0,2,3,A,-,10,21950,A,N,G,B,B,A,H,-,C,A,0,Y,,,,Y,Y,A,01,0,0,2,0,2,0,0,0,0,"- ","- ",,,"SAN DIEGO","SAN DIEGO",-117.16105999,32.712570069999998
6570820,2014,2016-05-24,3703,2014-07-05,1721,1037,,6,5,3,3703,0,0,0,,0,003,"RT 75","POMONA AV",17.00,N,N,A,-,Y,SD,11,75,-,-,18.490,H,-,N,N,4,0,2,3,A,-,10,21950,A,N,D,B,C,A,H,-,A,A,0,Y,,,,Y,,A,01,0,0,2,0,2,0,0,0,0,"- ","- ",,,"SAN DIEGO",CORONADO,-117.17613325000001,32.680579369999997
6570826,2014,2014-09-23,3711,2014-07-17,1259,7149,SANDI,4,5,7,3711,0,0,0,,0,,"NOBEL DR",REGENTS,180.00,W,N,A,-,N,,,,,,,,,,N,3,0,1,2,A,-,08,22107,,N,B,G,A,A,H,-,A,A,0,,Y,,,Y,,-,,0,1,0,0,0,0,1,0,0,"- ","- ",,,"SAN DIEGO","SAN DIEGO",-117.21965596,32.867704830000001
6570831,2014,2014-08-28,3711,2014-07-21,1529,4653,,1,5,7,3711,0,0,0,,0,826,"ALTADENA AV","TROJAN AV",0.00,,Y,A,-,N,,,,,,,,,,N,3,0,1,2,A,-,12,22450,A,N,D,G,A,A,H,-,A,A,0,,Y,,,Y,,L,04,0,1,0,0,0,0,1,0,0,"- ","- ",,,"SAN DIEGO","SAN DIEGO",-117.08578008000001,32.754900050000003
6570834,2014,2014-08-28,3711,2014-07-18,1722,7025,,5,5,7,3711,0,0,0,,0,572,IMPERIAL,"21ST ST",0.00,,Y,A,-,N,,,,,,,,,,N,3,0,1,2,A,-,17,22517,,N,B,G,A,A,H,-,A,D,0,,Y,,,Y,,-,,0,1,0,0,0,0,1,0,0,"- ","- ",,,"SAN DIEGO","SAN DIEGO",-117.14486005000001,32.70628009
6570842,2014,2014-08-28,3711,2014-07-11,1350,5791,,5,5,7,3711,0,0,0,,0,115,"LA JOLLA VILLAGE DR","GENESEE AV",200.00,E,N,A,-,N,,,,,,,,,,N,3,0,1,2,A,-,11,21950,B,N,G,B,D,A,H,-,-,D,0,Y,,,,Y,,N,60,0,1,0,0,1,0,0,0,0,"- ","- ",,,"SAN DIEGO","SAN DIEGO",-117.2135366,32.872763140000004
6570843,2014,2014-08-28,3711,2014-07-18,0938,6430,SANDI,5,5,7,3711,0,0,0,,0,126,"NORTH TORREY PINES RD","SALK INSTITUTE RD",42.00,N,N,B,-,N,,,,,,,,,,N,3,0,1,2,A,-,08,22107,,N,C,G,A,A,H,-,A,A,0,,Y,,,Y,,L,04,0,1,0,0,0,0,1,0,0,"- ","- ",,,"SAN DIEGO","SAN DIEGO",-117.243915,32.886204990000003
6570850,2014,2014-08-28,3711,2014-07-16,1139,5300,,3,5,7,3711,0,0,0,,0,614,"CASTELAR ST","WEST POINT LOMA BL",8.00,S,N,A,-,N,,,,,,,,,,N,4,0,1,2,A,-,12,22450,A,N,D,G,A,A,H,-,A,A,0,,Y,,,Y,,-,,0,0,1,0,0,0,1,0,0,"- ","- ",,,"SAN DIEGO","SAN DIEGO",-117.23840803,32.75073055
6570851,2014,2014-08-28,3711,2014-07-20,1200,5899,,7,5,7,3711,0,0,0,,0,824,"FAIRMOUNT AV","CAMINO DEL RIO S",150.00,E,N,A,-,N,,,,,,,,,,N,3,0,3,3,D,-,00,,,N,B,G,A,A,H,-,A,D,0,,Y,,,Y,,-,"- ",0,1,2,0,0,0,2,0,0,"- ","- ",,,"SAN DIEGO","SAN DIEGO",-117.09921052,32.7758702
6570854,2014,2014-08-28,3711,2014-07-19,1526,6000,,6,5,7,3711,0,0,0,,0,813,"UNIVERSITY AV","ALABAMA ST",0.00,,Y,B,-,N,,,,,,,,,,N,3,0,1,2,A,-,10,21950,A,N,G,B,B,A,H,-,A,A,0,Y,,,,Y,,A,01,0,1,0,0,1,0,0,0,0,"- ","- ",,,"SAN DIEGO","SAN DIEGO",-117.14251,32.748440109999997
6570855,2014,2014-09-03,3711,2014-07-20,1114,5585,,7,5,7,3711,0,0,0,,0,614,"SUNSET CLIFFS BL","WEST POINT LOMA BL",108.00,E,N,A,-,N,,,,,,,,,,N,3,0,1,2,A,-,08,22107,,N,D,G,A,A,H,-,A,D,0,,Y,,,Y,,-,,0,1,0,0,0,0,1,0,0,"- ","- ",,,"SAN DIEGO","SAN DIEGO",-117.24205971000001,32.751176579999999
6570867,2014,2016-01-05,3711,2014-07-20,0250,7058,,7,5,7,3711,0,0,0,,0,725,"WESTPORT VIEW DR","CRYSTALAIRE DR",195.00,E,N,A,-,N,,,,,,,,,,N,4,0,1,2,A,-,11,21954,A,N,B,B,E,A,-,-,C,D,0,Y,,,,Y,Y,N,60,0,0,1,0,1,0,0,0,0,"- ","- ",,,"SAN DIEGO","SAN DIEGO",-117.02009081999999,32.577997140000001
6571205,2014,2014-08-27,3710,2014-07-16,2125,OC1354,,3,5,6,3710,0,0,0,,0,006,SURFRIDER,"N FREEMAN",0.00,,Y,A,-,N,,,,,,,,,,N,4,0,1,2,A,-,09,21801,A,N,D,G,A,A,H,-,C,D,0,,Y,,,Y,,A,01,0,0,1,0,0,0,1,0,0,"- ","- ",,,"SAN DIEGO",OCEANSIDE,-117.38159001,33.199760070000004
6571206,2014,2014-08-27,3710,2014-07-14,1835,OC1322,,1,5,6,3710,0,0,0,,0,011,OCEANSIDE,"OCEANSIDE 1830",0.00,,N,A,-,N,,,,,,,,,,N,3,0,1,2,D,-,00,,,F,G,B,F,A,H,-,A,D,0,Y,,,,Y,,-,"- ",0,1,0,0,1,0,0,0,0,"- ","- ",,,"SAN DIEGO",OCEANSIDE,-117.35750288,33.192957640000003
6571552,2014,2014-08-08,3700,2014-06-07,2006,SH7366,,6,5,4,3707,0,0,0,,0,706,"DAISY AV","2ND ST",73.00,W,N,A,-,N,,,,,,,,,,N,3,0,1,2,A,-,10,21952,,N,G,B,F,A,H,-,B,D,0,Y,,,,Y,Y,D,22,0,1,0,0,1,0,0,0,0,"- ","- ",,,"SAN DIEGO","IMPERIAL BEACH",-117.12980618,32.581701090000003
6572633,2014,2014-08-08,3705,2014-05-23,2352,EC0309,,5,5,5,3705,0,0,0,,0,010,"MAIN ST",AVOCADO,28.00,E,N,B,-,N,,,,,,,,,,N,4,0,1,2,A,-,11,21954,A,N,G,B,D,A,H,-,C,A,0,Y,,,,Y,Y,N,60,0,0,1,0,1,0,0,0,0,"- ","- ",,,"SAN DIEGO","EL CAJON",-116.95726921000001,32.79495
6572803,2014,2014-09-02,3711,2014-07-23,1719,6576,MIDCI,3,5,7,3711,0,0,0,,0,833,"UNIVERSITY AV","CHAMOUNE AV",6.00,E,N,A,-,N,,,,,,,,,,N,3,0,1,2,A,-,10,21950,A,M,G,B,B,A,H,-,A,A,0,Y,,,,Y,,-,,0,1,0,0,1,0,0,0,0,"- ","- ",,,"SAN DIEGO","SAN DIEGO",-117.09656056,32.749599629999999
6572811,2014,2016-01-05,3711,2014-07-19,1350,4757,,6,5,7,3711,0,0,0,,0,529,"4TH AV","UPAS ST",36.00,N,N,B,-,N,,,,,,,,,,N,4,0,1,2,A,-,09,21801,A,N,D,G,A,A,H,-,A,D,0,,Y,,,Y,,-,,0,0,1,0,0,0,1,0,0,"- ","- ",,,"SAN DIEGO","SAN DIEGO",-117.16127197,32.740898600000001
6572815,2014,2014-09-02,3711,2014-07-23,1913,4653,,3,5,7,3711,0,0,0,,0,312,"ANTIGUA BL","REPECHO DR",0.00,,Y,A,-,N,,,,,,,,,,N,3,0,1,2,A,-,10,21950,A,M,G,B,B,A,H,-,B,D,0,Y,,,,Y,,A,07,0,1,0,0,1,0,0,0,0,"- ","- ",,,"SAN DIEGO","SAN DIEGO",-117.11238003,32.829530040000002
6572828,2014,2014-09-06,3711,2014-07-13,1530,6911,SD,7,5,7,3711,0,0,0,,0,437,"POTOMAC ST","PARADISE VALLEY RD",0.00,,Y,A,-,N,,,,,,,,,,N,3,0,1,2,A,-,11,21950,B,N,B,B,B,A,H,-,A,A,0,Y,,,,Y,,N,60,0,1,0,0,1,0,0,0,0,"- ","- ",,,"SAN DIEGO","SAN DIEGO",-117.04869001,32.688290100000003
6572867,2014,2014-09-02,3711,2014-07-22,1114,6033,,2,5,7,3711,0,0,0,,0,311,"MURPHY CANYON RD","AERO DR",0.00,,Y,A,-,N,,,,,,,,,,N,3,0,1,2,A,-,10,21950,A,N,G,B,B,A,H,-,A,A,0,Y,,,,Y,,-,,0,1,0,0,1,0,0,0,0,"- ","- ",,,"SAN DIEGO","SAN DIEGO",-117.11664009,32.809590120000003
6572871,2014,2014-09-02,3711,2014-07-22,0730,4421,,2,5,7,3711,0,0,0,,0,935,"SAN DIEGUITO RD","SAN DIEGUITO RD 14150",45.00,W,N,A,-,N,,,,,,,,,,N,3,0,1,2,A,-,08,22107,,M,B,G,A,A,H,-,A,D,0,,Y,,,Y,,-,,0,1,0,0,0,0,1,0,0,"- ","- ",,,"SAN DIEGO","SAN DIEGO",,
6573021,2014,2014-09-29,3700,2014-03-17,1938,SH5656,,1,5,4,3720,0,0,0,,0,602,"CENTRAL AV","OLIVE ST",0.00,,Y,A,-,N,,,,,,,,,,N,4,0,1,2,A,-,03,22350,,N,G,B,E,A,H,-,C,-,0,Y,,,,Y,,A,01,0,0,1,0,1,0,0,0,0,"- ","- ",,,"SAN DIEGO","LEMON GROVE",-117.03218,32.73898003
6573153,2014,2014-08-29,3711,2014-07-15,0825,HB3855,,2,5,7,3711,0,0,0,,0,504,"WEST HARBOR DR","WEST HARBOR DR 550",0.00,,N,A,-,N,,,,,,,,,,N,3,0,1,3,A,-,17,22517,,N,A,G,A,A,H,-,A,D,0,,Y,,,Y,,-,,0,1,0,0,0,0,1,0,0,"- ","- ",,,"SAN DIEGO","SAN DIEGO",-117.16755241,32.710574219999998
6573165,2014,2014-08-29,3711,2014-07-17,1753,HB5247,,4,5,7,3711,0,0,0,,0,504,"NORTH HARBOR DR","N HARBOR DR 950",18.20,E,N,A,-,N,,,,,,,,,,N,3,0,1,2,A,-,08,22107,,N,D,G,A,A,H,-,A,D,0,,Y,,,Y,,A,01,0,1,0,0,0,0,1,0,0,"- ","- ",,,"SAN DIEGO","SAN DIEGO",,
6573185,2014,2014-08-29,3711,2014-07-23,1717,HB5550,,3,5,7,3711,0,0,0,,0,710,"NORTH HARBOR DR","AIR LN",528.00,W,N,A,-,N,,,,,,,,,,N,4,0,1,2,A,-,21,22106,,N,G,B,E,A,H,-,A,D,0,Y,,,,Y,,A,01,0,0,1,0,1,0,0,0,0,"- ","- ",,,"SAN DIEGO","SAN DIEGO",,
6573538,2014,2014-08-27,9680,2014-07-11,1540,19418,,5,2,9,3700,0,3,5,,2,002,"PARADISE VALLEY RD","WORTHINGTON ST",0.00,,Y,A,-,N,,,,,,,,,,N,4,0,1,2,A,-,12,21453,A,N,D,G,A,A,H,-,A,A,0,,Y,,,Y,,L,04,0,0,1,0,0,0,1,0,0,"- ","- ",32.69746,-117.01888,"SAN DIEGO",UNINCORPORATED,-117.01850012,32.697320060000003
6576075,2014,2014-08-14,3706,2014-07-22,0930,ES0275,,2,5,6,3706,0,0,0,,0,044,"VALLEY PKWY","ROSE ST",262.00,W,N,A,-,N,,,,,,,,,,N,3,0,1,2,A,-,05,21650,1,N,D,G,A,A,H,-,A,D,0,,Y,,,Y,,L,04,0,1,0,0,0,0,1,0,0,"- ","- ",,,"SAN DIEGO",ESCONDIDO,-117.06022485,33.133620499999999