CASE_ID,ACCIDENT_YEAR,PROC_DATE,JURIS,COLLISION_DATE,COLLISION_TIME,OFFICER_ID,REPORTING_DISTRICT,DAY_OF_WEEK,CHP_SHIFT,POPULATION,CNTY_CITY_LOC,SPECIAL_COND,BEAT_TYPE,CHP_BEAT_TYPE,CITY_DIVISION_LAPD,CHP_BEAT_CLASS,BEAT_NUMBER,PRIMARY_RD,SECONDARY_RD,DISTANCE,DIRECTION,INTERSECTION,WEATHER_1,WEATHER_2,STATE_HWY_IND,CALTRANS_COUNTY,CALTRANS_DISTRICT,STATE_ROUTE,ROUTE_SUFFIX,POSTMILE_PREFIX,POSTMILE,LOCATION_TYPE,RAMP_INTERSECTION,SIDE_OF_HWY,TOW_AWAY,COLLISION_SEVERITY,NUMBER_KILLED,NUMBER_INJURED,PARTY_COUNT,PRIMARY_COLL_FACTOR,PCF_CODE_OF_VIOL,PCF_VIOL_CATEGORY,PCF_VIOLATION,PCF_VIOL_SUBSECTION,HIT_AND_RUN,TYPE_OF_COLLISION,MVIW,PED_ACTION,ROAD_SURFACE,ROAD_COND_1,ROAD_COND_2,LIGHTING,CONTROL_DEVICE,CHP_ROAD_TYPE,PEDESTRIAN_ACCIDENT,BICYCLE_ACCIDENT,MOTORCYCLE_ACCIDENT,TRUCK_ACCIDENT,NOT_PRIVATE_PROPERTY,ALCOHOL_INVOLVED,STWD_VEHTYPE_AT_FAULT,CHP_VEHTYPE_AT_FAULT,COUNT_SEVERE_INJ,COUNT_VISIBLE_INJ,COUNT_COMPLAINT_PAIN,COUNT_PED_KILLED,COUNT_PED_INJURED,COUNT_BICYCLIST_KILLED,COUNT_BICYCLIST_INJURED,COUNT_MC_KILLED,COUNT_MC_INJURED,PRIMARY_RAMP,SECONDARY_RAMP,LATITUDE,LONGITUDE,COUNTY,CITY,POINT_X,POINT_Y
6670779,2014,2014-11-10,3706,2014-09-06,1344,ES0465,,6,5,6,3706,0,0,0,,0,045,"W MISSION AV","QUINCE ST",157.00,E,N,A,-,N,,,,,,,,,,N,2,0,1,2,A,-,11,21954,A,N,D,B,D,A,H,-,A,D,0,Y,,,,Y,,N,60,1,0,0,0,1,0,0,0,0,"- ","- ",,,"SAN DIEGO",ESCONDIDO,-117.09292988999999,33.127967439999999
6671438,2014,2014-10-29,3705,2014-08-05,1855,EC0301,,2,5,5,3705,0,0,0,,0,009,MOLLISON,MAIN,1.00,N,N,A,-,N,,,,,,,,,,N,2,0,1,2,A,-,10,21950,A,N,G,B,B,A,H,-,A,A,0,Y,,,,Y,,A,01,1,0,0,0,1,0,0,0,0,"- ","- ",,,"SAN DIEGO","EL CAJON",-116.95098002,32.794952739999999
6672418,2014,2014-12-17,3711,2014-10-03,0037,3815,,5,5,7,3711,0,0,0,,0,122,"GRAND AV","LAMONT ST",239.00,E,N,A,-,N,,,,,,,,,,Y,3,0,1,2,A,-,11,21954,A,N,G,B,D,A,H,-,C,D,0,Y,,,,Y,Y,N,60,0,1,0,0,1,0,0,0,0,"- ","- ",,,"SAN DIEGO","SAN DIEGO",-117.23410349,32.799467079999999
6672419,2014,2015-01-29,3711,2014-10-14,0728,5611,,2,5,7,3711,0,0,0,,0,242,"BLACK MOUNTAIN RD","HILLERY DR",528.00,S,N,B,-,N,,,,,,,,,,N,4,0,1,2,A,-,"- ",,,N,D,G,A,A,H,-,A,A,0,,Y,,,Y,,L,04,0,0,1,0,0,0,1,0,0,"- ","- ",,,"SAN DIEGO","SAN DIEGO",-117.12435775,32.911424359999998
6672420,2014,2016-02-23,3711,2014-10-14,1730,5964,,2,5,7,3711,0,0,0,,0,813,"ADAMS AV","OREGON ST",0.00,,Y,A,-,N,,,,,,,,,,N,4,0,1,2,A,-,11,21954,A,N,-,B,D,A,H,-,A,A,0,Y,,,,Y,,N,60,0,0,1,0,1,0,0,0,0,"- ","- ",,,"SAN DIEGO","SAN DIEGO",-117.13516007,32.762840060000002
6672426,2014,2015-02-09,3711,2014-10-12,1319,6259,,7,5,7,3711,0,0,0,,0,441,"SOUTH 43RD ST","NATIONAL AV",0.00,,Y,A,-,N,,,,,,,,,,N,3,0,1,2,A,-,10,21950,A,N,D,B,B,A,H,-,A,A,0,Y,,,,Y,,-,,0,1,0,0,1,0,0,0,0,"- ","- ",,,"SAN DIEGO","SAN DIEGO",-117.1025801,32.696450110000001
6672431,2014,2014-12-16,3711,2014-10-14,1445,7162,,2,5,7,3711,0,0,0,,0,714,"RAIL CT","SAN YSIDRO BL",129.00,E,N,A,-,N,,,,,,,,,,N,4,0,1,2,D,-,00,,,N,G,B,F,A,H,-,A,D,0,Y,,,,Y,,-,"- ",0,0,1,0,1,0,0,0,0,"- ","- ",,,"SAN DIEGO","SAN DIEGO",-117.02852208,32.543888979999998
6672432,2014,2015-01-28,3711,2014-10-14,0824,6482,,2,5,7,3711,0,0,0,,0,712,"SMYTHE  AV","SMYTHE  AV 1880",0.00,,N,A,-,N,,,,,,,,,,N,3,0,1,3,A,-,"- ",,,N,G,B,F,A,-,-,A,D,0,Y,,,,Y,,-,,0,1,0,0,1,0,0,0,0,"- ","- ",,,"SAN DIEGO","SAN DIEGO",-117.04933584,32.563398149999998
6672433,2014,2016-06-13,3711,2014-10-14,0640,6962,,2,5,7,3711,0,0,0,,0,722,"PALM AV","SATURN BL",22.00,E,N,A,-,Y,SD,11,75,-,-,9.310,I,6,S,N,4,0,1,2,A,-,10,21950,A,N,G,G,A,A,H,-,B,A,0,,Y,,,Y,,-,,0,0,1,0,0,0,1,0,0,"- ","- ",,,"SAN DIEGO","SAN DIEGO",-117.09267041,32.583757939999998
6672437,2014,2014-12-18,3711,2014-10-10,1529,5582,,5,5,7,3711,0,0,0,,0,612,"ELLIOTT ST","CHATSWORTH BL",7.00,W,N,A,-,N,,,,,,,,,,N,3,0,1,2,A,-,05,21202,A,N,D,G,A,A,H,-,A,D,0,,Y,,,Y,,L,04,0,1,0,0,0,0,1,0,0,"- ","- ",,,"SAN DIEGO","SAN DIEGO",-117.22196819,32.743601460000001
6675113,2014,2016-02-24,3711,2014-10-22,0715,6992,,3,5,7,3711,0,0,0,,0,529,"KALMIA ST",4TH,15.00,W,N,A,-,N,,,,,,,,,,N,3,0,1,2,A,-,09,21802,A,N,D,G,A,A,H,-,A,A,0,,Y,,,Y,,-,,0,1,0,0,0,0,1,0,0,"- ","- ",,,"SAN DIEGO","SAN DIEGO",-117.16125861,32.730329470000001
6675222,2014,2014-12-09,3711,2014-10-27,1930,7184,,1,5,7,3711,0,0,0,,0,S12,"GREGORY ST","WEBSTER AV",150.00,S,N,A,-,N,,,,,,,,,,N,4,0,1,2,A,-,21,22106,,N,G,B,E,A,E,H,C,D,0,Y,,,,Y,,-,,0,0,1,0,1,0,0,0,0,"- ","- ",,,"SAN DIEGO","SAN DIEGO",-117.12187826,32.704009229999997
6675309,2014,2014-11-20,3705,2014-09-24,0845,EC0278,,3,5,5,3705,0,0,0,,0,008,WASHINGTON,EMERALD,0.00,,Y,A,-,N,,,,,,,,,,N,3,0,1,2,A,-,08,22107,,N,B,G,A,A,H,-,A,A,0,,Y,,,Y,,L,04,0,1,0,0,0,0,1,0,0,"- ","- ",,,"SAN DIEGO","EL CAJON",-116.96879011999999,32.787660109999997
6675313,2014,2016-05-28,3705,2014-09-16,1849,EC0278,,2,5,5,3705,0,0,0,,0,010,MOLLISON,"RT 8",0.00,,Y,A,-,Y,SD,11,8,-,-,16.605,R,4,W,N,3,0,1,2,A,-,05,21650,1,N,D,G,A,A,H,-,B,A,0,,Y,,,Y,,L,04,0,1,0,0,0,0,1,0,0,"- ","- ",,,"SAN DIEGO","EL CAJON",-116.94866669,32.803156059999999
6675663,2014,2014-11-10,3711,2014-09-30,0608,4823,,2,5,7,3711,0,0,0,,0,826,"EL CAJON BL","WINONA AV",5.00,W,N,A,-,N,,,,,,,,,,N,2,0,1,2,A,-,11,21954,A,N,G,B,D,A,H,-,C,A,0,Y,,,,Y,,N,60,1,0,0,0,1,0,0,0,0,"- ","- ",,,"SAN DIEGO","SAN DIEGO",-117.08790598,32.756647719999997
6676197,2014,2014-11-12,3705,2014-09-08,1157,EC0301,,1,5,5,3705,0,0,0,,0,010,AVOCADO,LEXINGTON,13.00,S,N,A,-,N,,,,,,,,,,N,3,0,1,2,A,-,10,21950,A,N,G,B,B,A,H,-,A,A,0,Y,,,,Y,,A,07,0,1,0,0,1,0,0,0,0,"- ","- ",,,"SAN DIEGO","EL CAJON",-116.95762000000001,32.792674400000003
6676610,2014,2014-12-18,3700,2014-10-14,0615,SH0535,,2,5,5,3713,0,0,0,,0,309,"NORTH MELROSE DR","OLIVE AV",10.00,N,N,A,-,N,,,,,,,,,,N,3,0,1,2,A,-,10,21950,A,N,D,B,B,A,H,-,C,A,0,Y,,,,Y,,A,01,0,1,0,0,1,0,0,0,0,"- ","- ",,,"SAN DIEGO",VISTA,-117.25425287,33.204706729999998
6676780,2014,2014-12-16,9650,2014-10-10,0705,013636,,5,1,5,3701,0,1,1,,2,005,"RT 5","CARLSBAD VILLAGE DR",0.00,,Y,B,-,Y,,,,,,,,,,N,4,0,1,2,A,-,05,21202,A,N,H,G,A,A,H,-,A,A,0,,Y,,,Y,,L,04,0,0,1,0,0,0,1,0,0,TO,"- ",,,"SAN DIEGO",CARLSBAD,-117.34240010000001,33.163230089999999
6678010,2015,2016-01-29,3702,2015-08-27,0130,CV0967,,4,5,6,3702,0,0,0,,0,024,"HERITAGE RD","ENTERTAINMENT CIR",877.00,S,N,A,-,N,,,,,,,,,,N,1,1,0,2,D,-,00,,,F,G,B,E,A,H,-,C,D,0,Y,,,,Y,,-,"- ",0,0,0,1,0,0,0,0,0,"- ","- ",,,"SAN DIEGO","CHULA VISTA",-117.00333612999999,32.587500329999997
6678106,2015,2016-02-18,3700,2015-09-05,0038,SH5656,,6,5,4,3707,0,0,0,,0,702,"PALM AV","10TH ST",87.00,W,N,A,-,N,,,,,,,,,,Y,1,1,1,2,A,-,01,23152,A,N,G,B,D,A,E,-,C,A,0,Y,,,,Y,Y,A,01,0,0,1,1,0,0,0,0,0,"- ","- ",,,"SAN DIEGO","IMPERIAL BEACH",-117.11211830000001,32.583969109999998
6678201,2017,2018-01-18,3700,2017-10-21,2122,SH5502,,6,5,5,3713,0,0,0,,0,310,"WEST VISTA WY","MELROSE PL",44.00,W,N,A,-,N,,,,,,,,,,Y,1,1,0,2,A,-,11,21954,A,N,G,B,D,A,H,-,C,A,0,Y,,,,Y,Y,N,60,0,0,0,1,0,0,0,0,0,"- ","- ",,,"SAN DIEGO",VISTA,-117.25239535999999,33.196321500000003
6678214,2017,2019-04-05,3711,2017-11-13,0235,6553,,1,5,7,3711,0,0,0,,0,313,"LIGHTWAVE AV","ARIVA WY",129.00,E,N,A,-,N,,,,,,,,,,N,1,1,0,2,C,-,18,,,N,G,B,E,A,H,-,C,D,0,Y,,,Y,Y,,-,"- ",0,0,0,1,0,0,0,0,0,"- ","- ",,,"SAN DIEGO","SAN DIEGO",-117.1391952,32.829024680000003
6678217,2017,2019-04-05,3711,2017-11-22,2041,4576,,3,5,7,3711,0,0,0,,0,441,"LOGAN AV","SOUTH 47TH ST",53.00,W,N,A,-,N,,,,,,,,,,N,1,1,0,2,A,-,11,21954,A,F,G,B,D,A,H,-,C,A,0,Y,,,,Y,,N,60,0,0,0,1,0,0,0,0,0,"- ","- ",,,"SAN DIEGO","SAN DIEGO",-117.09392167999999,32.69679172
6678234,2017,2019-04-05,3700,2017-12-21,2221,SH4791,,4,5,5,3782,0,0,0,,0,240,"RT 101","CARDIFF STATE BEACH",304.00,N,N,A,-,N,,,,,,,,,,Y,1,1,0,2,A,-,11,21954,A,N,G,B,D,A,H,-,D,D,0,Y,,,,Y,,N,60,0,0,0,1,0,0,0,0,0,"- ","- ",,,"SAN DIEGO",ENCINITAS,-117.27919,33.010931999999997
6678247,2014,2014-10-31,9645,2014-08-10,0010,19257,,7,3,5,3709,0,1,1,,2,009,"RT 805","EAST 16TH ST",180.00,N,N,A,-,Y,SD,11,805,-,-,10.140,H,-,N,N,1,1,0,2,A,-,11,21954,A,F,G,B,D,A,H,-,D,D,1,Y,,,,Y,,N,60,0,0,0,1,0,0,0,0,0,"- ","- ",32.675409999999999,-117.08347000000001,"SAN DIEGO","NATIONAL CITY",-117.0833933,32.67522125
6678272,2014,2015-12-30,3711,2014-09-30,2200,3792,3711,2,5,7,3711,0,0,0,,0,437,"APPIAN DR","WOODMAN ST",134.00,E,N,-,-,N,,,,,,,,,,N,1,1,0,2,D,-,00,,,F,G,B,E,A,H,-,C,D,0,Y,,,,Y,Y,-,"- ",0,0,0,1,0,0,0,0,0,"- ","- ",,,"SAN DIEGO","SAN DIEGO",-117.03966607,32.677338429999999
6678350,2017,2018-01-23,3706,2017-08-29,1210,223,ESCON,2,5,6,3706,0,0,0,,0,052,"ESCONDIDO BL","FELICITA AV",0.00,,Y,A,-,N,,,,,,,,,,N,1,1,0,2,A,-,10,21950,A,N,G,B,D,A,H,-,A,A,0,Y,,,,Y,,A,01,0,0,0,1,0,0,0,0,0,"- ","- ",33.104669999999999,-117.07311,"SAN DIEGO",ESCONDIDO,-117.07311005,33.104680109999997
6678356,2017,2018-01-23,3700,2017-09-15,1805,SH4791,,5,5,5,3782,0,0,0,,0,222,"ENCINITAS BL","BALOUR DR",0.00,,Y,A,-,N,,,,,,,,,,N,1,1,0,2,A,-,06,21755,,N,G,B,B,A,H,-,A,A,0,Y,,,,Y,,A,01,0,0,0,1,0,0,0,0,0,"- ","- ",,,"SAN DIEGO",ENCINITAS,-117.26835009,33.045610019999998
6678362,2017,2019-04-05,3711,2017-10-02,0711,6034,,1,5,7,3711,0,0,0,,0,521,"15TH ST","MARKET ST",69.00,S,N,A,-,N,,,,,,,,,,N,1,1,0,2,A,-,21,22106,,F,G,B,E,A,H,-,A,D,0,Y,,,,Y,,A,07,0,0,0,1,0,0,0,0,0,"- ","- ",,,"SAN DIEGO","SAN DIEGO",-117.1503747,32.711341040000001
6678397,2017,2018-01-23,3700,2017-12-23,1804,SH4791,,6,5,5,3782,0,0,0,,0,222,"BALOUR DR","SAN ABELLA DR",0.00,,Y,A,-,N,,,,,,,,,,Y,1,1,0,2,A,-,03,22350,,F,G,B,B,A,H,-,C,D,0,Y,,,,Y,,D,22,0,0,0,1,0,0,0,0,0,"- ","- ",,,"SAN DIEGO",ENCINITAS,-117.26842005,33.041950059999998
6679066,2014,2014-12-18,3706,2014-10-06,2115,ES0476,,1,5,6,3706,0,0,0,,0,042,"WEST VALLEY PKWY","N CENTRE CITY PKWY",0.00,,Y,A,-,N,,,,,,,,,,N,3,0,1,2,A,-,11,21106,B,N,G,B,B,A,H,-,C,A,0,Y,,,,Y,,N,60,0,1,0,0,1,0,0,0,0,"- ","- ",,,"SAN DIEGO",ESCONDIDO,-117.08737010999999,33.119960050000003
6679085,2014,2014-12-18,3706,2014-10-14,1915,ES0318,,2,5,6,3706,0,0,0,,0,051,"ESCONDIDO BL","FELICITA AV",176.00,N,N,A,-,N,,,,,,,,,,N,4,0,1,2,A,-,11,21955,,N,G,B,D,A,H,-,C,D,0,Y,,,,Y,,N,60,0,0,1,0,1,0,0,0,0,"- ","- ",,,"SAN DIEGO",ESCONDIDO,-117.07340751,33.105091940000001
6679101,2014,2014-12-18,3706,2014-10-17,1039,ES0223,,5,5,6,3706,0,0,0,,0,045,"AUTO PARK WY","CITRACADO PKWY",0.00,,Y,A,-,N,,,,,,,,,,N,3,0,1,2,A,-,09,21453,B,N,G,B,B,A,H,-,A,A,0,Y,,,,Y,,A,08,0,1,0,0,1,0,0,0,0,"- ","- ",,,"SAN DIEGO",ESCONDIDO,-117.12268007,33.130450009999997
6679364,2014,2014-12-29,3711,2014-10-17,1928,6702,,5,5,7,3711,0,0,0,,0,931,"MIRA MESA BL","CAMINO SANTA FE",128.00,W,N,A,-,N,,,,,,,,,,N,2,0,1,2,A,-,07,21658,A,N,C,G,A,A,H,-,C,D,0,,Y,Y,,Y,Y,L,04,1,0,0,0,0,0,1,0,0,"- ","- ",,,"SAN DIEGO","SAN DIEGO",-117.1718273,32.907549930000002
6679396,2014,2014-12-29,3711,2014-10-22,1030,5429,,3,5,7,3711,0,0,0,,0,615,"ROSECRANS ST","EMERSON ST",117.00,S,N,A,-,N,,,,,,,,,,N,4,0,2,3,A,-,21,22106,,M,G,B,F,A,H,-,A,D,0,Y,,,,Y,Y,-,,0,0,2,0,2,0,0,0,0,"- ","- ",,,"SAN DIEGO","SAN DIEGO",-117.2296441,32.724121429999997
6679956,2014,2014-12-22,3711,2014-10-23,2039,6800,,4,5,7,3711,0,0,0,,0,628,"INDIA ST","WEST WASHINGTON ST",0.00,,Y,A,-,N,,,,,,,,,,N,3,0,1,2,A,-,"- ",,,N,G,B,D,A,H,-,C,D,0,Y,,,,Y,,-,,0,1,0,0,1,0,0,0,0,"- ","- ",,,"SAN DIEGO","SAN DIEGO",-117.18129012999999,32.743280059999996
6680467,2014,2014-12-12,3711,2014-10-19,2130,3691,,7,5,7,3711,0,0,0,,0,831,"ORANGE AV","FAIRMONT AV",0.00,,Y,A,-,N,,,,,,,,,,N,4,0,1,2,A,-,10,21950,A,N,B,G,A,A,H,-,C,A,0,,Y,,,Y,,-,,0,0,1,0,0,0,1,0,0,"- ","- ",,,"SAN DIEGO","SAN DIEGO",-117.10086002,32.753170089999998
6680468,2014,2014-12-12,3711,2014-10-17,2044,6648,,5,5,7,3711,0,0,0,,0,813,"UNIVERSITY AV","32ND ST",0.00,,Y,A,-,N,,,,,,,,,,N,3,0,1,2,A,-,05,21202,A,N,A,G,A,A,H,-,C,A,0,,Y,,,Y,Y,L,04,0,1,0,0,0,0,1,0,0,"- ","- ",,,"SAN DIEGO","SAN DIEGO",-117.12521005000001,32.748500010000001
6680469,2014,2014-12-12,3711,2014-10-17,0409,6203,,5,5,7,3711,0,0,0,,0,832,"FAIRMONT AV","ORANGE AV",12.00,N,N,A,-,N,,,,,,,,,,N,4,0,1,2,A,-,12,21453,A,N,C,G,A,A,H,-,C,A,0,,Y,,,Y,,A,01,0,0,1,0,0,0,1,0,0,"- ","- ",,,"SAN DIEGO","SAN DIEGO",-117.10086,32.753202870000003
6680470,2014,2014-12-26,3711,2014-10-17,2341,6963,,5,5,7,3711,0,0,0,,0,821,"COLLEGE AV","EL CAJON BL",5.00,N,N,A,-,N,,,,,,,,,,N,3,0,1,2,A,-,11,21456,B,N,G,B,B,A,H,-,C,A,0,Y,,Y,,Y,,N,60,0,1,0,0,1,0,0,0,0,"- ","- ",,,"SAN DIEGO","SAN DIEGO",-117.06703,32.761363699999997
6680475,2014,2015-01-08,3711,2014-10-18,2310,7159,,6,5,7,3711,0,0,0,,0,122,"GARNET AV","MT SOLEDAD DR",0.00,,Y,A,-,N,,,,,,,,,,N,4,0,1,2,A,-,11,21950,B,M,G,B,D,A,H,-,C,A,0,Y,,,,Y,,N,60,0,0,1,0,1,0,0,0,0,"- ","- ",,,"SAN DIEGO","SAN DIEGO",-117.2239199,32.804950030000001
6680801,2014,2014-12-12,3711,2014-10-16,1625,6423,,4,5,7,3711,0,0,0,,0,451,"54TH ST","ELM ST",134.00,S,N,A,-,N,,,,,,,,,,N,3,0,1,2,A,-,11,21954,A,N,G,B,D,A,H,-,D,D,0,Y,,,,Y,,N,60,0,1,0,0,1,0,0,0,0,"- ","- ",,,"SAN DIEGO","SAN DIEGO",-117.08492,32.7241
6680805,2014,2014-12-12,3711,2014-10-19,1124,7086,,7,5,7,3711,0,0,0,,0,E13,"UNIVERSITY AV","TEXAS ST",150.00,W,N,A,-,N,,,,,,,,,,N,3,0,1,2,A,-,"- ",,,N,B,G,A,A,H,-,A,D,0,,Y,,,Y,,-,,0,1,0,0,0,0,1,0,0,"- ","- ",,,"SAN DIEGO","SAN DIEGO",-117.1394562,32.748444589999998
6680806,2014,2014-12-12,3711,2014-10-18,0942,7086,,6,5,7,3711,0,0,0,,0,813,"TEXAS ST",LINCOLN,145.00,S,N,B,-,N,,,,,,,,,,N,3,0,1,2,A,-,21,22106,,N,D,G,A,A,H,-,A,D,0,,Y,,,Y,,-,,0,1,0,0,0,0,1,0,0,"- ","- ",,,"SAN DIEGO","SAN DIEGO",-117.13880759,32.749912799999997
6680849,2014,2016-02-23,3709,2014-10-02,1705,461,,4,5,5,3709,0,0,0,,0,020,"E 12TH ST","A AV",0.00,,Y,A,-,N,,,,,,,,,,N,3,0,1,2,A,-,12,22450,A,N,G,B,B,A,H,-,A,D,0,Y,,,,Y,,A,01,0,1,0,0,1,0,0,0,0,"- ","- ",,,"SAN DIEGO","NATIONAL CITY",-117.10450003,32.672710119999998
6680900,2014,2016-02-23,3705,2014-10-05,0840,EC0257,,7,5,5,3705,0,0,0,,0,008,"LESLIE RD","LESLIE RD 909",0.00,,-,A,-,N,,,,,,,,,,N,4,0,1,4,A,-,21,22106,,M,G,B,E,A,H,-,A,D,0,Y,,,,Y,,-,,0,0,1,0,1,0,0,0,0,"- ","- ",,,"SAN DIEGO","EL CAJON",-116.96112513999999,32.783651579999997
6681309,2014,2014-12-11,3711,2014-10-20,2003,6101,,1,5,7,3711,0,0,0,,0,621,"ULRIC ST","LINDA VISTA RD",0.00,,Y,A,-,N,,,,,,,,,,N,3,0,1,2,D,-,00,,,N,G,B,B,A,H,-,C,A,0,Y,,,,Y,,-,"- ",0,1,0,0,1,0,0,0,0,"- ","- ",,,"SAN DIEGO","SAN DIEGO",-117.17029008999999,32.786500050000001
6681317,2014,2014-12-11,3711,2014-10-16,1005,4386,,4,5,7,3711,0,0,0,,0,624,"MONRE ST","PARK BL",0.00,,Y,A,-,N,,,,,,,,,,N,3,0,1,2,A,-,10,21950,A,N,D,B,B,A,-,-,A,D,0,Y,,,,Y,,-,,0,1,0,0,1,0,0,0,0,"- ","- ",,,"SAN DIEGO","SAN DIEGO",-117.14626007,32.759080079999997
6681325,2014,2015-01-07,3711,2014-10-17,1710,6961,,5,5,7,3711,0,0,0,,0,524,"8TH AV","B ST",0.00,,Y,A,-,N,,,,,,,,,,N,3,0,1,2,A,-,10,21950,A,N,G,B,B,A,H,-,A,A,0,Y,,,,Y,,-,,0,1,0,0,1,0,0,0,0,"- ","- ",,,"SAN DIEGO","SAN DIEGO",-117.15743999999999,32.717800089999997
6681333,2014,2014-12-12,3711,2014-10-18,0630,7161,NORTH,6,5,7,3711,0,0,0,,0,121,"MISSION BL","SAN RAFAEL PL",3.00,N,N,B,-,N,,,,,,,,,,N,3,0,1,2,A,-,09,21802,A,N,B,G,A,A,H,-,B,A,0,,Y,,,Y,,-,,0,1,0,0,0,0,1,0,0,"- ","- ",,,"SAN DIEGO","SAN DIEGO",-117.25357,32.787148219999999
6681372,2014,2014-12-15,3711,2014-10-20,1444,6395,SD,1,5,7,3711,0,0,0,,0,712,"BEYER BL","W PARK AV",0.00,,Y,A,-,N,,,,,,,,,,N,3,0,1,2,A,-,11,21950,B,N,G,B,B,A,H,-,A,A,0,Y,,,,Y,,N,60,0,1,0,0,1,0,0,0,0,"- ","- ",,,"SAN DIEGO","SAN DIEGO",-117.04454,32.558320019999996
6681388,2014,2014-12-15,3711,2014-10-18,1752,6009,ESTRN,6,5,7,3711,0,0,0,,0,315,"CAMINO DE LA REINA","QUALCOMM WY",0.00,,Y,A,-,N,,,,,,,,,,N,3,0,1,2,A,-,11,21456,B,N,G,B,-,A,H,-,B,A,0,Y,,,,Y,,N,60,0,1,0,0,1,0,0,0,0,"- ","- ",,,"SAN DIEGO","SAN DIEGO",-117.14019003,32.772020070000003
6683153,2014,2014-12-29,3711,2014-10-27,0912,7197,SANDI,1,5,7,3711,0,0,0,,0,839,"UNIVERSITY AV","39TH ST",0.00,,Y,A,-,N,,,,,,,,,,N,4,0,1,2,A,-,09,21801,A,N,G,B,B,A,H,-,A,A,0,Y,,,,Y,,-,,0,0,1,0,1,0,0,0,0,"- ","- ",,,"SAN DIEGO","SAN DIEGO",-117.11065003,32.749690049999998
6683540,2014,2014-12-19,3706,2014-10-07,1458,ES0398,,2,5,6,3706,0,0,0,,0,044,"SHERIDAN AV","VISTA VERDE",45.00,W,N,B,-,N,,,,,,,,,,N,4,0,1,2,A,-,05,21460,A,N,D,G,A,A,H,-,A,A,0,,Y,,,Y,Y,L,04,0,0,1,0,0,0,1,0,0,"- ","- ",,,"SAN DIEGO",ESCONDIDO,-117.0677113,33.15440529
6685369,2014,2014-11-05,3706,2014-10-24,1717,ES0322,,5,5,6,3706,0,0,0,,0,042,"WASHINGTONIA DR","JUNIPER ST",0.00,,Y,A,-,N,,,,,,,,,,N,4,0,1,2,A,-,09,21801,A,N,D,G,A,A,H,-,A,D,0,,Y,,,Y,,J,48,0,0,1,0,0,0,1,0,0,"- ","- ",,,"SAN DIEGO",ESCONDIDO,-117.08188010000001,33.127580049999999
6687080,2014,2014-12-22,9680,2014-10-04,1415,019519,,6,2,4,3720,0,1,3,,2,027,"RT 94","MASSACHUSETTS AV",2640.00,E,N,A,-,Y,,,94,,,,,,,N,3,0,1,2,A,-,08,22107,,N,G,B,E,A,H,-,A,D,0,Y,,,,Y,,N,60,0,1,0,0,1,0,0,0,0,"- ","- ",32.74503,-117.04012,"SAN DIEGO","LEMON GROVE",-117.04012369,32.74486186
6687085,2014,2014-12-24,9680,2014-10-10,1515,19822,,5,2,9,3700,0,3,5,,2,002,"GRANITE HILLS DR","CERCA BLANCA PL",15.00,N,N,A,-,N,,,,,,,,,,N,3,0,2,3,A,-,"- ",,,F,G,G,A,A,H,-,A,D,0,,Y,,,Y,,A,08,0,2,0,0,0,0,2,0,0,"- ","- ",32.79439,-116.92138,"SAN DIEGO",UNINCORPORATED,-116.92128141000001,32.79433993
6687086,2014,2014-12-24,9680,2014-10-12,0915,17928,,7,1,9,3700,0,3,5,,2,009,"DAVIS ST","MONTECITO RD",0.00,,Y,A,-,N,,,,,,,,,,N,3,0,1,2,A,-,12,22450,A,N,H,G,A,A,H,-,A,A,0,,Y,,,Y,,L,04,0,1,0,0,0,0,1,0,0,"- ","- ",33.04036,-116.88615,"SAN DIEGO",UNINCORPORATED,-116.88619002999999,33.040320080000001
6687087,2014,2014-12-24,9680,2014-10-21,0939,15877,,2,1,9,3700,0,3,5,,2,003,"TAVERN RD","ALPINE BL",16.00,S,N,A,-,N,,,,,,,,,,N,4,0,1,2,A,-,10,21950,A,N,G,B,B,A,H,-,A,A,0,Y,,,,Y,,A,01,0,0,1,0,1,0,0,0,0,"- ","- ",32.837649999999996,-116.77849000000001,"SAN DIEGO",UNINCORPORATED,-116.77829208,32.837706230000002
6687595,2014,2014-12-04,3709,2014-10-21,1739,470,,2,5,5,3709,0,0,0,,0,023,"EAST 18TH ST","HIGHLAND AV",0.00,,Y,A,-,N,,,,,,,,,,N,2,0,1,2,A,-,11,21950,B,N,D,B,B,A,H,-,A,A,0,Y,,,,Y,,N,60,1,0,0,0,1,0,0,0,0,"- ","- ",,,"SAN DIEGO","NATIONAL CITY",-117.09536008000001,32.669490089999996
6688921,2014,2014-12-26,3711,2014-10-23,1629,8824,,4,5,7,3711,0,0,0,,0,313,"CLAIREMONT MESA BL","KEARNY VILLA RD",0.00,,Y,A,-,N,,,,,,,,,,N,4,0,1,2,A,-,12,21453,A,N,D,G,A,A,H,-,A,A,0,,Y,,,Y,,L,04,0,0,1,0,0,0,1,0,0,"- ","- ",,,"SAN DIEGO","SAN DIEGO",-117.13842006,32.831530100000002
6688925,2014,2014-12-26,3711,2014-10-23,1714,8824,,4,5,7,3711,0,0,0,,0,321,"MISSION GORGE RD","RANIER AV",0.00,,Y,A,-,N,,,,,,,,,,N,3,0,1,2,A,-,10,21950,A,N,G,B,B,A,H,-,A,A,0,Y,,,,Y,,A,07,0,1,0,0,1,0,0,0,0,"- ","- ",,,"SAN DIEGO","SAN DIEGO",-117.09770005999999,32.789820089999999