CASE_ID,ACCIDENT_YEAR,PROC_DATE,JURIS,COLLISION_DATE,COLLISION_TIME,OFFICER_ID,REPORTING_DISTRICT,DAY_OF_WEEK,CHP_SHIFT,POPULATION,CNTY_CITY_LOC,SPECIAL_COND,BEAT_TYPE,CHP_BEAT_TYPE,CITY_DIVISION_LAPD,CHP_BEAT_CLASS,BEAT_NUMBER,PRIMARY_RD,SECONDARY_RD,DISTANCE,DIRECTION,INTERSECTION,WEATHER_1,WEATHER_2,STATE_HWY_IND,CALTRANS_COUNTY,CALTRANS_DISTRICT,STATE_ROUTE,ROUTE_SUFFIX,POSTMILE_PREFIX,POSTMILE,LOCATION_TYPE,RAMP_INTERSECTION,SIDE_OF_HWY,TOW_AWAY,COLLISION_SEVERITY,NUMBER_KILLED,NUMBER_INJURED,PARTY_COUNT,PRIMARY_COLL_FACTOR,PCF_CODE_OF_VIOL,PCF_VIOL_CATEGORY,PCF_VIOLATION,PCF_VIOL_SUBSECTION,HIT_AND_RUN,TYPE_OF_COLLISION,MVIW,PED_ACTION,ROAD_SURFACE,ROAD_COND_1,ROAD_COND_2,LIGHTING,CONTROL_DEVICE,CHP_ROAD_TYPE,PEDESTRIAN_ACCIDENT,BICYCLE_ACCIDENT,MOTORCYCLE_ACCIDENT,TRUCK_ACCIDENT,NOT_PRIVATE_PROPERTY,ALCOHOL_INVOLVED,STWD_VEHTYPE_AT_FAULT,CHP_VEHTYPE_AT_FAULT,COUNT_SEVERE_INJ,COUNT_VISIBLE_INJ,COUNT_COMPLAINT_PAIN,COUNT_PED_KILLED,COUNT_PED_INJURED,COUNT_BICYCLIST_KILLED,COUNT_BICYCLIST_INJURED,COUNT_MC_KILLED,COUNT_MC_INJURED,PRIMARY_RAMP,SECONDARY_RAMP,LATITUDE,LONGITUDE,COUNTY,CITY,POINT_X,POINT_Y
6688933,2014,2014-12-26,3711,2014-10-23,2200,5105,,4,5,7,3711,0,0,0,,0,811,"EL CAJON BL","35TH ST",0.00,,Y,A,-,N,,,,,,,,,,N,4,0,1,2,A,-,"- ",,,N,G,B,B,A,H,-,C,A,0,Y,,,,Y,,N,60,0,0,1,0,1,0,0,0,0,"- ","- ",,,"SAN DIEGO","SAN DIEGO",-117.11792004,32.755300040000002
6688991,2014,2014-12-23,3711,2014-10-21,1320,7192,,2,5,7,3711,0,0,0,,0,242,"GOLD COAST DR","WESTONHILL DR",3.00,E,N,A,-,N,,,,,,,,,,N,3,0,1,2,A,-,12,22450,A,N,D,G,A,A,H,-,A,A,0,,Y,,,Y,,-,,0,1,0,0,0,0,1,0,0,"- ","- ",,,"SAN DIEGO","SAN DIEGO",-117.13552034999999,32.905758839999997
6689007,2014,2014-12-23,3711,2014-10-17,1508,6859,,5,5,7,3711,0,0,0,,0,714,"RAIL CT","E SAN YSIDRO",174.00,E,N,B,-,N,,,,,,,,,,N,4,0,1,2,A,-,05,21650,,N,A,B,D,A,H,-,A,D,0,Y,,,,Y,Y,-,,0,0,1,0,1,0,0,0,0,"- ","- ",,,"SAN DIEGO","SAN DIEGO",-117.02845302999999,32.543780480000002
6689008,2014,2014-12-22,3711,2014-10-21,1430,6208,SANDI,2,5,7,3711,0,0,0,,0,611,"MIDWAY DR","ROSECRANS ST",0.00,,Y,A,-,N,,,,,,,,,,Y,3,0,1,2,A,-,11,21456,B,N,A,B,B,A,H,-,A,A,0,Y,,,,Y,,N,60,0,1,0,0,1,0,0,0,0,"- ","- ",,,"SAN DIEGO","SAN DIEGO",-117.20617000999999,32.749700060000002
6689122,2014,2014-12-23,3711,2014-10-24,1644,7138,,5,5,7,3711,0,0,0,,0,826,"TROJAN AV","48TH ST",0.00,,Y,A,-,N,,,,,,,,,,N,3,0,1,2,A,-,09,21804,A,N,D,G,A,A,H,-,A,D,0,,Y,,,Y,,L,04,0,1,0,0,0,0,1,0,0,"- ","- ",,,"SAN DIEGO","SAN DIEGO",-117.09115001000001,32.754950020000003
6689150,2014,2014-12-22,3700,2014-10-20,2031,SH1141,,1,5,5,3712,0,0,0,,0,349,"MELROSE DR","SOUTH RANCHO SANTA FE RD",0.00,,Y,B,-,N,,,,,,,,,,N,3,0,1,2,A,-,12,21453,A,N,D,G,A,A,H,-,C,A,0,,Y,,,Y,,L,04,0,1,0,0,0,0,1,0,0,"- ","- ",,,"SAN DIEGO","SAN MARCOS",-117.2255801,33.107180049999997
6689151,2014,2014-12-22,3711,2014-10-28,0825,4759,,2,5,7,3711,0,0,0,,0,116,"MORENA BL","LISTER ST",49.00,N,N,A,-,N,,,,,,,,,,N,3,0,1,2,A,-,17,22517,,N,B,G,A,A,H,-,A,D,0,,Y,,,Y,,-,,0,1,0,0,0,0,1,0,0,"- ","- ",,,"SAN DIEGO","SAN DIEGO",-117.20645657,32.786152770000001
6689155,2014,2014-12-22,3711,2014-10-21,0710,7103,,2,5,7,3711,0,0,0,,0,437,"DUSK DR","PERTH PL",600.00,N,N,B,-,N,,,,,,,,,,N,3,0,1,2,A,-,11,21954,A,N,G,B,D,A,H,-,A,D,0,Y,,,,Y,,N,60,0,1,0,0,1,0,0,0,0,"- ","- ",,,"SAN DIEGO","SAN DIEGO",-117.04986663,32.679920070000001
6689195,2014,2014-12-22,3711,2014-10-23,0800,6043,,4,5,7,3711,0,0,0,,0,234,"WEST BERNARDO DR","POBLADO RD",15.00,S,N,A,-,N,,,,,,,,,,N,4,0,1,3,A,-,10,21950,A,N,G,B,B,A,H,-,A,A,0,Y,,,,Y,,A,01,0,0,1,0,1,0,0,0,0,"- ","- ",,,"SAN DIEGO","SAN DIEGO",-117.08242405,33.026329220000001
6689196,2014,2014-12-22,3705,2014-10-12,2034,EC0326,,7,5,5,3705,0,0,0,,0,010,JOHNSON,FLETCHER,42.00,S,N,A,-,N,,,,,,,,,,N,4,0,1,2,A,-,11,21954,A,N,G,B,D,A,H,-,C,A,0,Y,,,,Y,Y,N,60,0,0,1,0,1,0,0,0,0,"- ","- ",,,"SAN DIEGO","EL CAJON",-116.97101000000001,32.807664969999998
6689199,2014,2014-12-22,3711,2014-10-23,1249,7165,,4,5,7,3711,0,0,0,,0,813,"EL CAJON BL","OREGON ST",200.00,E,N,A,-,N,,,,,,,,,,N,4,0,1,2,A,-,17,22517,,N,H,G,A,A,H,-,A,D,0,,Y,,,Y,,-,,0,0,1,0,0,0,1,0,0,"- ","- ",,,"SAN DIEGO","SAN DIEGO",-117.13448167,32.755385189999998
6689544,2014,2015-01-23,9645,2014-10-15,1500,20541,,3,2,7,3711,1,4,S,,2,901,"WILLOW RD","WILLOW RD 226",10.00,E,N,A,-,N,,,,,,,,,,N,3,0,1,2,C,-,18,,,N,G,B,D,A,H,-,A,D,0,Y,,,,Y,,-,"- ",0,1,0,0,1,0,0,0,0,"- ","- ",32.548139999999997,-117.0423,"SAN DIEGO","SAN DIEGO",,
6689605,2014,2015-01-06,3700,2014-10-14,0853,539,1,2,5,5,3712,0,0,0,,0,001,"TWIN OAKS VALLEY RD","LIGHT POLE CD8/24 SOUTH OF CRAVEN DR",0.00,,Y,A,-,N,,,,,,,,,,N,3,0,1,2,A,-,08,22107,,N,H,G,A,A,H,-,A,A,0,,Y,,,Y,,L,04,0,1,0,0,0,0,1,0,0,"- ","- ",,,"SAN DIEGO","SAN MARCOS",,
6690382,2014,2015-06-16,3701,2014-10-15,1326,5291,75,3,5,5,3701,0,0,0,,0,006,"POINSETTIA LN","PASEO DEL NORTE",0.00,,Y,A,-,N,,,,,,,,,,N,3,0,1,2,A,-,08,22107,,N,C,G,A,A,H,-,A,A,0,,Y,,,Y,,A,01,0,1,0,0,0,0,1,0,0,"- ","- ",,,"SAN DIEGO",CARLSBAD,-117.30822003,33.10396008
6690564,2014,2014-12-24,3711,2014-10-22,0728,5498,,3,5,7,3711,0,0,0,,0,723,"PALM AV","PICCARD AV",17.00,E,N,A,-,N,,,,,,,,,,N,4,0,1,2,A,-,10,21950,A,N,G,B,B,A,H,-,A,A,0,Y,,,,Y,,A,01,0,0,1,0,1,0,0,0,0,"- ","- ",,,"SAN DIEGO","SAN DIEGO",-117.05042501,32.583819269999999
6690583,2014,2014-12-24,3711,2014-10-23,1601,6332,,4,5,7,3711,0,0,0,,0,831,"UNIVERSITY AV","47TH ST",3.00,E,N,A,-,N,,,,,,,,,,N,3,0,1,2,A,-,08,22107,,M,B,B,D,-,H,-,A,-,0,Y,,,,Y,,-,,0,1,0,0,1,0,0,0,0,"- ","- ",,,"SAN DIEGO","SAN DIEGO",-117.09332028,32.749569809999997
6690588,2014,2014-12-24,3711,2014-10-25,2250,4708,,6,5,7,3711,0,0,0,,0,529,"LAUREL ST","5TH AV",0.00,,Y,A,-,N,,,,,,,,,,N,4,0,1,2,A,-,10,21950,A,N,H,G,A,A,H,-,C,A,0,,Y,,,Y,,-,,0,0,1,0,0,0,1,0,0,"- ","- ",,,"SAN DIEGO","SAN DIEGO",-117.16029002000001,32.731400059999999
6690596,2014,2014-12-24,3711,2014-10-17,0924,6871,,5,5,7,3711,0,0,0,,0,451,"EUCLID AV","FEDERAL BL",0.00,,Y,B,-,N,,,,,,,,,,N,3,0,1,2,A,-,10,21950,A,N,G,B,B,A,H,-,A,A,0,Y,,,,Y,,-,,0,1,0,0,1,0,0,0,0,"- ","- ",,,"SAN DIEGO","SAN DIEGO",-117.08495001,32.721420090000002
6690608,2014,2014-12-24,3701,2014-10-22,0837,5347,119,3,5,5,3701,0,0,0,,0,008,"CALLE BARCELONA","WOODFERN LN",15.00,E,N,A,-,N,,,,,,,,,,N,2,0,2,3,A,-,10,21950,A,N,G,B,B,A,H,-,A,A,0,Y,,,,Y,,-,,1,0,1,0,2,0,0,0,0,"- ","- ",,,"SAN DIEGO",CARLSBAD,-117.26568123,33.07295173
6690619,2014,2016-02-23,3711,2014-10-25,1225,6692,,6,5,7,3711,0,0,0,,0,811,"37TH ST","MONROE AV",150.00,N,N,A,-,N,,,,,,,,,,,3,0,1,2,A,-,"- ",,,N,G,B,D,A,H,-,A,D,0,Y,,,,Y,,N,60,0,1,0,0,1,0,0,0,0,"- ","- ",,,"SAN DIEGO","SAN DIEGO",-117.11308286000001,32.759400839999998
6690620,2014,2014-12-24,3701,2014-10-19,0755,5342,68,7,5,5,3701,0,0,0,,0,002,"CARLSBAD BL","CANNON RD",0.00,,Y,A,-,N,,,,,,,,,,N,3,0,1,2,A,-,12,21457,A,N,C,G,A,A,H,-,A,A,0,,Y,,,Y,,A,01,0,1,0,0,0,0,1,0,0,"- ","- ",,,"SAN DIEGO",CARLSBAD,-117.33546004999999,33.132490019999999
6690623,2014,2015-01-07,3711,2014-10-23,1809,6632,MC2,4,5,7,3711,0,0,0,,0,813,"UNIVERSITY AV","LOUISIANA ST",30.00,E,N,A,-,N,,,,,,,,,,N,3,0,1,2,A,-,04,21703,,N,D,G,A,A,H,-,A,D,0,,Y,,,Y,,L,04,0,1,0,0,0,0,1,0,0,"- ","- ",,,"SAN DIEGO","SAN DIEGO",-117.13993275999999,32.74844908
6690770,2014,2014-12-29,9650,2014-10-14,0553,15727,,2,3,6,3706,0,1,1,,2,023,"RT 15","EL NORTE PKWY",9.00,S,N,B,-,Y,,,,,,,,,,N,3,0,1,2,A,-,08,22107,,N,H,G,A,A,H,-,C,A,0,,Y,,,Y,,A,01,0,1,0,0,0,0,1,0,0,"- ","- ",,,"SAN DIEGO",ESCONDIDO,-117.10463163999999,33.146675389999999
6691550,2014,2014-12-09,3711,2014-10-29,1530,6823,,3,5,7,3711,0,0,0,,0,327,"MONTEZUMA RD","E FALLS VIEW DR",181.00,W,N,A,-,N,,,,,,,,,,N,4,0,1,2,A,-,05,21650,1,N,D,G,A,A,H,-,A,D,0,,Y,,,Y,Y,L,04,0,0,1,0,0,0,1,0,0,"- ","- ",,,"SAN DIEGO","SAN DIEGO",-117.06565492999999,32.770687219999999
6691754,2014,2014-11-20,3711,2014-09-19,0607,6493,,5,5,7,3711,0,0,0,,0,315,"FRIARS RD","QUALCOMM WY",1056.00,W,N,B,-,N,,,,,,,,,,N,4,0,1,2,A,-,07,21658,A,N,C,G,A,A,H,-,B,D,0,,Y,,,Y,,-,,0,0,1,0,0,0,1,0,0,"- ","- ",,,"SAN DIEGO","SAN DIEGO",-117.14491940000001,32.776673629999998
6691870,2014,2014-11-21,3700,2014-07-22,0941,SH2659,,2,5,5,3712,0,0,0,,0,358,"SOUTH RANCHO SANTA FE RD","SECURITY PL",195.00,S,N,A,-,N,,,,,,,,,,Y,2,0,2,2,A,-,11,21954,A,N,G,B,D,A,H,-,A,D,0,Y,,Y,,Y,,N,60,1,1,0,0,1,0,0,0,1,"- ","- ",,,"SAN DIEGO","SAN MARCOS",-117.20677662999999,33.13382223
6691874,2014,2014-11-21,3700,2014-07-14,1000,SH2352,,1,5,5,3782,0,0,0,,0,222,"ENCINITAS BL","WESTLAKE DR",0.00,,Y,B,-,N,,,,,,,,,,N,3,0,1,2,A,-,05,21650,1,N,D,G,A,A,H,-,A,A,0,,Y,,,Y,,L,04,0,1,0,0,0,0,1,0,0,"- ","- ",,,"SAN DIEGO",ENCINITAS,-117.27935003,33.047430069999997
6691878,2014,2014-11-21,3700,2014-07-31,1541,SH5379,,4,5,5,3782,0,0,0,,0,206,"VIA CANTEBRIA","TARGET DRIVEWAY",0.00,S,N,A,-,N,,,,,,,,,,N,3,0,1,2,A,-,11,21954,A,N,G,B,D,A,H,-,A,D,0,Y,,,,Y,,N,60,0,1,0,0,1,0,0,0,0,"- ","- ",,,"SAN DIEGO",ENCINITAS,-117.264139,33.062711999999998
6692965,2014,2014-11-06,3708,2014-08-06,1327,IM8233,,3,5,5,3708,0,0,0,,0,003,"EL CAJON BL","THORNE ST",8.00,E,N,A,-,N,,,,,,,,,,N,3,0,1,2,A,-,"- ",,,N,G,B,D,A,H,-,A,A,0,Y,,,,Y,,A,01,0,1,0,0,1,0,0,0,0,"- ","- ",,,"SAN DIEGO","LA MESA",-117.03280406,32.768549999999998
6692977,2014,2014-11-06,3708,2014-08-22,2115,1243,200,5,5,5,3708,0,0,0,,0,004,"JACKSON DR","PARKWAY DR",0.00,,Y,A,-,N,,,,,,,,,,N,3,0,1,2,A,-,12,21453,A,N,D,G,A,A,H,-,C,A,0,,Y,,,Y,,L,04,0,1,0,0,0,0,1,0,0,"- ","- ",,,"SAN DIEGO","LA MESA",-117.0184201,32.778400070000004
6692981,2014,2014-11-06,3708,2014-08-22,0737,1255,100,5,5,5,3708,0,0,0,,0,001,"NORMAL AV","LOWELL ST",0.00,,Y,A,-,N,,,,,,,,,,N,4,0,1,2,A,-,10,21950,A,N,G,B,B,A,H,-,A,D,0,Y,,,,Y,,A,07,0,0,1,0,1,0,0,0,0,"- ","- ",,,"SAN DIEGO","LA MESA",-117.03462002000001,32.754510060000001
6693031,2014,2014-11-06,3708,2014-08-24,1645,LM1240,,7,5,5,3708,0,0,0,,0,001,"POMONA AV","COLONY DR",0.00,,Y,A,-,N,,,,,,,,,,N,3,0,1,2,A,-,11,21956,,F,G,B,E,A,H,-,A,D,0,Y,,,,Y,,N,60,0,1,0,0,1,0,0,0,0,"- ","- ",,,"SAN DIEGO","LA MESA",-117.03831,32.765510050000003
6693045,2014,2016-01-05,3708,2014-09-17,1828,LM1233,,3,5,5,3708,0,0,0,,0,003,"LAKE MURRAY BL","WISCONSIN AV",150.00,S,N,A,-,N,,,,,,,,,,N,4,0,1,2,A,-,08,22107,,F,B,G,A,A,H,-,A,D,0,,Y,,,Y,,D,22,0,0,1,0,0,0,1,0,0,"- ","- ",,,"SAN DIEGO","LA MESA",-117.04561379,32.774704900000003
6693061,2014,2016-01-05,3708,2014-09-21,0840,LM1158,,7,5,5,3708,0,0,0,,0,001,"FAIRVIEW AV","PASADENA AV",0.00,,Y,A,-,N,,,,,,,,,,N,3,0,1,2,A,-,12,22450,A,N,D,G,A,A,H,-,A,A,0,,Y,,,Y,,L,04,0,1,0,0,0,0,1,0,0,"- ","- ",,,"SAN DIEGO","LA MESA",-117.02353050000001,32.761980000000001
6693641,2014,2014-11-17,3710,2014-10-20,0855,OC0778,,1,5,6,3710,0,0,0,,0,035,"NORTH SANTA FE AV","ALAMOSA PARK DR",0.00,,Y,A,-,N,,,,,,,,,,N,4,0,1,2,A,-,11,21954,A,N,G,B,D,A,H,-,A,A,0,Y,,,,Y,,N,60,0,0,1,0,1,0,0,0,0,"- ","- ",,,"SAN DIEGO",OCEANSIDE,-117.27873008,33.243040059999998
6693902,2014,2014-11-12,3706,2014-09-23,1958,ES0403,,2,5,6,3706,0,0,0,,0,054,"EAST VALLEY PKWY","MIDWAY DR",528.00,W,N,A,-,N,,,,,,,,,,N,3,0,1,2,A,-,11,21955,,N,G,B,D,A,H,-,C,D,0,Y,,,,Y,,N,60,0,1,0,0,1,0,0,0,0,"- ","- ",,,"SAN DIEGO",ESCONDIDO,-117.05331765,33.136815390000002
6694094,2014,2014-12-09,3700,2014-10-29,0815,SH0535,,3,5,5,3713,0,0,0,,0,302,"EAST VISTA WY","ARCADIA AV",13.00,S,N,A,-,N,,,,,,,,,,Y,4,0,1,2,A,-,10,21950,A,N,D,B,B,A,H,-,A,D,0,Y,,,,Y,,D,22,0,0,1,0,1,0,0,0,0,"- ","- ",,,"SAN DIEGO",VISTA,-117.22614,33.22486439
6694176,2014,2014-12-31,3700,2014-10-27,0800,SH0059,,1,5,5,3713,0,0,0,,0,303,"EAST BOBIER DR","EAST VISTA WY",0.00,,Y,A,-,N,,,,,,,,,,N,4,0,1,2,A,-,05,21650,1,N,D,G,A,A,H,-,A,A,0,,Y,,,Y,,L,04,0,0,1,0,0,0,1,0,0,"- ","- ",,,"SAN DIEGO",VISTA,-117.22623012,33.217240080000003
6694607,2014,2015-01-08,3711,2014-11-03,1040,6213,,1,5,7,3711,0,0,0,,0,444,"MARKET ST","GATEWAY CENTER DR",0.00,,-,A,-,N,,,,,,,,,,N,3,0,1,2,A,-,21,22106,,M,G,B,D,A,H,-,A,D,0,Y,,,,Y,,-,99,0,1,0,0,1,0,0,0,0,"- ","- ",,,"SAN DIEGO","SAN DIEGO",-117.11421005,32.711520010000001
6694723,2014,2014-12-31,3711,2014-10-22,1550,5791,,3,5,7,3711,0,0,0,,0,116,"TECOLOTE RD","RT 5",0.00,,Y,A,-,Y,,,,,,,,,,Y,3,0,3,2,A,-,12,21453,A,N,D,B,A,A,H,-,A,A,0,,,,,Y,,-,,0,1,2,0,0,0,0,0,0,"- ",NO,,,"SAN DIEGO","SAN DIEGO",,
6694755,2014,2014-12-31,3711,2014-10-23,1750,6702,,4,5,7,3711,0,0,0,,0,432,"IMPERIAL AV","54TH ST",0.00,,Y,A,-,N,,,,,,,,,,N,2,0,2,3,A,-,12,21453,A,N,G,B,B,A,H,-,A,A,0,Y,,,,Y,,A,01,1,0,1,0,2,0,0,0,0,"- ","- ",,,"SAN DIEGO","SAN DIEGO",-117.07878003,32.707080050000002
6695155,2014,2015-01-07,3711,2014-11-01,1441,5953,,6,5,7,3711,0,0,0,,0,525,"UNION ST","WEST F ST",75.00,N,N,A,-,N,,,,,,,,,,N,4,0,2,2,A,-,11,21950,B,N,G,B,D,A,H,-,A,A,0,Y,Y,,,Y,,N,60,0,0,2,0,1,0,1,0,0,"- ","- ",,,"SAN DIEGO","SAN DIEGO",-117.16562,32.713755460000002
6695167,2014,2015-01-07,3711,2014-11-03,1643,4821,,1,5,7,3711,0,0,0,,0,313,"CLAIREMONT MESA BL","KEARNY MESA RD",35.00,W,N,A,-,N,,,,,,,,,,N,3,0,1,2,A,-,08,22107,,N,D,G,A,A,H,-,A,D,0,,Y,,,Y,,A,01,0,1,0,0,0,0,1,0,0,"- ","- ",,,"SAN DIEGO","SAN DIEGO",-117.14364356,32.832920000000001
6695284,2014,2015-01-02,3709,2014-10-17,0728,452,3709,5,5,5,3709,0,0,0,,0,024,"D AV","E 22ND ST",204.00,S,N,A,-,N,,,,,,,,,,N,3,0,1,2,A,-,11,21954,A,N,G,B,D,A,H,-,A,D,0,Y,,,,Y,,N,60,0,1,0,0,1,0,0,0,0,"- ","- ",,,"SAN DIEGO","NATIONAL CITY",-117.09789026,32.66436736
6695296,2014,2015-01-02,3711,2014-10-29,1327,6515,,3,5,7,3711,0,0,0,,0,528,"INDIA ST","DATE ST",18.00,E,N,A,-,N,,,,,,,,,,N,3,0,1,2,A,-,10,21950,A,N,G,B,B,A,H,-,A,-,0,Y,,,,Y,,-,,0,1,0,0,1,0,0,0,0,"- ","- ",,,"SAN DIEGO","SAN DIEGO",-117.1683,32.72298
6695300,2014,2015-01-02,3711,2014-10-29,1730,7163,,3,5,7,3711,0,0,0,,0,,"HOWARD ST","TEXAS ST",300.00,E,N,A,-,N,,,,,,,,,,N,3,0,1,2,A,-,08,22107,,N,D,G,A,A,H,-,A,D,0,,Y,,,Y,,-,,0,1,0,0,0,0,1,0,0,"- ","- ",,,"SAN DIEGO","SAN DIEGO",-117.13782752,32.754038039999998
6695328,2014,2015-01-02,3711,2014-10-28,0915,5854,,2,5,7,3711,0,0,0,,0,521,"K ST","14TH ST",75.00,W,N,A,-,N,,,,,,,,,,N,3,0,1,2,A,-,08,22107,,N,G,B,E,A,H,-,A,D,0,Y,,,,Y,Y,-,,0,1,0,0,1,0,0,0,0,"- ","- ",,,"SAN DIEGO","SAN DIEGO",-117.15214301,32.708370000000002
6695348,2014,2015-01-02,3711,2014-10-23,2017,3815,,4,5,7,3711,0,0,0,,0,934,"ELIJAH CT","EL CAMINIO REAL",160.00,E,N,A,-,N,,,,,,,,,,N,3,0,1,2,A,-,10,21952,,N,G,B,F,A,H,-,C,D,0,Y,,,,Y,,A,01,0,1,0,0,1,0,0,0,0,"- ","- ",,,"SAN DIEGO","SAN DIEGO",-117.23707508,32.947166320000001
6695352,2014,2016-02-23,3711,2014-10-29,1035,6992,,3,5,7,3711,0,0,0,,0,521,"17TH ST","K ST",169.00,S,N,A,-,N,,,,,,,,,,N,4,0,1,2,A,-,21,22106,,N,G,B,D,A,H,-,A,D,0,Y,,,,Y,,-,,0,0,1,0,1,0,0,0,0,"- ","- ",,,"SAN DIEGO","SAN DIEGO",-117.14854341,32.707887190000001
6696986,2014,2014-12-31,3711,2014-10-30,1256,5491,SANDI,4,5,7,3711,0,0,0,,0,525,"WEST BROADWAY","COLUMBIA ST",0.00,,Y,A,-,N,,,,,,,,,,N,4,0,1,2,A,-,10,21950,A,N,G,B,B,A,H,-,A,A,0,Y,,,,Y,,-,,0,0,1,0,1,0,0,0,0,"- ","- ",,,"SAN DIEGO","SAN DIEGO",-117.16742012,32.715760080000003
6696990,2014,2015-01-23,3711,2014-10-30,1610,7052,SD,4,5,7,3711,0,0,0,,0,521,"PARK BL","C ST",90.00,S,N,A,-,N,,,,,,,,,,N,3,0,1,2,A,-,"- ",,,N,A,B,F,A,H,-,A,D,0,Y,Y,,,Y,,L,04,0,1,0,0,1,0,0,0,0,"- ","- ",,,"SAN DIEGO","SAN DIEGO",-117.15374725,32.716553529999999
6696998,2014,2014-12-31,3711,2014-10-31,0524,6493,,5,5,7,3711,0,0,0,,0,327,"COLLEGE AV","COLLEGE PL",0.00,,Y,A,-,N,,,,,,,,,,N,1,1,0,2,A,-,09,21802,A,N,H,G,A,A,H,-,C,A,0,,Y,,,Y,,L,04,0,0,0,0,0,1,0,0,0,"- ","- ",,,"SAN DIEGO","SAN DIEGO",-117.06952012000001,32.770110010000003
6697025,2014,2014-12-31,3711,2014-10-28,1358,4864,,2,5,7,3711,0,0,0,,0,521,"MARKET ST","6TH AV",0.00,,Y,A,-,N,,,,,,,,,,N,4,0,1,2,A,-,10,21950,A,N,G,B,B,A,H,-,A,A,0,Y,,,,Y,,A,01,0,0,1,0,1,0,0,0,0,"- ","- ",,,"SAN DIEGO","SAN DIEGO",-117.15927007000001,32.711510060000002
6697037,2014,2015-01-28,3711,2014-10-30,2045,6950,3711,4,5,7,3711,0,0,0,,0,115,"LA JOLLA VILLAGE DR","RT 5",200.00,E,N,A,-,Y,,,,,,,,,,N,3,0,1,2,A,-,05,21650,1,N,A,G,A,A,H,-,C,D,0,,Y,,,Y,,L,04,0,1,0,0,0,0,1,0,0,"- ","- ",,,"SAN DIEGO","SAN DIEGO",-117.22871117,32.872133169999998
6697325,2014,2015-01-09,3709,2014-11-04,0731,418,,2,5,5,3709,0,0,0,,0,020,"NATIONAL CITY BL","E 3RD ST",75.00,N,N,A,-,N,,,,,,,,,,N,3,0,1,2,A,-,11,21954,A,N,G,B,D,A,-,-,-,D,0,Y,,Y,,Y,,N,60,0,1,0,0,1,0,0,0,0,"- ","- ",,,"SAN DIEGO","NATIONAL CITY",-117.10867745,32.680304720000002
6697409,2014,2014-12-12,3711,2014-09-29,2020,6045,,1,5,7,3711,0,0,0,,0,114,"CLAIREMONT MESA BL","ROLFE RD",0.00,,Y,A,-,N,,,,,,,,,,N,4,0,1,2,A,-,10,21950,A,N,G,B,B,A,H,-,C,A,0,Y,,,,Y,,-,,0,0,1,0,1,0,0,0,0,"- ","- ",,,"SAN DIEGO","SAN DIEGO",-117.20245001000001,32.82832003
6698402,2014,2014-12-10,3703,2014-10-26,0910,1277,,7,5,3,3703,0,0,0,,0,003,"SILVER STRAND BL","CORONADO CAYS BL",387.00,S,N,A,F,N,,,,,,,,,,N,2,0,2,3,A,-,03,22350,,N,B,G,A,A,H,-,A,D,0,,Y,,,Y,,L,04,1,1,0,0,0,0,2,0,0,"- ","- ",,,"SAN DIEGO",CORONADO,-117.13738114,32.624111190000001
6698406,2014,2014-12-10,3703,2014-10-29,1612,1037,,3,5,3,3703,0,0,0,,0,002,"8TH ST","ORANGE AV",158.00,W,N,A,-,N,,,,,,,,,,N,4,0,1,2,A,-,08,22100,B,N,B,G,A,A,H,-,A,D,0,,Y,,,Y,,L,04,0,0,1,0,0,0,1,0,0,"- ","- ",,,"SAN DIEGO",CORONADO,-117.17873269,32.688995079999998
6698902,2014,2014-11-18,3700,2014-08-17,2013,SH1725,,7,5,5,3712,0,0,0,,0,350,"WEST SAN MARCOS BL","TIGER WY",0.00,,Y,A,-,N,,,,,,,,,,N,3,0,1,2,A,-,11,21954,A,N,G,B,D,A,H,-,C,A,0,Y,,,,Y,,N,60,0,1,0,0,1,0,0,0,0,"- ","- ",,,"SAN DIEGO","SAN MARCOS",-117.16720011,33.140410080000002
6698964,2014,2014-11-18,3710,2014-10-24,0810,OC1211,,5,5,6,3710,0,0,0,,0,016,DOUGLAS,RAINIER,13.00,S,N,A,-,N,,,,,,,,,,Y,3,0,1,2,A,-,05,21650,1,N,D,G,A,A,H,-,A,A,0,,Y,,,Y,,L,04,0,1,0,0,0,0,1,0,0,"- ","- ",,,"SAN DIEGO",OCEANSIDE,-117.32260888,33.241694389999999
6698966,2014,2014-12-09,3711,2014-10-04,0108,5787,,6,5,7,3711,0,0,0,,0,122,"MISSION BL","EMERALD ST",33.00,N,N,A,-,N,,,,,,,,,,N,3,0,1,2,A,-,11,21954,A,N,B,B,D,A,H,-,C,D,0,Y,,,,Y,Y,N,60,0,1,0,0,1,0,0,0,0,"- ","- ",,,"SAN DIEGO","SAN DIEGO",-117.25608575,32.798497750000003
6699390,2014,2014-11-18,3705,2014-09-22,2100,EC0352,,1,5,5,3705,0,0,0,,0,010,BROADWAY,GRAVES,10.00,E,N,A,-,N,,,,,,,,,,N,3,0,1,2,A,-,11,21954,A,N,A,B,E,A,H,-,C,A,0,Y,,Y,,Y,,N,60,0,1,0,0,1,0,0,0,0,"- ","- ",,,"SAN DIEGO","EL CAJON",-116.96035757999999,32.807779429999997
6699471,2014,2014-12-01,3711,2014-09-29,2250,6640,"SAN D",1,5,7,3711,0,0,0,,0,327,"MONTEZUMA RD","LADORNA ST",210.00,W,N,A,-,N,,,,,,,,,,N,4,0,1,2,A,-,10,21950,C,M,G,B,E,A,H,-,C,D,0,Y,,,,Y,,-,99,0,0,1,0,1,0,0,0,0,"- ","- ",,,"SAN DIEGO","SAN DIEGO",-117.05968385,32.769597599999997