CASE_ID,ACCIDENT_YEAR,PROC_DATE,JURIS,COLLISION_DATE,COLLISION_TIME,OFFICER_ID,REPORTING_DISTRICT,DAY_OF_WEEK,CHP_SHIFT,POPULATION,CNTY_CITY_LOC,SPECIAL_COND,BEAT_TYPE,CHP_BEAT_TYPE,CITY_DIVISION_LAPD,CHP_BEAT_CLASS,BEAT_NUMBER,PRIMARY_RD,SECONDARY_RD,DISTANCE,DIRECTION,INTERSECTION,WEATHER_1,WEATHER_2,STATE_HWY_IND,CALTRANS_COUNTY,CALTRANS_DISTRICT,STATE_ROUTE,ROUTE_SUFFIX,POSTMILE_PREFIX,POSTMILE,LOCATION_TYPE,RAMP_INTERSECTION,SIDE_OF_HWY,TOW_AWAY,COLLISION_SEVERITY,NUMBER_KILLED,NUMBER_INJURED,PARTY_COUNT,PRIMARY_COLL_FACTOR,PCF_CODE_OF_VIOL,PCF_VIOL_CATEGORY,PCF_VIOLATION,PCF_VIOL_SUBSECTION,HIT_AND_RUN,TYPE_OF_COLLISION,MVIW,PED_ACTION,ROAD_SURFACE,ROAD_COND_1,ROAD_COND_2,LIGHTING,CONTROL_DEVICE,CHP_ROAD_TYPE,PEDESTRIAN_ACCIDENT,BICYCLE_ACCIDENT,MOTORCYCLE_ACCIDENT,TRUCK_ACCIDENT,NOT_PRIVATE_PROPERTY,ALCOHOL_INVOLVED,STWD_VEHTYPE_AT_FAULT,CHP_VEHTYPE_AT_FAULT,COUNT_SEVERE_INJ,COUNT_VISIBLE_INJ,COUNT_COMPLAINT_PAIN,COUNT_PED_KILLED,COUNT_PED_INJURED,COUNT_BICYCLIST_KILLED,COUNT_BICYCLIST_INJURED,COUNT_MC_KILLED,COUNT_MC_INJURED,PRIMARY_RAMP,SECONDARY_RAMP,LATITUDE,LONGITUDE,COUNTY,CITY,POINT_X,POINT_Y
6708405,2014,2015-01-07,3706,2014-11-05,1448,ES0200,,3,5,6,3706,0,0,0,,0,042,"ESCONDIDO BL","WOODWARD AV",0.00,,Y,A,-,N,,,,,,,,,,N,3,0,1,2,D,-,00,,,N,G,B,B,A,H,-,A,A,0,Y,,,,Y,Y,-,"- ",0,1,0,0,1,0,0,0,0,"- ","- ",,,"SAN DIEGO",ESCONDIDO,-117.08725013,33.124620120000003
6708413,2014,2015-01-07,3706,2014-11-03,0746,ES0342,,1,5,6,3706,0,0,0,,0,054,"GRAND AV","GAYLAND ST",0.00,,Y,A,-,N,,,,,,,,,,N,2,0,1,2,A,-,10,21954,B,N,G,B,B,A,H,-,A,D,0,Y,,,,Y,,A,01,1,0,0,0,1,0,0,0,0,"- ","- ",,,"SAN DIEGO",ESCONDIDO,-117.05261007999999,33.132990030000002
6708445,2014,2015-01-07,3706,2014-11-03,1800,ES0412,,1,5,6,3706,0,0,0,,0,042,"WASHINGTON AV","ESCONDIDO BL",63.00,W,N,A,-,N,,,,,,,,,,N,4,0,1,2,A,-,09,21804,A,N,D,G,A,A,H,-,C,D,0,,Y,,,Y,Y,L,04,0,0,1,0,0,0,1,0,0,"- ","- ",,,"SAN DIEGO",ESCONDIDO,-117.0881316,33.125648480000002
6708449,2014,2015-01-07,3706,2014-11-03,1615,ES0461,,1,5,6,3706,0,0,0,,0,052,"GRAND AV","KALMIA ST",0.00,,Y,A,-,N,,,,,,,,,,N,4,0,1,2,A,-,10,21950,A,N,G,B,B,A,H,-,A,D,0,Y,,,,Y,,A,01,0,0,1,0,1,0,0,0,0,"- ","- ",,,"SAN DIEGO",ESCONDIDO,-117.08008006999999,33.122330040000001
6709516,2014,2015-01-15,9680,2014-11-01,1115,15081,,6,1,9,3700,0,1,3,,1,052,"RT 78","RT 79",2640.00,E,N,B,-,Y,,,78,,,,,,,N,4,0,1,2,A,-,"- ",,,F,B,G,A,B,H,-,A,D,0,,Y,,,Y,,D,22,0,0,1,0,0,0,1,0,0,"- ","- ",33.1066,-116.66807,"SAN DIEGO",UNINCORPORATED,-116.66801793,33.106610359999998
6710893,2014,2015-01-07,3711,2014-11-07,1254,6063,,5,5,7,3711,0,0,0,,0,122,"MISSION BAY DR",GLENDORA,78.00,S,N,A,-,N,,,,,,,,,,N,3,0,1,2,A,-,08,22107,,N,C,G,A,A,H,-,A,D,0,,Y,,,Y,,L,04,0,1,0,0,0,0,1,0,0,"- ","- ",,,"SAN DIEGO","SAN DIEGO",-117.2148548,32.801565830000001
6710910,2014,2015-01-23,3711,2014-11-13,1945,8824,SANDI,4,5,7,3711,0,0,0,,0,614,"SUNSET CLIFFS BL","LONG BRANCH AV",24.00,S,N,A,-,N,,,,,,,,,,N,3,0,1,2,A,-,11,21950,B,N,G,B,D,A,H,-,C,D,0,Y,,,,Y,,N,60,0,1,0,0,1,0,0,0,0,"- ","- ",,,"SAN DIEGO","SAN DIEGO",-117.24427459,32.748626119999997
6710946,2014,2015-01-08,3711,2014-11-15,1617,6699,,6,5,7,3711,0,0,0,,0,821,"67TH ST","AMHERST ST",77.00,S,N,A,-,N,,,,,,,,,,N,2,0,1,2,A,-,21,22106,,N,G,B,F,A,H,-,A,D,0,Y,,,,Y,,-,"- ",1,0,0,0,1,0,0,0,0,"- ","- ",,,"SAN DIEGO","SAN DIEGO",-117.05408891,32.766442120000001
6710950,2014,2015-01-08,3711,2014-11-11,1824,4897,,2,5,7,3711,0,0,0,,0,234,"RANCHO BERNARDO RD","ACENA DR",16.00,E,N,A,-,N,,,,,,,,,,N,3,0,1,2,A,-,03,22350,,M,G,B,E,A,H,-,E,A,0,Y,,,,Y,,-,99,0,1,0,0,1,0,0,0,0,"- ","- ",,,"SAN DIEGO","SAN DIEGO",-117.0700932,33.022550860000003
6711393,2014,2014-12-11,3706,2014-10-30,1428,ES0223,,4,5,6,3706,0,0,0,,0,044,"KENT AV","CONWAY DR",41.00,E,N,A,-,N,,,,,,,,,,N,2,0,1,2,C,-,18,,,N,G,B,E,A,H,-,A,D,0,Y,,,,Y,,-,"- ",1,0,0,0,1,0,0,0,0,"- ","- ",,,"SAN DIEGO",ESCONDIDO,-117.07147843,33.143881659999998
6711542,2014,2015-01-09,3709,2014-11-16,1759,465,3709,7,5,5,3709,0,0,0,,0,020,"18TH ST","HIGHLAND AV",0.00,,Y,A,-,N,,,,,,,,,,N,3,0,1,2,A,-,11,21461,5,N,G,B,B,A,H,-,C,A,0,Y,,,,Y,,N,60,0,1,0,0,1,0,0,0,0,"- ","- ",,,"SAN DIEGO","NATIONAL CITY",-117.09536008000001,32.669490089999996
6712198,2014,2014-12-29,3706,2014-10-28,0705,ES0153,,2,5,6,3706,0,0,0,,0,041,BROADWAY,VISTA,17.00,N,N,A,-,N,,,,,,,,,,N,3,0,1,2,A,-,10,21950,A,N,G,B,B,A,H,-,A,A,0,Y,,,,Y,,A,01,0,1,0,0,1,0,0,0,0,"- ","- ",,,"SAN DIEGO",ESCONDIDO,-117.09172842,33.15383602
6712388,2014,2016-06-13,3703,2014-11-13,1006,1037,,4,5,3,3703,0,0,0,,0,002,"RT 75","DANA PL",0.00,,Y,A,-,Y,SD,11,75,-,-,18.662,I,5,S,N,4,0,1,2,A,-,10,21950,A,N,G,B,B,A,H,-,A,A,0,Y,,,,Y,,A,08,0,0,1,0,1,0,0,0,0,"- ","- ",,,"SAN DIEGO",CORONADO,-117.17828247,32.682366049999999
6712931,2014,2015-01-06,3705,2014-10-01,1140,EC0301,,3,5,5,3705,0,0,0,,0,010,MAIN,LINCOLN,13.00,E,N,A,-,N,,,,,,,,,,N,4,0,1,2,A,-,12,21453,A,M,G,B,B,A,H,-,A,A,0,Y,,,,Y,,A,01,0,0,1,0,1,0,0,0,0,"- ","- ",,,"SAN DIEGO","EL CAJON",-116.95362785,32.794959839999997
6713283,2014,2015-01-09,3711,2014-11-13,1813,5046,,4,5,7,3711,0,0,0,,0,437,"PARADISE VALLEY RD","BRIARWOOD RD",0.00,,Y,A,-,N,,,,,,,,,,N,3,0,2,3,A,-,11,21456,B,M,G,B,B,A,H,-,C,A,0,Y,,,,Y,,N,60,0,2,0,0,2,0,0,0,0,"- ","- ",,,"SAN DIEGO","SAN DIEGO",-117.03679012000001,32.691760090000002
6713350,2014,2015-01-13,3711,2014-11-09,1142,5197,,7,5,7,3711,0,0,0,,0,529,"STATE ST","WEST LAUREL ST",0.00,,Y,A,-,N,,,,,,,,,,N,3,0,1,2,A,-,10,21950,A,N,G,B,B,A,H,-,A,A,0,Y,,,,Y,,A,07,0,1,0,0,1,0,0,0,0,"- ","- ",,,"SAN DIEGO","SAN DIEGO",-117.16944002,32.730850119999999
6713857,2014,2015-01-07,9650,2014-11-04,1720,15446,,2,2,5,3713,0,1,3,,2,017,"RT 78","VISTA VILLAGE DR",4.00,E,N,A,-,Y,,,78,,,,,,,Y,4,0,1,2,A,-,21,22106,,N,H,G,A,A,H,-,C,A,0,,Y,,,Y,,A,01,0,0,1,0,0,0,1,0,0,TO,"- ",33.195439999999998,-117.24941,"SAN DIEGO",VISTA,-117.24955425,33.194868499999998
6714562,2014,2015-01-13,3710,2014-11-01,2140,OC1390,,6,5,6,3710,0,0,0,,0,018,"CALLE MONTECITO","CALLE DE CONNECTOR",300.00,N,N,C,-,N,,,,,,,,,,N,4,0,1,2,D,-,00,,,F,G,B,E,B,H,-,C,D,0,Y,,,,Y,,-,"- ",0,0,1,0,1,0,0,0,0,"- ","- ",,,"SAN DIEGO",OCEANSIDE,-117.30914,33.25052093
6714564,2014,2015-01-13,3710,2014-11-08,0025,OC1382,,6,5,6,3710,0,0,0,,0,009,"OCEANSIDE BL","S CLEVELAND",20.00,W,N,A,-,N,,,,,,,,,,Y,3,0,2,3,A,-,01,23153,A,F,A,B,D,A,H,-,C,D,0,Y,,,,Y,Y,A,01,0,2,0,0,2,0,0,0,0,"- ","- ",,,"SAN DIEGO",OCEANSIDE,-117.37077365,33.18263889
6716321,2014,2014-12-02,3702,2014-09-28,1540,CV0979,,7,5,6,3702,0,0,0,,0,011,"F ST","5TH AV",0.00,,Y,A,-,N,,,,,,,,,,Y,3,0,1,2,A,-,12,21453,A,N,D,G,A,A,H,-,A,A,0,,Y,,,Y,,L,04,0,1,0,0,0,0,1,0,0,"- ","- ",,,"SAN DIEGO","CHULA VISTA",-117.08805003000001,32.638990010000001
6716394,2014,2014-12-01,3702,2014-09-29,1530,CV0534,,1,5,6,3702,0,0,0,,0,013,"E ST","MINOT AV",0.00,,Y,A,-,N,,,,,,,,,,N,4,0,1,2,A,-,10,21950,A,N,G,B,B,A,H,-,A,D,0,Y,,,,Y,,A,01,0,0,1,0,1,0,0,0,0,"- ","- ",,,"SAN DIEGO","CHULA VISTA",-117.07475005000001,32.646570089999997
6716803,2014,2015-01-20,3702,2014-11-03,1045,CV1099,,1,5,6,3702,0,0,0,,0,021,"BAY BL","PALOMAR ST",438.00,N,N,A,-,N,,,,,,,,,,N,3,0,1,2,A,-,09,21804,B,N,D,G,A,A,H,-,A,D,0,,Y,,Y,Y,,L,04,0,1,0,0,0,0,1,0,0,"- ","- ",,,"SAN DIEGO","CHULA VISTA",-117.09226602,32.6057694
6716807,2014,2015-01-20,3702,2014-11-13,1530,CV1122,,4,5,6,3702,0,0,0,,0,012,"5TH AV","G ST",12.00,N,N,A,-,N,,,,,,,,,,N,4,0,1,2,A,-,10,21950,A,N,G,B,B,A,H,-,A,A,0,Y,,,,Y,,D,22,0,0,1,0,1,0,0,0,0,"- ","- ",,,"SAN DIEGO","CHULA VISTA",-117.08671252000001,32.635571120000002
6716810,2014,2015-01-05,3702,2014-10-21,1900,CV1006,,2,5,6,3702,0,0,0,,0,021,"MOSS ST",BROADWAY,6.00,E,N,A,-,N,,,,,,,,,,N,2,0,1,2,A,-,05,21650,1,N,D,G,A,A,H,-,C,A,0,,Y,,,Y,Y,L,04,1,0,0,0,0,0,1,0,0,"- ","- ",,,"SAN DIEGO","CHULA VISTA",-117.08276137999999,32.613684659999997
6716813,2014,2015-01-05,3702,2014-10-06,1336,CV0529,,1,5,6,3702,0,0,0,,0,023,"OLYMPIC PKWY","OLEANDER AV",0.00,,Y,A,-,N,,,,,,,,,,N,4,0,1,2,A,-,08,22107,,N,G,B,E,A,B,D,A,A,0,Y,,,,Y,,D,23,0,0,1,0,1,0,0,0,0,"- ","- ",,,"SAN DIEGO","CHULA VISTA",-117.03328009000001,32.606590109999999
6716922,2014,2015-01-09,3702,2014-11-07,1440,CV1091,,5,5,6,3702,0,0,0,,0,013,BROADWAY,"J ST",471.00,N,N,A,-,N,,,,,,,,,,N,4,0,1,2,A,-,09,21801,A,N,D,G,A,A,H,-,A,A,0,,Y,,,Y,,A,01,0,0,1,0,0,0,1,0,0,"- ","- ",,,"SAN DIEGO","CHULA VISTA",-117.08723068,32.625257120000001
6718113,2014,2015-02-09,3709,2014-12-28,1831,480,3709,7,5,5,3709,0,0,0,,0,021,"EAST PLAZA BL","E PLAZA BL 900",0.00,,N,A,-,N,,,,,,,,,,N,1,1,0,2,A,-,"- ",,,N,A,B,C,A,H,-,C,D,0,Y,,,,Y,,D,22,0,0,0,1,0,0,0,0,0,"- ","- ",,,"SAN DIEGO","NATIONAL CITY",-117.09779531,32.676473620000003
6718115,2014,2015-02-09,3711,2014-12-29,2308,5051,,1,5,7,3711,0,0,0,,0,115,"LEBON DR","LA JOLLA VILLAGE DR",0.00,,Y,B,-,N,,,,,,,,,,Y,1,1,0,2,A,-,11,21456,B,N,G,B,B,A,H,-,C,A,0,Y,,,,Y,,N,60,0,0,0,1,0,0,0,0,0,"- ","- ",,,"SAN DIEGO","SAN DIEGO",-117.22362003000001,32.870860110000002
6718152,2014,2016-01-14,9645,2014-09-25,1956,180952,,4,2,6,3702,0,1,1,,2,001,"RT 5","H ST",1352.00,N,N,A,-,Y,SD,11,5,-,-,8.070,H,-,N,N,1,1,0,2,A,-,11,21954,A,N,G,B,E,A,H,-,C,D,1,Y,,,,Y,,N,60,0,0,0,1,0,0,0,0,0,"- ","- ",32.631540000000001,-117.09641999999999,"SAN DIEGO","CHULA VISTA",-117.09717025,32.632776399999997
6718172,2014,2015-03-09,9650,2014-10-29,1806,15654,,3,2,9,3700,0,3,5,,2,170,"YORK DR","KENT PL",227.00,N,N,A,-,N,,,,,,,,,,N,1,1,0,2,A,-,11,21954,A,N,G,B,E,A,H,-,D,D,0,Y,,,,Y,,N,60,0,0,0,1,0,0,0,0,0,"- ","- ",33.118540000000003,-117.1245,"SAN DIEGO",UNINCORPORATED,-117.21240966000001,33.185995609999999
6718203,2014,2016-01-14,9680,2014-12-20,1810,16822,,6,2,9,3700,0,1,3,,1,090,"RT 67","11TH ST",241.00,S,N,A,-,Y,SD,11,67,-,-,24.220,H,-,N,N,1,1,0,2,A,-,11,21954,A,N,G,B,D,A,H,-,C,D,0,Y,,,,Y,Y,N,60,0,0,0,1,0,0,0,0,0,"- ","- ",33.040689999999998,-116.87089,"SAN DIEGO",UNINCORPORATED,-116.96227111,32.803339360000003
6718254,2014,2015-03-16,3710,2014-09-21,0125,OC0652,,7,5,6,3710,0,0,0,,0,017,"NORTH RIVER RD","PLUMOSA ST",249.00,E,N,B,-,N,,,,,,,,,,Y,1,1,0,2,A,-,"- ",,,F,C,G,A,A,H,-,C,D,0,,Y,,,Y,,A,01,0,0,0,0,0,1,0,0,0,"- ","- ",,,"SAN DIEGO",OCEANSIDE,-117.32917817000001,33.24481909
6718291,2014,2016-01-12,9650,2014-12-28,2315,18386,,7,3,9,3700,0,1,1,,2,003,"RT 5","ALISO CREEK",1320.00,S,N,A,-,Y,SD,11,5,-,R,59.370,H,-,S,Y,1,1,0,8,A,-,11,21956,A,F,G,B,E,A,H,-,D,D,1,Y,,,,Y,Y,N,60,0,0,0,1,0,0,0,0,0,"- ","- ",33.26708,-117.43523999999999,"SAN DIEGO",UNINCORPORATED,-117.43623708,33.2677415
6718322,2015,2015-03-16,3706,2015-01-24,0449,ES0264,,6,5,6,3706,0,0,0,,0,056,"VALLEY PKWY","MIDWAY DR",690.00,E,N,A,-,N,,,,,,,,,,Y,1,1,1,2,A,-,03,22350,,N,G,B,F,A,H,-,C,D,0,Y,,,,Y,,D,22,0,0,1,1,0,0,0,0,0,"- ","- ",,,"SAN DIEGO",ESCONDIDO,-117.04984747,33.138429449999997
6718326,2015,2015-03-16,3711,2015-01-07,1720,4243,,3,5,7,3711,0,0,0,,0,234,"RANCHO BERNARDO RD","ACENA DR",0.00,,Y,A,-,N,,,,,,,,,,N,1,1,0,2,A,-,10,21950,A,N,G,B,B,A,H,-,B,A,0,Y,,,,Y,,A,01,0,0,0,1,0,0,0,0,0,"- ","- ",,,"SAN DIEGO","SAN DIEGO",-117.07014001,33.02257006
6718329,2015,2015-03-16,3711,2015-01-15,1554,5046,,4,5,7,3711,0,0,0,,0,627,"RICHMOND ST","ESSEX ST",0.00,,Y,A,-,N,,,,,,,,,,Y,1,1,0,2,A,-,10,21950,A,N,G,B,B,A,H,-,A,A,0,Y,,,,Y,,A,01,0,0,0,1,0,0,0,0,0,"- ","- ",,,"SAN DIEGO","SAN DIEGO",-117.15122006999999,32.747440079999997
6718332,2015,2017-04-20,3711,2015-01-31,1807,5916,,6,5,7,3711,0,0,0,,0,833,"UNIVERSITY AV","47TH ST",82.90,W,N,B,-,N,,,,,,,,,,N,1,1,0,2,A,-,11,21954,A,N,G,B,D,A,H,-,C,D,0,Y,,,,Y,,N,60,0,0,0,1,0,0,0,0,0,"- ","- ",,,"SAN DIEGO","SAN DIEGO",-117.09359865,32.749574799999998
6718338,2015,2017-04-04,3711,2015-01-12,1120,5838,,1,5,7,3711,0,0,0,,0,721,"RT 75","16TH ST",872.00,W,N,A,-,Y,SD,11,75,-,-,9.880,H,-,N,Y,1,1,1,2,A,-,11,21954,A,N,G,B,D,A,H,-,A,D,0,Y,,Y,,Y,Y,N,60,0,1,0,1,0,0,0,0,1,"- ","- ",,,"SAN DIEGO","SAN DIEGO",-117.102467,32.583952600000003
6718448,2014,2014-12-11,3702,2014-08-17,2005,CV031,,7,5,6,3702,0,0,0,,0,011,"4TH AV","E ST",51.00,S,N,A,-,N,,,,,,,,,,Y,1,1,0,2,A,-,01,21200,5,N,H,G,A,A,H,-,C,A,0,,Y,,,Y,Y,L,04,0,0,0,0,0,1,0,0,0,"- ","- ",,,"SAN DIEGO","CHULA VISTA",-117.08526879999999,32.643487190000002
6718503,2014,2016-01-14,9645,2014-11-01,1733,18678,,6,2,7,3711,0,1,3,,2,023,"RT 163","RT 8",39.00,N,N,B,-,Y,SD,11,163,-,-,3.710,H,-,S,Y,1,1,0,2,A,-,11,21954,A,N,G,B,E,A,H,-,A,D,1,Y,,,,Y,Y,N,60,0,0,0,1,0,0,0,0,0,"- ","- ",32.762740000000001,-117.16339000000001,"SAN DIEGO","SAN DIEGO",-117.16356853000001,32.763028200000001
6718510,2014,2014-12-19,3702,2014-09-12,0649,CV0967,,5,5,6,3702,0,0,0,,0,021,"ANITA ST","JAYKEN WY",64.00,E,N,A,-,N,,,,,,,,,,Y,1,1,0,2,A,-,03,22350,,N,G,B,D,A,H,-,A,D,0,Y,,,,Y,,A,01,0,0,0,1,0,0,0,0,0,"- ","- ",,,"SAN DIEGO","CHULA VISTA",-117.0810929,32.598460000000003
6718513,2014,2016-01-13,3702,2014-09-05,1508,CV0967,,5,5,6,3702,0,0,0,,0,014,"HILLTOP DR","PALOMAR DR",78.00,S,N,A,-,N,,,,,,,,,,N,1,1,0,2,A,-,08,22107,,N,H,G,A,A,H,-,A,D,0,,Y,,,Y,,L,04,0,0,0,0,0,1,0,0,0,"- ","- ",,,"SAN DIEGO","CHULA VISTA",-117.05980169,32.62466689
6718589,2017,2018-02-16,3700,2017-07-07,1048,SH0021,,5,5,5,3713,0,0,0,,0,302,"EAST BOBIER DR","CALLE JULES",266.00,W,N,A,-,N,,,,,,,,,,Y,1,1,0,2,A,-,11,21954,A,N,G,B,D,A,H,-,A,D,0,Y,,,,Y,,N,60,0,0,0,1,0,0,0,0,0,"- ","- ",,,"SAN DIEGO",VISTA,-117.23022163,33.217149999999997
6718629,2017,2018-02-20,3711,2017-12-11,2116,6146,,1,5,7,3711,0,0,0,,0,826,"EL CAJON BL","50TH ST",66.00,W,N,A,-,N,,,,,,,,,,N,1,1,0,2,A,-,11,21954,A,N,G,B,D,A,H,-,C,D,0,Y,,,,Y,,N,60,0,0,0,1,0,0,0,0,0,"- ","- ",,,"SAN DIEGO","SAN DIEGO",-117.08704138,32.756762080000001
6718631,2017,2018-02-20,3701,2017-12-18,1854,CB5363,,1,5,5,3701,0,0,0,,0,006,"PASEO DEL NORTE","PALOMAR AIRPORT RD",862.00,S,N,A,-,N,,,,,,,,,,Y,1,1,0,2,A,-,11,21954,A,N,G,B,E,A,H,-,C,D,0,Y,,,,Y,,N,60,0,0,0,1,0,0,0,0,0,"- ","- ",,,"SAN DIEGO",CARLSBAD,-117.31909097,33.119604809999998
6718665,2017,2018-03-01,3702,2017-10-29,0641,CV0986,,7,5,6,3702,0,0,0,,0,013,BROADWAY,"SIERRA WY",101.00,S,N,A,-,N,,,,,,,,,,Y,1,1,1,3,A,-,11,21954,A,N,G,B,D,A,H,-,C,D,0,Y,,,,Y,Y,A,01,0,1,0,1,0,0,0,0,0,"- ","- ",,,"SAN DIEGO","CHULA VISTA",-117.08463741,32.618587320000003
6718667,2017,2018-03-01,3702,2017-11-02,1120,CV1060,,4,5,6,3702,0,0,0,,0,024,"ENERGY WY","NIRVANA AV",388.00,E,N,A,-,N,,,,,,,,,,N,1,1,0,2,A,-,21,22106,,N,G,B,D,A,H,-,A,D,0,Y,,,,Y,,A,01,0,0,0,1,0,0,0,0,0,"- ","- ",,,"SAN DIEGO","CHULA VISTA",-117.01298522,32.596527279999997
6718687,2017,2019-04-08,3700,2017-10-03,1648,SH7236,,2,5,5,3712,0,0,0,,0,349,"SAN ELIJO RD","BAKER ST",340.00,S,N,A,-,N,,,,,,,,,,Y,1,1,0,2,A,-,11,21954,A,N,G,B,D,A,H,-,A,D,0,Y,,,,Y,Y,N,60,0,0,0,1,0,0,0,0,0,"- ","- ",,,"SAN DIEGO","SAN MARCOS",-117.20143496999999,33.096425230000001
6718740,2017,2019-04-08,3700,2017-11-27,1917,SH3079,,1,5,5,3713,0,0,0,,0,306,"NORTH SANTA FE AV","EAST DR",0.00,N,N,A,-,N,,,,,,,,,,Y,1,1,0,2,A,-,11,21954,A,F,G,B,D,A,H,-,C,A,0,Y,,,,Y,Y,N,60,0,0,0,1,0,0,0,0,0,"- ","- ",,,"SAN DIEGO",VISTA,-117.24496006,33.214020060000003
6718747,2017,2018-03-28,3702,2017-10-25,1522,CV0986,,3,5,6,3702,0,0,0,,0,042,"OTAY LAKES RD","LA MEDIA AV",89.00,E,N,A,-,N,,,,,,,,,,N,1,1,0,2,A,-,08,22107,,N,B,G,A,A,H,-,A,A,0,,Y,,,Y,,L,04,0,0,0,0,0,1,0,0,0,"- ","- ",,,"SAN DIEGO","CHULA VISTA",-116.98999602000001,32.638859619999998
6718762,2017,2019-04-08,3702,2017-12-29,1807,CV1060,,5,5,6,3702,0,0,0,,0,012,"F ST","WOODLAWN AV",58.00,W,N,A,-,N,,,,,,,,,,Y,1,1,0,2,A,-,11,21954,A,N,G,B,D,A,H,-,C,D,0,Y,,,,Y,,N,60,0,0,0,1,0,0,0,0,0,"- ","- ",,,"SAN DIEGO","CHULA VISTA",-117.09638871,32.63667126
6718786,2017,2018-04-25,3700,2017-05-31,1209,SH0190,,3,5,5,3713,0,0,0,,0,307,"EAST VISTA WY","ANZA AV",0.00,,Y,B,-,N,,,,,,,,,,Y,1,1,0,3,A,-,09,21453,B,N,G,B,B,A,H,-,A,A,0,Y,,,,Y,,A,01,0,0,0,1,0,0,0,0,0,"- ","- ",,,"SAN DIEGO",VISTA,-117.23200005,33.211100070000001
6718803,2014,2015-01-13,3711,2014-11-11,1421,7183,,2,5,7,3711,0,0,0,,0,006,"NIMITZ BL",LOMA,1584.00,S,N,A,-,N,,,,,,,,,,N,4,0,1,2,A,-,08,22107,,N,B,G,A,A,H,-,A,D,0,,Y,,,Y,,L,04,0,0,1,0,0,0,1,0,0,"- ","- ",,,"SAN DIEGO","SAN DIEGO",-117.23419994,32.747226050000002
6718886,2014,2015-01-09,9680,2014-11-04,1545,019519,,2,2,9,3700,0,2,4,,1,029,"SWEETWATER SPRINGS BL","DEL RIO AV",149.00,N,N,A,-,N,,,,,,,,,,N,3,0,1,2,A,-,09,21804,A,N,H,G,A,A,H,-,A,D,0,,Y,,,Y,,A,01,0,1,0,0,0,0,1,0,0,"- ","- ",32.742959999999997,-116.97242,"SAN DIEGO",UNINCORPORATED,-116.97256115,32.742796650000003
6718940,2014,2015-01-12,9680,2014-11-08,1615,019255,,6,2,9,3700,0,3,5,,2,003,"ALPINE BL","W VICTORIA DR",528.00,W,N,A,-,N,,,,,,,,,,N,3,0,1,2,A,-,11,21954,A,F,G,B,D,A,H,-,A,D,0,Y,,,,Y,Y,N,60,0,1,0,0,1,0,0,0,0,"- ","- ",32.836100000000002,-116.7696,"SAN DIEGO",UNINCORPORATED,-116.76835927,32.835697539999998
6718948,2014,2015-01-09,3711,2014-11-09,2023,7079,,7,5,7,3711,0,0,0,,0,122,"HORNBLEND ST","FANUEL ST",0.00,,Y,A,-,N,,,,,,,,,,N,3,0,1,2,A,-,09,21802,A,F,D,G,A,A,H,-,D,D,0,,Y,,,Y,Y,L,04,0,1,0,0,0,0,1,0,0,"- ","- ",,,"SAN DIEGO","SAN DIEGO",-117.24607009,32.79761002
6718980,2014,2014-12-29,9680,2014-10-31,2100,20343,,5,2,9,3700,0,3,5,,2,001,"JENNINGS VISTA WY","TELKAIF ST",100.00,E,N,B,-,N,,,,,,,,,,N,4,0,1,2,A,-,11,21954,A,N,G,B,E,B,H,-,E,D,0,Y,,,,Y,,N,60,0,0,1,0,1,0,0,0,0,"- ","- ",32.851869999999998,-116.88129000000001,"SAN DIEGO",UNINCORPORATED,-116.88146567,32.851815170000002
6719085,2014,2015-01-05,3700,2014-10-29,1753,SH1725,,3,5,5,3712,0,0,0,,0,355,"9TH ST","9TH ST 3527",0.00,,Y,A,-,N,,,,,,,,,,N,3,0,1,2,A,-,11,21954,A,N,G,B,E,A,H,-,A,D,0,Y,,,,Y,,N,60,0,1,0,0,1,0,0,0,0,"- ","- ",,,"SAN DIEGO","SAN MARCOS",-117.20445424,33.146350490000003
6719271,2014,2015-01-16,9650,2014-11-14,1640,018321,,5,2,9,3700,0,2,4,,2,061,"SOUTH MISSION RD","CLEMMENS LN",0.00,,Y,A,-,N,,,,,,,,,,N,3,0,1,2,A,-,10,21950,A,N,G,B,B,A,H,-,A,A,0,Y,,,,Y,,D,22,0,1,0,0,1,0,0,0,0,"- ","- ",33.369239999999998,-117.25103,"SAN DIEGO",UNINCORPORATED,-117.25104005,33.369330060000003
6720346,2014,2014-12-04,3711,2014-09-27,2038,6702,,6,5,7,3711,0,0,0,,0,528,"INDIA ST","W IVY ST",0.00,,Y,A,-,N,,,,,,,,,,N,4,0,1,2,A,-,08,22107,,N,B,G,A,A,H,-,D,D,0,,Y,,,Y,Y,L,04,0,0,1,0,0,0,1,0,0,"- ","- ",,,"SAN DIEGO","SAN DIEGO",-117.16983007,32.727380089999997
6720361,2014,2014-12-10,3700,2014-09-16,0651,SH3121,,2,5,4,3707,0,0,0,,0,710,"13TH ST","GROVE AV",0.00,,Y,A,-,N,,,,,,,,,,N,4,0,1,2,A,-,08,22107,,N,B,G,A,A,H,-,B,-,0,,Y,,,Y,,-,,0,0,1,0,0,0,1,0,0,"- ","- ",,,"SAN DIEGO","IMPERIAL BEACH",-117.10573011,32.572840030000002