CASE_ID,ACCIDENT_YEAR,PROC_DATE,JURIS,COLLISION_DATE,COLLISION_TIME,OFFICER_ID,REPORTING_DISTRICT,DAY_OF_WEEK,CHP_SHIFT,POPULATION,CNTY_CITY_LOC,SPECIAL_COND,BEAT_TYPE,CHP_BEAT_TYPE,CITY_DIVISION_LAPD,CHP_BEAT_CLASS,BEAT_NUMBER,PRIMARY_RD,SECONDARY_RD,DISTANCE,DIRECTION,INTERSECTION,WEATHER_1,WEATHER_2,STATE_HWY_IND,CALTRANS_COUNTY,CALTRANS_DISTRICT,STATE_ROUTE,ROUTE_SUFFIX,POSTMILE_PREFIX,POSTMILE,LOCATION_TYPE,RAMP_INTERSECTION,SIDE_OF_HWY,TOW_AWAY,COLLISION_SEVERITY,NUMBER_KILLED,NUMBER_INJURED,PARTY_COUNT,PRIMARY_COLL_FACTOR,PCF_CODE_OF_VIOL,PCF_VIOL_CATEGORY,PCF_VIOLATION,PCF_VIOL_SUBSECTION,HIT_AND_RUN,TYPE_OF_COLLISION,MVIW,PED_ACTION,ROAD_SURFACE,ROAD_COND_1,ROAD_COND_2,LIGHTING,CONTROL_DEVICE,CHP_ROAD_TYPE,PEDESTRIAN_ACCIDENT,BICYCLE_ACCIDENT,MOTORCYCLE_ACCIDENT,TRUCK_ACCIDENT,NOT_PRIVATE_PROPERTY,ALCOHOL_INVOLVED,STWD_VEHTYPE_AT_FAULT,CHP_VEHTYPE_AT_FAULT,COUNT_SEVERE_INJ,COUNT_VISIBLE_INJ,COUNT_COMPLAINT_PAIN,COUNT_PED_KILLED,COUNT_PED_INJURED,COUNT_BICYCLIST_KILLED,COUNT_BICYCLIST_INJURED,COUNT_MC_KILLED,COUNT_MC_INJURED,PRIMARY_RAMP,SECONDARY_RAMP,LATITUDE,LONGITUDE,COUNTY,CITY,POINT_X,POINT_Y
6771289,2014,2015-02-19,3711,2014-12-30,1815,6521,,2,5,7,3711,0,0,0,,0,831,"EUCLID AV","TROJAN AV",0.00,,Y,B,C,N,,,,,,,,,,N,4,0,1,2,A,-,11,21955,,M,G,B,D,B,H,-,D,D,0,Y,,,,Y,,-,"- ",0,0,1,0,0,0,0,0,0,"- ","- ",,,"SAN DIEGO","SAN DIEGO",-117.09222010000001,32.754950059999999
6772164,2014,2016-06-13,3703,2014-12-27,1027,1018,,6,5,3,3703,0,0,0,,0,003,"SILVER STRAND BL","SILVER STRAND BL 2000",0.00,,N,A,-,Y,SD,11,75,-,-,17.080,H,-,N,N,3,0,1,2,A,-,03,22350,,N,C,G,A,A,H,-,A,D,0,,Y,,,Y,,L,04,0,1,0,0,0,0,1,0,0,"- ","- ",,,"SAN DIEGO",CORONADO,-117.16011377,32.665762280000003
6772427,2014,2015-02-13,3711,2014-12-30,0859,5600,,2,5,7,3711,0,0,0,,0,524,"FRONT ST","WEST ASH ST",0.00,,Y,B,-,N,,,,,,,,,,N,2,0,1,2,A,-,10,21950,A,N,G,B,B,A,H,-,A,A,0,Y,,,,Y,,D,22,1,0,0,0,1,0,0,0,0,"- ","- ",,,"SAN DIEGO","SAN DIEGO",-117.16475011,32.719860019999999
6773522,2014,2015-06-18,3709,2014-10-07,1559,470,,2,5,5,3709,0,0,0,,0,024,"MILE OF CARS WY","WILSON AV",0.00,,Y,A,-,N,,,,,,,,,,N,4,0,1,2,A,-,10,21950,A,N,G,B,B,A,H,-,A,A,0,Y,,,,Y,,A,07,0,0,1,0,1,0,0,0,0,"- ","- ",,,"SAN DIEGO","NATIONAL CITY",-117.10648994,32.660540019999999
6774507,2015,2015-02-27,3711,2015-01-05,1626,7031,SD,1,5,7,3711,0,0,0,,0,122,"GARNET AV","EVERTS ST",0.00,,Y,A,-,N,,,,,,,,,,N,4,0,1,2,A,-,09,21801,A,N,D,G,A,A,H,-,A,A,0,,Y,,,Y,,-,"- ",0,0,1,0,0,0,1,0,0,"- ","- ",,,"SAN DIEGO","SAN DIEGO",-117.24817011,32.798140099999998
6774508,2015,2015-02-20,3711,2015-01-05,1937,7186,3711,1,5,7,3711,0,0,0,,0,529,"ASH ST","2ND AV",0.00,,Y,A,-,N,,,,,,,,,,N,4,0,1,2,A,-,09,21801,A,N,G,G,A,A,H,-,C,A,0,,Y,,,Y,,-,,0,0,1,0,0,0,1,0,0,"- ","- ",,,"SAN DIEGO","SAN DIEGO",-117.16294000000001,32.71988005
6775032,2015,2015-02-19,3711,2015-01-04,1001,5652,SANDI,7,5,7,3711,0,0,0,,0,242,"BLACK MOUNTAIN RD","BABAUTA RD",14.00,N,N,A,-,N,,,,,,,,,,N,3,0,1,2,A,-,09,21801,A,N,A,G,A,A,H,-,A,D,0,,Y,,,Y,,A,01,0,1,0,0,0,0,1,0,0,"- ","- ",,,"SAN DIEGO","SAN DIEGO",-117.12605859,32.935575
6775036,2015,2015-02-19,3711,2015-01-03,1033,4220,,6,5,7,3711,0,0,0,,0,614,"CABLE ST","CABLE ST 1783",0.00,,N,A,-,N,,,,,,,,,,N,4,0,1,2,A,-,"- ",,,M,B,G,A,A,H,-,A,-,0,,Y,,,Y,,-,,0,0,1,0,0,0,1,0,0,"- ","- ",,,"SAN DIEGO","SAN DIEGO",-117.25098251999999,32.743839100000002
6775180,2015,2015-02-20,3711,2015-01-03,1710,5312,,6,5,7,3711,0,0,0,,0,517,"19TH ST","B ST",0.00,,Y,A,-,N,,,,,,,,,,N,3,0,1,2,A,-,12,21453,A,N,D,G,A,A,H,-,C,A,0,,Y,,,Y,,L,04,0,1,0,0,0,0,1,0,0,"- ","- ",,,"SAN DIEGO","SAN DIEGO",-117.14677007,32.717870009999999
6775368,2014,2015-02-11,3700,2014-12-25,1154,SH5865,,4,5,5,3712,0,0,0,,0,355,"SOUTH TWIN OAKS VALLEY RD","SECURITY PL",226.00,S,N,A,-,N,,,,,,,,,,N,4,0,1,2,A,-,05,21202,A,N,H,G,A,A,-,-,A,D,0,,Y,,,Y,,L,04,0,0,1,0,0,0,1,0,0,"- ","- ",,,"SAN DIEGO","SAN MARCOS",-117.20684230000001,33.133726209999999
6776185,2014,2015-01-28,3705,2014-11-25,1201,EC5258,,2,5,5,3705,0,0,0,,0,009,"BROADWAY AV","2ND ST",103.00,W,N,A,-,N,,,,,,,,,,N,4,0,1,2,A,-,10,21952,,N,G,B,F,A,H,-,A,D,0,Y,,,,Y,,D,22,0,0,1,0,1,0,0,0,0,"- ","- ",,,"SAN DIEGO","EL CAJON",-116.93612401,32.80771
6777033,2014,2015-01-28,3711,2014-11-08,2500,C9,CL01,6,5,7,3711,0,0,0,,0,CL01,"EL PRADO","1549 EL PRADO",0.00,,Y,A,-,N,,,,,,,,,,N,3,0,1,2,B,-,22,,,F,G,B,E,A,H,-,A,A,0,Y,,,,Y,,N,60,0,1,0,0,1,0,0,0,0,"- ","- ",,,"SAN DIEGO","SAN DIEGO",-117.15060889999999,32.731370079999998
6777099,2014,2015-01-26,3705,2014-11-13,1905,EC0335,,4,5,5,3705,0,0,0,,0,006,"FLETCHER PKWY",MARSHALL,46.00,E,N,A,-,N,,,,,,,,,,N,3,0,1,2,A,-,10,21950,A,N,G,B,B,A,H,-,C,A,0,Y,,,,Y,,A,01,0,1,0,0,1,0,0,0,0,"- ","- ",,,"SAN DIEGO","EL CAJON",-116.97538082,32.807770830000003
6777104,2014,2015-01-26,3705,2014-11-09,1850,EC0353,,7,5,5,3705,0,0,0,,0,010,"EAST MAIN ST",TAFT,47.00,E,N,A,-,N,,,,,,,,,,N,2,0,1,2,A,-,11,21954,A,N,G,B,D,A,H,-,C,D,0,Y,,,,Y,,N,60,1,0,0,0,1,0,0,0,0,"- ","- ",,,"SAN DIEGO","EL CAJON",-116.9562576,32.79495
6777117,2014,2015-01-27,3706,2014-11-17,0756,ES0342,,1,5,6,3706,0,0,0,,0,051,"S JUNIPER ST","1810 JUNIPER ST",56.00,S,N,A,-,N,,,,,,,,,,Y,3,0,3,4,A,-,10,21950,A,N,G,B,C,A,H,-,A,D,0,Y,,,,Y,,A,01,0,1,2,0,3,0,0,0,0,"- ","- ",,,"SAN DIEGO",ESCONDIDO,,
6777447,2015,2015-02-18,3710,2015-01-07,1800,OC1363,,3,5,6,3710,0,0,0,,0,030,DARTMOUTH,COLGATE,200.00,N,N,A,-,N,,,,,,,,,,N,3,0,1,2,A,-,05,21650,,F,B,G,A,A,H,-,C,D,0,,Y,,,Y,,-,99,0,1,0,0,0,0,1,0,0,"- ","- ",,,"SAN DIEGO",OCEANSIDE,-117.30112663,33.196830830000003
6778893,2014,2015-02-12,3702,2014-12-11,1514,CV1010,,4,5,6,3702,0,0,0,,0,021,"NAPLES ST",BROADWAY,25.00,W,N,A,-,N,,,,,,,,,,N,3,0,1,2,A,-,11,21954,A,N,G,B,D,A,H,-,A,A,0,Y,,,,Y,Y,N,60,0,1,0,0,1,0,0,0,0,"- ","- ",,,"SAN DIEGO","CHULA VISTA",-117.08150620000001,32.610206980000001
6778946,2014,2015-01-28,3702,2014-11-29,0946,CV1116,,6,5,6,3702,0,0,0,,0,031,"EAST H ST","PASEO DEL REY",261.00,E,N,A,-,N,,,,,,,,,,N,3,0,1,2,A,-,08,22107,,N,D,G,A,A,H,-,A,A,0,,Y,,,Y,,L,04,0,1,0,0,0,0,1,0,0,"- ","- ",,,"SAN DIEGO","CHULA VISTA",-117.02844161,32.635931749999997
6779046,2014,2015-01-21,3700,2014-10-20,1410,SH5015,,1,5,5,3781,0,0,0,,0,509,"MAST BL","SAINT ANDREWS DR",0.00,,Y,A,-,N,,,,,,,,,,N,3,0,1,2,A,-,09,21801,A,N,D,G,A,A,H,-,A,D,0,,Y,,,Y,,A,01,0,1,0,0,0,0,1,0,0,"- ","- ",,,"SAN DIEGO",SANTEE,-117.00993012000001,32.84964008
6779051,2014,2015-01-21,3700,2014-10-27,0928,SH0059,,1,5,5,3713,0,0,0,,0,304,"NORTH MELROSE DR","WEST LOS ANGELES DR",0.00,,Y,A,-,N,,,,,,,,,,Y,2,0,1,2,A,-,09,21804,A,N,D,G,A,A,H,-,A,A,0,,Y,,,Y,,A,01,1,0,0,0,0,0,1,0,0,"- ","- ",,,"SAN DIEGO",VISTA,-117.25563,33.211530060000001
6779608,2014,2015-02-11,3709,2014-12-22,0532,475,,1,5,5,3709,0,0,0,,0,024,"B AV","E 26TH ST",86.00,N,N,A,-,N,,,,,,,,,,N,3,0,1,2,A,-,11,21954,A,F,G,B,E,A,H,-,C,D,0,Y,,,,Y,Y,N,60,0,1,0,0,1,0,0,0,0,"- ","- ",,,"SAN DIEGO","NATIONAL CITY",-117.09886553,32.661104190000003
6779609,2014,2015-02-11,3709,2014-12-04,1810,461,,4,5,5,3709,0,0,0,,0,020,"E 17TH ST","NATIONAL CITY BL",0.00,,Y,B,-,N,,,,,,,,,,N,3,0,1,2,A,-,05,21650,1,N,H,G,A,A,H,-,C,D,0,,Y,,,Y,,L,04,0,1,0,0,0,0,1,0,0,"- ","- ",,,"SAN DIEGO","NATIONAL CITY",-117.10388,32.668020089999999
6779611,2014,2015-02-10,3709,2014-12-27,1633,457,SOUTH,6,5,5,3709,0,0,0,,0,024,"F AV","E 19TH ST",122.00,S,N,A,-,N,,,,,,,,,,Y,3,0,1,3,A,-,05,21202,A,N,D,G,A,A,H,-,A,D,0,,Y,,,Y,,L,04,0,1,0,0,0,0,1,0,0,"- ","- ",,,"SAN DIEGO","NATIONAL CITY",-117.09695463,32.667773089999997
6779612,2014,2015-04-25,3709,2014-12-28,1510,457,SOUTH,7,5,5,3709,0,0,0,,0,024,"HIGHLAND AV","E 21ST ST",23.00,S,N,A,-,N,,,,,,,,,,N,1,1,0,2,A,-,11,21955,,N,G,B,D,A,H,-,A,A,0,Y,,,,Y,Y,N,60,0,0,0,1,0,0,0,0,0,"- ","- ",,,"SAN DIEGO","NATIONAL CITY",-117.09430756,32.666819930000003
6780462,2014,2015-01-21,3705,2014-10-15,1831,EC0163,,3,5,5,3705,0,0,0,,0,009,MOLLISON,MAIN,25.00,N,N,A,-,N,,,,,,,,,,N,3,0,2,3,A,-,11,21954,A,N,G,B,B,A,H,-,C,A,0,Y,,,,Y,,N,60,0,1,1,0,2,0,0,0,0,"- ","- ",,,"SAN DIEGO","EL CAJON",-116.95098048,32.795018460000001
6780526,2014,2015-01-26,3705,2014-11-06,0903,EC0304,,4,5,5,3705,0,0,0,,0,010,BROADWAY,"GRAVES AV",0.00,,Y,A,-,N,,,,,,,,,,N,3,0,1,2,A,-,12,21453,A,N,D,G,A,A,H,-,A,A,0,,Y,,,Y,,L,04,0,1,0,0,0,0,1,0,0,"- ","- ",,,"SAN DIEGO","EL CAJON",-116.96039008,32.807780049999998
6780530,2014,2015-01-26,3705,2014-11-06,1551,EC0304,,4,5,5,3705,0,0,0,,0,010,"ALLEY WEST OF LINCOLN AV","LINCOLN AV 100",0.00,,N,A,-,N,,,,,,,,,,N,4,0,1,2,A,-,05,21650,1,F,B,G,A,A,H,-,A,D,0,,Y,,,Y,Y,L,04,0,0,1,0,0,0,1,0,0,"- ","- ",,,"SAN DIEGO","EL CAJON",,
6780716,2015,2016-10-19,9645,2015-01-01,0230,20479,,4,3,7,3711,0,1,1,,2,027,"RT 15","FRIARS RD",95.00,N,N,A,-,Y,SD,11,15,-,R,6.980,H,-,S,N,4,0,1,2,A,-,11,21954,A,N,G,B,E,A,H,-,C,D,1,Y,,,,Y,Y,N,60,0,0,1,0,1,0,0,0,0,TO,"- ",32.790950000000002,-117.11319,"SAN DIEGO","SAN DIEGO",-117.1131991,32.790723229999998
6780848,2014,2016-05-21,3700,2014-07-27,1605,SH2497,,7,5,5,3712,0,0,0,,0,357,"NORTH TWIN OAKS VALLEY DR","RT 78",0.00,,Y,A,-,Y,SD,11,78,-,-,13.153,R,1,W,N,4,0,1,2,A,-,17,21451,A,N,D,G,A,A,-,-,A,A,0,,Y,,,Y,,A,07,0,0,1,0,0,0,1,0,0,"- ",WF,,,"SAN DIEGO","SAN MARCOS",-117.15945967,33.137737809999997
6780869,2014,2015-01-29,3711,2014-10-25,1142,7197,,6,5,7,3711,0,0,0,,0,831,UNIVERSITY,"UNIVERSITY 4300",0.00,,N,A,-,N,,,,,,,,,,N,4,0,1,2,A,-,08,22100,,F,G,B,F,A,H,-,A,A,0,Y,,,,Y,,-,,0,0,1,0,1,0,0,0,0,"- ","- ",,,"SAN DIEGO","SAN DIEGO",-117.10145831,32.749602240000002
6781103,2014,2015-02-10,3711,2014-12-08,1515,5876,WESTE,1,5,7,3711,0,0,0,,0,611,"ROSECRANS ST","ROSECRANS ST 3350",0.00,,Y,A,-,N,,,,,,,,,,N,3,0,1,2,A,-,09,21804,A,N,-,G,A,A,H,-,A,A,0,,Y,,,Y,Y,L,04,0,1,0,0,0,0,1,0,0,"- ","- ",,,"SAN DIEGO","SAN DIEGO",-117.20689951999999,32.748877360000002
6781324,2015,2015-02-19,3711,2015-01-14,1830,4523,,3,5,7,3711,0,0,0,,0,111,"DERRICK DR","BALBOA ARMS DR",0.00,,Y,A,-,N,,,,,,,,,,N,3,0,1,2,A,-,09,21801,A,N,D,G,A,-,H,-,C,D,0,,Y,,,Y,,-,,0,1,0,0,0,0,1,0,0,"- ","- ",,,"SAN DIEGO","SAN DIEGO",-117.18302005,32.824000040000001
6781346,2015,2015-02-18,3711,2015-01-14,1710,4507,,3,5,7,3711,0,0,0,,0,124,"LA JOLLA MESA DR","BAJA MAR",6.00,N,N,A,-,N,,,,,,,,,,N,3,0,1,2,A,-,08,22107,,N,B,G,A,A,H,-,B,D,0,,Y,,,Y,,-,,0,1,0,0,0,0,1,0,0,"- ","- ",,,"SAN DIEGO","SAN DIEGO",-117.25939522,32.818660690000002
6781718,2015,2015-02-23,3706,2015-01-13,0708,ES0264,,2,5,6,3706,0,0,0,,0,041,BROADWAY,"ESCUELA GL",110.00,N,N,A,-,N,,,,,,,,,,N,3,0,1,2,A,-,05,21650,1,N,D,G,A,A,H,-,A,D,0,,Y,,,Y,,L,04,0,1,0,0,0,0,1,0,0,"- ","- ",,,"SAN DIEGO",ESCONDIDO,-117.09045678,33.145921549999997
6781736,2015,2015-02-24,3711,2015-01-14,0751,5628,,3,5,7,3711,0,0,0,,0,315,"CAMINO DE LA REINA","PARK IN THE VALLEY DRIVEWAY",0.00,,Y,A,-,N,,,,,,,,,,N,4,0,1,2,A,-,09,21453,B,N,D,G,A,A,H,-,A,A,0,,Y,,Y,Y,,G,25,0,0,1,0,0,0,1,0,0,"- ","- ",,,"SAN DIEGO","SAN DIEGO",,
6781816,2015,2015-02-20,3710,2015-01-07,1200,OC0658,,3,5,6,3710,0,0,0,,0,018,DOUGLAS,"OLD RIVER",0.00,,Y,A,-,N,,,,,,,,,,N,4,0,1,2,D,-,00,,,N,D,B,B,A,H,-,A,A,0,Y,,,,Y,,-,"- ",0,0,1,0,1,0,0,0,0,"- ","- ",,,"SAN DIEGO",OCEANSIDE,-117.32261010000001,33.241730089999997
6781828,2015,2015-02-20,3706,2015-01-13,1610,ES0412,,2,5,6,3706,0,0,0,,0,055,"VALLEY PKWY","CENTRE CITY PKWY",0.00,,Y,A,-,N,,,,,,,,,,N,3,0,1,2,A,-,05,21650,1,N,A,G,A,A,H,-,A,A,0,,Y,,,Y,,L,04,0,1,0,0,0,0,1,0,0,"- ","- ",,,"SAN DIEGO",ESCONDIDO,-117.08737010999999,33.119960050000003
6781914,2014,2015-01-23,3705,2014-10-23,1540,EC0304,,4,5,5,3705,0,0,0,,0,009,"N MOLLISON AV","EAST PARK AV",18.00,N,N,A,-,N,,,,,,,,,,N,4,0,1,2,A,-,10,21950,A,N,G,B,B,A,H,-,A,A,0,Y,,,,Y,,A,07,0,0,1,0,1,0,0,0,0,"- ","- ",,,"SAN DIEGO","EL CAJON",-116.95097975,32.798249300000002
6782192,2015,2015-02-20,9680,2015-01-04,1754,20343,,7,2,9,3700,0,3,5,,2,002,"PORTOLA AV","BIRCH ST",0.00,,Y,A,-,N,,,,,,,,,,N,4,0,1,2,A,-,12,22450,A,N,H,G,A,A,H,-,D,A,0,,Y,,,Y,,L,04,0,0,1,0,0,0,1,0,0,"- ","- ",32.71649,-116.98934,"SAN DIEGO",UNINCORPORATED,-116.98931007,32.716570040000001
6782237,2015,2015-02-18,3711,2015-01-02,2048,4849,,5,5,7,3711,0,0,0,,0,528,"COLUMBIA ST","HAWTHORN ST",0.00,,Y,A,-,N,,,,,,,,,,N,3,0,1,2,A,-,10,21950,A,N,G,B,B,A,H,-,C,A,0,Y,,,,Y,,-,,0,1,0,0,1,0,0,0,0,"- ","- ",,,"SAN DIEGO","SAN DIEGO",-117.16864006,32.7266701
6782386,2015,2015-02-24,3711,2015-01-03,1735,7042,,6,5,7,3711,0,0,0,,0,624,"PARK BL",HOWARD,48.00,N,N,A,-,N,,,,,,,,,,N,3,0,4,5,A,-,08,22107,,N,G,B,F,A,H,-,C,D,0,Y,,,,Y,,-,,0,2,2,0,2,0,0,0,0,"- ","- ",,,"SAN DIEGO","SAN DIEGO",-117.14642000000001,32.754161490000001
6782392,2015,2015-02-19,3711,2015-01-03,2013,4051,,6,5,7,3711,0,0,0,,0,824,"47TH ST","MEADE AV",147.00,S,N,A,-,N,,,,,,,,,,N,4,0,1,2,A,-,14,21201,D,N,H,G,A,A,H,-,C,D,0,,Y,,,Y,,L,04,0,0,1,0,0,0,1,0,0,"- ","- ",,,"SAN DIEGO","SAN DIEGO",-117.09294543999999,32.756557370000003
6782495,2014,2015-02-09,9650,2014-12-28,0220,015868,,7,3,5,3782,0,1,1,,2,007,"RT 5","REQUEZA ST",220.00,N,N,A,-,Y,,,5,,,,,,,Y,2,0,1,3,A,-,01,23152,A,N,G,B,E,A,H,-,D,D,0,Y,,,Y,Y,Y,A,01,1,0,0,0,1,0,0,0,0,"- ","- ",33.043750000000003,-117.28561000000001,"SAN DIEGO",ENCINITAS,-117.28569220999999,33.043725479999999
6782772,2015,2015-02-20,3706,2015-01-07,1255,3S0342,,3,5,6,3706,0,0,0,,0,045,"MISSION AV","ROCK SPRINGS RD",0.00,,Y,A,-,N,,,,,,,,,,N,3,0,1,2,A,-,11,21456,B,N,G,B,B,A,H,-,A,A,0,Y,,,,Y,,N,60,0,1,0,0,1,0,0,0,0,"- ","- ",,,"SAN DIEGO",ESCONDIDO,-117.09745006,33.126570049999998
6782774,2015,2015-02-20,3706,2015-01-02,1909,ES0393,,5,5,6,3706,0,0,0,,0,051,"SUNSET DR","OLIVIA GLEN",0.00,,Y,A,-,N,,,,,,,,,,Y,3,0,2,2,A,-,11,21954,A,N,G,B,D,A,H,-,C,D,0,Y,,,,Y,Y,N,60,0,2,0,0,1,0,0,0,0,"- ","- ",,,"SAN DIEGO",ESCONDIDO,-117.06973012,33.100870010000001
6783363,2015,2015-03-18,3711,2015-02-12,1213,6702,,4,5,7,3711,0,0,0,,0,712,"BEYER BL","WEST PARK",0.00,,Y,A,F,N,,,,,,,,,,N,2,0,1,2,A,-,11,21954,A,N,G,B,E,A,H,-,A,A,0,Y,,,,Y,,N,60,1,0,0,0,1,0,0,0,0,"- ","- ",,,"SAN DIEGO","SAN DIEGO",-117.04454,32.558320019999996
6784136,2015,2015-04-29,3711,2015-01-06,1825,3661,TRAFF,2,5,7,3711,0,0,0,,0,111,"BALBOA AV","MOUNT RIAS PL",217.00,W,N,A,-,N,,,,,,,,,,N,3,0,1,2,A,-,11,21954,A,N,G,B,E,A,H,-,D,D,0,Y,,,,Y,,N,60,0,1,0,0,1,0,0,0,0,"- ","- ",,,"SAN DIEGO","SAN DIEGO",-117.17414399,32.820375220000003
6784144,2015,2015-02-18,3711,2015-01-06,1600,7157,SANDI,2,5,7,3711,0,0,0,,0,441,"IMPERIAL AV","S 36TH",0.00,,Y,A,-,N,,,,,,,,,,N,4,0,1,2,A,-,10,21950,A,N,-,B,B,A,H,-,A,A,0,Y,,,,Y,,-,,0,0,1,0,1,0,0,0,0,"- ","- ",,,"SAN DIEGO","SAN DIEGO",-117.1168201,32.704830080000001
6784148,2015,2016-04-07,3711,2015-01-07,0805,6776,SANDI,3,5,7,3711,0,0,0,,0,822,"EL CAJON BL","DAYTON ST",24.00,E,N,A,-,N,,,,,,,,,,N,4,0,1,2,A,-,03,22350,,N,G,B,D,A,H,-,A,A,0,Y,,,,Y,,-,,0,0,1,0,1,0,0,0,0,"- ","- ",,,"SAN DIEGO","SAN DIEGO",-117.07734332,32.758131120000002
6784156,2015,2015-02-18,3711,2015-01-03,0949,5678,SANDI,6,5,7,3711,0,0,0,,0,447,"47TH ST","A ST",50.00,N,N,A,-,N,,,,,,,,,,N,3,0,1,2,A,-,11,21950,B,N,G,B,D,A,H,-,A,D,0,Y,,,,Y,Y,N,60,0,1,0,0,1,0,0,0,0,"- ","- ",,,"SAN DIEGO","SAN DIEGO",-117.09355796,32.718886949999998
6784173,2015,2015-02-23,3711,2015-01-05,1548,5417,,1,5,7,3711,0,0,0,,0,243,"CAMINO RUIZ","MIRALANI DR",0.00,,Y,A,-,N,,,,,,,,,,N,3,0,1,2,A,-,12,21453,A,N,D,G,A,A,H,-,A,A,0,,Y,,,Y,,L,04,0,1,0,0,0,0,1,0,0,"- ","- ",,,"SAN DIEGO","SAN DIEGO",-117.13637005,32.896770050000001
6785303,2015,2015-02-19,3711,2015-01-08,2004,6483,,4,5,7,3711,0,0,0,,0,824,"EL CAJON BL","47TH ST",0.00,,Y,A,-,N,,,,,,,,,,N,3,0,1,2,A,-,09,21801,A,N,D,G,A,A,H,-,C,A,0,,Y,,,Y,,-,,0,1,0,0,0,0,1,0,0,"- ","- ",,,"SAN DIEGO","SAN DIEGO",-117.09327001,32.755910030000003
6785307,2015,2015-03-02,3711,2015-01-09,1750,7164,,5,5,7,3711,0,0,0,,0,312,"SANTO RD","SANTO RD 5900",70.00,W,N,A,-,N,,,,,,,,,,N,4,0,1,2,A,-,08,22107,,N,G,B,D,A,H,-,C,D,0,Y,,,,Y,,-,,0,0,1,0,1,0,0,0,0,"- ","- ",,,"SAN DIEGO","SAN DIEGO",,
6785315,2015,2015-02-19,3711,2015-01-09,1930,7160,,5,5,7,3711,0,0,0,,0,437,"ALTA VIEW DR","S WOODMAN",450.00,E,N,A,-,N,,,,,,,,,,N,3,0,1,2,A,-,21,22106,,M,G,B,F,A,H,-,C,D,0,Y,,,,Y,,-,,0,1,0,0,1,0,0,0,0,"- ","- ",,,"SAN DIEGO","SAN DIEGO",-117.03883075,32.676030130000001
6785319,2015,2015-02-19,3711,2015-01-04,1138,6994,,7,5,7,3711,0,0,0,,0,441,"NATIONAL AV","S 40TH ST",219.00,E,N,A,-,N,,,,,,,,,,N,3,0,1,2,A,-,05,21650,1,N,G,B,A,A,H,-,A,D,0,,Y,,,Y,,L,04,0,1,0,0,0,0,1,0,0,"- ","- ",,,"SAN DIEGO","SAN DIEGO",-117.10745057,32.696072569999998
6785429,2015,2015-02-18,3711,2015-01-01,1654,7216,,4,5,7,3711,0,0,0,,0,113,"CLAIREMONT DR","CHIPPEWA CT",82.00,S,N,A,-,N,,,,,,,,,,N,3,0,1,2,A,-,09,21804,A,N,G,B,D,A,H,-,B,D,0,Y,,,,Y,,-,,0,1,0,0,1,0,0,0,0,"- ","- ",,,"SAN DIEGO","SAN DIEGO",-117.20104375,32.813412489999997
6785433,2015,2016-04-07,3711,2015-01-01,1737,,112,4,5,7,3711,0,0,0,,0,112,"GENESEE AV","MOUNT HERBERT AV",51.00,S,N,B,-,N,,,,,,,,,,N,3,0,1,2,A,-,11,21955,,M,G,B,D,A,H,-,C,A,0,Y,,,,Y,,-,"- ",0,1,0,0,1,0,0,0,0,"- ","- ",,,"SAN DIEGO","SAN DIEGO",-117.1904948,32.826342990000001
6785495,2015,2015-02-20,3709,2015-01-04,1123,418,,7,5,5,3709,0,0,0,,0,021,"HIGHLAND AV","E 14TH ST",191.00,N,N,A,-,N,,,,,,,,,,N,4,0,1,2,A,-,10,21950,A,N,G,B,C,A,H,-,A,D,0,Y,,,,Y,,A,01,0,0,1,0,1,0,0,0,0,"- ","- ",,,"SAN DIEGO","NATIONAL CITY",-117.0969637,32.673436870000003
6786043,2014,2015-02-17,3711,2014-12-31,2020,4884,SDPD,3,5,7,3711,0,0,0,,0,232,"HIGHLAND RANCH RD","WORLD TRADE DR",12.00,E,N,A,-,N,,,,,,,,,,N,4,0,1,2,A,-,09,21804,A,N,B,B,B,A,H,-,C,A,0,Y,,,,Y,,-,,0,0,1,0,1,0,0,0,0,"- ","- ",,,"SAN DIEGO","SAN DIEGO",-117.0740855,32.982134670000001
6786070,2014,2015-02-17,3711,2014-12-25,1345,7154,,4,5,7,3711,0,0,0,,0,614,"LONG BRANCH AV","BACON ST",15.00,E,N,A,-,N,,,,,,,,,,N,4,0,1,2,A,-,10,21950,A,N,G,B,D,A,H,-,A,D,0,Y,,,,Y,,-,,0,0,1,0,1,0,0,0,0,"- ","- ",,,"SAN DIEGO","SAN DIEGO",-117.24759041999999,32.750776119999998
6786075,2014,2015-02-18,3711,2014-12-30,0815,6930,,2,5,7,3711,0,0,0,,0,,"PACIFIC HWY","WEST BROADWAY",280.00,N,N,A,-,N,,,,,,,,,,N,3,0,1,2,A,-,08,22107,,N,H,G,A,A,H,-,A,D,0,,Y,,,Y,,-,"- ",0,1,0,0,0,0,1,0,0,"- ","- ",,,"SAN DIEGO","SAN DIEGO",-117.17104999999999,32.71655672
6787037,2014,2015-02-11,3700,2014-12-28,2230,SH6639,,7,5,5,3713,0,0,0,,0,305,"NORTH SANTA FE AV","EAST DR",563.00,N,N,A,-,N,,,,,,,,,,N,3,0,1,2,A,-,11,21954,A,F,G,B,D,A,H,-,C,D,0,Y,,,,Y,Y,N,60,0,1,0,0,1,0,0,0,0,"- ","- ",,,"SAN DIEGO",VISTA,-117.24495106000001,33.21556236