CASE_ID,ACCIDENT_YEAR,PROC_DATE,JURIS,COLLISION_DATE,COLLISION_TIME,OFFICER_ID,REPORTING_DISTRICT,DAY_OF_WEEK,CHP_SHIFT,POPULATION,CNTY_CITY_LOC,SPECIAL_COND,BEAT_TYPE,CHP_BEAT_TYPE,CITY_DIVISION_LAPD,CHP_BEAT_CLASS,BEAT_NUMBER,PRIMARY_RD,SECONDARY_RD,DISTANCE,DIRECTION,INTERSECTION,WEATHER_1,WEATHER_2,STATE_HWY_IND,CALTRANS_COUNTY,CALTRANS_DISTRICT,STATE_ROUTE,ROUTE_SUFFIX,POSTMILE_PREFIX,POSTMILE,LOCATION_TYPE,RAMP_INTERSECTION,SIDE_OF_HWY,TOW_AWAY,COLLISION_SEVERITY,NUMBER_KILLED,NUMBER_INJURED,PARTY_COUNT,PRIMARY_COLL_FACTOR,PCF_CODE_OF_VIOL,PCF_VIOL_CATEGORY,PCF_VIOLATION,PCF_VIOL_SUBSECTION,HIT_AND_RUN,TYPE_OF_COLLISION,MVIW,PED_ACTION,ROAD_SURFACE,ROAD_COND_1,ROAD_COND_2,LIGHTING,CONTROL_DEVICE,CHP_ROAD_TYPE,PEDESTRIAN_ACCIDENT,BICYCLE_ACCIDENT,MOTORCYCLE_ACCIDENT,TRUCK_ACCIDENT,NOT_PRIVATE_PROPERTY,ALCOHOL_INVOLVED,STWD_VEHTYPE_AT_FAULT,CHP_VEHTYPE_AT_FAULT,COUNT_SEVERE_INJ,COUNT_VISIBLE_INJ,COUNT_COMPLAINT_PAIN,COUNT_PED_KILLED,COUNT_PED_INJURED,COUNT_BICYCLIST_KILLED,COUNT_BICYCLIST_INJURED,COUNT_MC_KILLED,COUNT_MC_INJURED,PRIMARY_RAMP,SECONDARY_RAMP,LATITUDE,LONGITUDE,COUNTY,CITY,POINT_X,POINT_Y
6887740,2015,2015-04-27,3711,2015-04-10,1815,7254,,5,5,7,3711,0,0,0,,0,613,"WEST POINT LOMA BL","WEST POINT LOMA BL 4358",0.00,,Y,B,-,N,,,,,,,,,,N,3,0,1,2,A,-,08,22107,,N,D,G,A,A,H,-,B,-,0,,Y,,,Y,,L,04,0,1,0,0,0,0,1,0,0,"- ","- ",,,"SAN DIEGO","SAN DIEGO",-117.23082036,32.752456600000002
6887743,2015,2016-06-06,3711,2015-04-07,1630,7238,,2,5,7,3711,0,0,0,,0,613,"WEST POINT LOMA",NIMITZ,93.00,W,N,A,-,N,,,,,,,,,,N,4,0,1,2,A,-,10,21952,,M,G,B,F,A,H,-,A,A,0,Y,,,,Y,,-,,0,0,1,0,1,0,0,0,0,"- ","- ",,,"SAN DIEGO","SAN DIEGO",-117.23640772,32.751163839999997
6887745,2015,2015-04-27,3711,2015-04-09,2008,5985,,4,5,7,3711,0,0,0,,0,451,"COLLEGE AV","STREAMVIEW DR",0.00,,Y,A,-,N,,,,,,,,,,N,2,0,2,2,A,-,11,21950,B,N,G,B,B,A,H,-,C,A,0,Y,,,,Y,,N,60,1,1,0,0,1,0,0,0,0,"- ","- ",,,"SAN DIEGO","SAN DIEGO",-117.05877009,32.745510070000002
6888654,2015,2015-05-04,3702,2015-01-24,2117,CV0604,,6,5,6,3702,0,0,0,,0,013,"4TH AV","J ST",2.00,N,N,A,-,N,,,,,,,,,,Y,2,0,1,2,A,-,09,21801,A,N,B,G,A,A,H,-,C,A,0,,Y,,,Y,,A,01,1,0,0,0,0,0,1,0,0,"- ","- ",,,"SAN DIEGO","CHULA VISTA",-117.07858217,32.626335159999996
6888723,2015,2015-05-02,3700,2015-02-23,1722,SH7552,,1,5,4,3707,0,0,0,,0,702,"10TH ST","PALM AV",0.00,,Y,A,-,N,,,,,,,,,,N,4,0,1,2,A,-,05,21650,1,N,D,G,A,A,H,-,A,A,0,,Y,,,Y,,L,04,0,0,1,0,0,0,1,0,0,"- ","- ",,,"SAN DIEGO","IMPERIAL BEACH",-117.11183008,32.583970110000003
6888727,2015,2015-05-02,3700,2015-02-28,1710,SH7366,,6,5,4,3707,0,0,0,,0,702,"PALM AV","13TH ST",0.00,E,N,A,-,N,,,,,,,,,,Y,3,0,1,2,A,-,"- ",,,N,B,G,A,A,H,-,A,D,0,,Y,,,Y,,A,08,0,1,0,0,0,0,1,0,0,"- ","- ",,,"SAN DIEGO","IMPERIAL BEACH",-117.10569441,32.583792819999999
6888735,2015,2015-05-02,3700,2015-02-08,1524,SH7552,,7,5,4,3707,0,0,0,,0,706,"SEACOAST DR","PALM AV",0.00,,Y,A,-,N,,,,,,,,,,N,3,0,1,2,A,-,10,21954,B,N,A,B,B,A,H,-,A,A,0,Y,,,,Y,,A,01,0,1,0,0,1,0,0,0,0,"- ","- ",,,"SAN DIEGO","IMPERIAL BEACH",-117.13172003,32.583950029999997
6888787,2015,2015-05-02,3700,2015-02-04,1848,SH7552,,3,5,4,3707,0,0,0,,0,710,"FLORIDA ST","IMPERIAL BEACH BL",0.00,,Y,A,-,N,,,,,,,,,,N,4,0,1,2,A,-,10,21954,B,F,A,B,C,A,H,-,C,A,0,Y,,,,Y,,-,,0,0,1,0,1,0,0,0,0,"- ","- ",,,"SAN DIEGO","IMPERIAL BEACH",-117.10939012999999,32.576540020000003
6889298,2015,2015-04-24,3706,2015-03-30,1316,ES1603,,1,5,6,3706,0,0,0,,0,045,"ROCK SPRINGS RD","ROCK SPRINGS RD 611",0.00,,Y,A,-,N,,,,,,,,,,N,3,0,1,2,A,-,08,22107,,N,D,G,A,A,H,-,A,D,0,,Y,,,Y,,L,04,0,1,0,0,0,0,1,0,0,"- ","- ",,,"SAN DIEGO",ESCONDIDO,-117.09624410000001,33.123759819999997
6889310,2015,2015-04-24,3706,2015-03-27,1649,ES0439,,5,5,6,3706,0,0,0,,0,054,"BEAR VALLEY PKWY","MIDWAY DR",0.00,,Y,A,-,N,,,,,,,,,,N,3,0,1,2,A,-,05,21650,1,N,D,G,A,A,H,-,D,A,0,,Y,,,Y,,L,04,0,1,0,0,0,0,1,0,0,"- ","- ",,,"SAN DIEGO",ESCONDIDO,-117.04553000999999,33.128870020000001
6889431,2015,2015-04-25,3706,2015-04-06,1804,ES0438,,1,5,6,3706,0,0,0,,0,054,"GREENVIEW ST","CHERRY PL",190.00,S,N,A,-,N,,,,,,,,,,N,2,0,1,2,A,-,11,21954,A,N,G,B,E,A,H,-,A,D,0,Y,,,,Y,,N,60,1,0,0,0,1,0,0,0,0,"- ","- ",,,"SAN DIEGO",ESCONDIDO,-117.05659805000001,33.132251220000001
6889914,2015,2015-05-04,3706,2015-03-21,1710,ES0342,,6,5,6,3706,0,0,0,,0,052,"2ND AV","FIG ST",0.00,,Y,A,-,N,,,,,,,,,,N,4,0,1,2,A,-,11,21954,A,M,D,B,C,A,-,-,A,A,0,Y,,,,Y,Y,N,60,0,0,1,0,1,0,0,0,0,"- ","- ",,,"SAN DIEGO",ESCONDIDO,-117.07243013999999,33.123920009999999
6890746,2015,2015-05-07,3702,2015-03-12,1748,CV1087,,4,5,6,3702,0,0,0,,0,024,"MAIN ST","HILLTOP DR",342.00,W,N,A,-,N,,,,,,,,,,N,4,0,1,2,A,-,03,22350,,N,G,B,F,A,H,-,A,D,0,Y,,,,Y,,D,22,0,0,1,0,1,0,0,0,0,"- ","- ",,,"SAN DIEGO","CHULA VISTA",-117.05264656,32.594715129999997
6891049,2015,2015-04-27,3702,2015-03-30,2230,CV1079,,1,5,6,3702,0,0,0,,0,012,"I ST",BROADWAY,70.00,E,N,A,-,N,,,,,,,,,,N,3,0,1,2,A,-,09,21804,A,N,G,B,B,A,H,-,A,D,0,Y,,,,Y,,A,01,0,1,0,0,1,0,0,0,0,"- ","- ",,,"SAN DIEGO","CHULA VISTA",-117.08789516,32.627550929999998
6891078,2015,2015-04-27,3702,2015-03-16,1720,CV1105,,1,5,6,3702,0,0,0,,0,022,"HILLTOP DR","HILLTOP CT",0.00,,Y,A,-,N,,,,,,,,,,N,4,0,2,2,A,-,05,21650,,N,G,B,A,A,H,-,B,D,0,,Y,,,Y,,L,04,0,0,2,0,0,0,1,0,0,"- ","- ",,,"SAN DIEGO","CHULA VISTA",-117.05732012999999,32.618270080000002
6891082,2015,2015-04-27,3702,2015-03-06,1805,CV0912,,5,5,6,3702,0,0,0,,0,021,"PALOMAR ST",BROADWAY,850.00,W,N,A,-,N,,,,,,,,,,N,3,0,1,2,A,-,17,21208,B,N,B,G,A,A,H,-,C,A,0,,Y,,,Y,,L,04,0,1,0,0,0,0,1,0,0,"- ","- ",,,"SAN DIEGO","CHULA VISTA",-117.08149296000001,32.603585440000003
6891086,2015,2015-04-27,3702,2015-03-12,1431,CV1141,,4,5,6,3702,0,0,0,,0,031,"BONITA RD","ALLEN SCHOOL RD",390.00,W,N,A,-,N,,,,,,,,,,N,2,0,1,2,A,-,17,22517,,N,G,G,A,A,H,-,A,A,0,,Y,,,Y,,A,01,1,0,0,0,0,0,1,0,0,"- ","- ",,,"SAN DIEGO","CHULA VISTA",-117.03761029,32.659894469999998
6891102,2015,2015-04-27,3702,2015-03-18,0710,CV0506,,3,5,6,3702,0,0,0,,0,032,"KUHN DR","MILLER DR",6.00,S,N,A,-,N,,,,,,,,,,N,3,0,1,2,A,-,05,21650,,N,D,G,A,A,H,-,A,A,0,,Y,,,Y,,L,04,0,1,0,0,0,0,1,0,0,"- ","- ",,,"SAN DIEGO","CHULA VISTA",-116.96788336,32.653631519999998
6892534,2015,2016-10-12,3708,2015-03-24,2012,LM1201,,2,5,5,3708,0,0,0,,0,002,"JACKSON DR","MURRAY DR",0.00,,Y,A,-,Y,SD,11,8,-,-,11.605,R,4,W,N,3,0,1,2,A,-,12,21453,A,N,D,G,A,A,H,-,B,A,0,,Y,,,Y,,L,04,0,1,0,0,0,0,1,0,0,"- ","- ",,,"SAN DIEGO","LA MESA",-117.01379833999999,32.774079880000002
6893225,2015,2015-05-01,3700,2015-03-28,1051,SH7552,,6,5,4,3707,0,0,0,,0,703,"PALM AV","4TH ST",0.00,,Y,A,-,N,,,,,,,,,,N,4,0,1,2,A,-,09,21802,A,N,A,G,A,A,H,-,A,A,0,,Y,,,Y,,A,01,0,0,1,0,0,0,1,0,0,"- ","- ",,,"SAN DIEGO","IMPERIAL BEACH",-117.12526993,32.58393006
6893639,2015,2015-05-21,3706,2015-04-16,1633,ES0406,,4,5,6,3706,0,0,0,,0,042,"MISSION AV","FIG ST",17.00,W,N,A,-,N,,,,,,,,,,Y,3,0,1,2,A,-,01,23153,A,N,G,B,B,A,H,-,A,A,0,Y,,,,Y,Y,D,22,0,1,0,0,1,0,0,0,0,"- ","- ",,,"SAN DIEGO",ESCONDIDO,-117.07731145,33.132862850000002
6893675,2015,2015-05-19,3710,2015-03-23,1946,OC1093,,1,5,6,3710,0,0,0,,0,006,"SURFRIDER WY","N CLEVELAND ST",0.00,,Y,A,-,N,,,,,,,,,,N,3,0,1,2,A,-,10,21950,A,F,G,B,B,A,H,-,C,A,0,Y,,,,Y,Y,D,22,0,1,0,0,1,0,0,0,0,"- ","- ",,,"SAN DIEGO",OCEANSIDE,-117.38396007,33.198360059999999
6894555,2015,2015-05-11,3711,2015-04-16,1814,6866,,4,5,7,3711,0,0,0,,0,121,"MISSION BL","BRIGHTON CT",44.00,S,N,A,-,N,,,,,,,,,,N,3,0,1,2,A,-,17,22517,,N,-,G,A,A,H,-,A,D,0,,Y,,,Y,,-,,0,1,0,0,0,0,1,0,0,"- ","- ",,,"SAN DIEGO","SAN DIEGO",-117.25108761,32.7629126
6894561,2015,2015-05-22,3710,2015-04-12,0246,OC1412,,7,5,6,3710,0,0,0,,0,032,MESA,"RANCHO DEL ORO",0.00,,Y,A,-,N,,,,,,,,,,N,3,0,1,2,A,-,12,21453,A,N,D,G,A,A,H,-,C,A,0,,Y,,,Y,,L,04,0,1,0,0,0,0,1,0,0,"- ","- ",,,"SAN DIEGO",OCEANSIDE,-117.31792013,33.214640029999998
6894564,2015,2015-05-09,3711,2015-04-17,1558,6842,,5,5,7,3711,0,0,0,,0,115,"GENESEE AV","GOVERNOR DR",470.00,N,N,A,-,N,,,,,,,,,,Y,3,0,1,2,A,-,11,21950,B,N,G,B,D,A,H,-,A,A,0,Y,,,,Y,,N,60,0,1,0,0,1,0,0,0,0,"- ","- ",,,"SAN DIEGO","SAN DIEGO",-117.20505761,32.855857389999997
6894571,2015,2015-05-11,3711,2015-04-16,2023,5985,,4,5,7,3711,0,0,0,,0,528,"COLUMBIA ST","WEST GRAPE ST",0.00,,Y,A,-,N,,,,,,,,,,N,3,0,1,2,A,-,10,21950,A,M,G,B,B,A,H,-,C,A,0,Y,,,,Y,,-,99,0,1,0,0,1,0,0,0,0,"- ","- ",,,"SAN DIEGO","SAN DIEGO",-117.16818000000001,32.725680079999997
6894588,2015,2015-05-09,3711,2015-04-16,0705,7008,SANDI,4,5,7,3711,0,0,0,,0,838,"ORANGE AV","CHEROKEE AV",0.00,,Y,-,-,N,,,,,,,,,,N,4,0,1,2,A,-,09,21801,A,N,A,G,A,A,H,-,A,A,0,,Y,,,Y,,-,,0,0,1,0,0,0,1,0,0,"- ","- ",,,"SAN DIEGO","SAN DIEGO",-117.11475007,32.753270110000003
6894598,2015,2015-05-22,3711,2015-04-15,1549,4892,,3,5,7,3711,0,0,0,,0,613,"VOLTAIRE ST","CATALINA BL",27.00,E,N,A,-,N,,,,,,,,,,N,3,0,1,2,A,-,11,21955,,N,G,B,D,A,H,-,A,D,0,Y,,,,Y,,N,60,0,1,0,0,1,0,0,0,0,"- ","- ",,,"SAN DIEGO","SAN DIEGO",-117.23474028,32.743685280000001
6894611,2015,2016-06-06,3711,2015-04-02,0538,7067,,4,5,7,3711,0,0,0,,0,627,"5TH AV","WASHINGTON ST",130.00,S,N,A,-,N,,,,,,,,,,N,4,0,1,2,A,-,11,21955,,N,G,B,D,A,H,-,C,A,0,Y,,,,Y,,N,60,0,0,1,0,1,0,0,0,0,"- ","- ",,,"SAN DIEGO","SAN DIEGO",-117.16083,32.749870000000001
6894623,2015,2015-05-15,3711,2015-04-18,1804,3696,,6,5,7,3711,0,0,0,,0,124,"PEARL ST","BISHOPS LN",0.00,,Y,-,-,N,,,,,,,,,,N,3,0,1,2,A,-,09,21804,A,N,D,G,A,-,-,-,-,D,0,,Y,,,Y,Y,L,04,0,1,0,0,0,0,1,0,0,"- ","- ",,,"SAN DIEGO","SAN DIEGO",-117.27432001,32.840090070000002
6894628,2015,2015-05-09,3711,2015-04-15,1612,7322,,3,5,7,3711,0,0,0,,0,931,"PORTOFINO DR","DEL MAR HEIGHTS RD",249.00,S,N,A,-,N,,,,,,,,,,N,4,0,1,2,A,-,09,21801,A,N,D,G,A,A,H,-,A,D,0,,Y,,,Y,,-,,0,0,1,0,0,0,1,0,0,"- ","- ",,,"SAN DIEGO","SAN DIEGO",-117.24605045,32.948246939999997
6894630,2015,2015-05-22,3711,2015-04-15,0646,4923,,3,5,7,3711,0,0,0,,0,233,"CARMEL MOUNTAIN RD","PASEO MONTALBAN",0.00,,Y,A,-,N,,,,,,,,,,N,3,0,1,2,A,-,17,21451,A,N,G,B,B,A,H,-,A,A,0,Y,,,,Y,,-,,0,1,0,0,1,0,0,0,0,"- ","- ",,,"SAN DIEGO","SAN DIEGO",-117.11800008,32.962310080000002
6894639,2015,2015-05-11,3711,2015-04-18,1805,7032,,6,5,7,3711,0,0,0,,0,831,"ORANGE AV","CHAMOUNE AV",0.00,,Y,A,-,N,,,,,,,,,,N,4,0,1,2,A,-,03,22350,,N,G,B,D,A,H,-,A,A,0,Y,,,,Y,Y,-,,0,0,1,0,1,0,0,0,0,"- ","- ",,,"SAN DIEGO","SAN DIEGO",-117.09657007,32.753130120000002
6894640,2015,2015-05-09,3711,2015-04-15,1734,6976,SANDI,3,5,7,3711,0,0,0,,0,621,"LINDA VISTA","TAIT ST",300.00,N,N,A,-,N,,,,,,,,,,N,3,0,1,2,A,-,10,21950,A,N,D,G,A,A,H,-,A,D,0,,Y,,,Y,Y,-,,0,1,0,0,0,0,1,0,0,"- ","- ",,,"SAN DIEGO","SAN DIEGO",-117.17260416000001,32.781557509999999
6894649,2015,2015-05-07,3706,2015-04-14,1539,ES0393,,2,5,6,3706,0,0,0,,0,055,"CITRACADO PKWY","VALLEY PKWY",70.00,S,N,A,-,N,,,,,,,,,,N,3,0,1,2,A,-,11,21954,A,N,G,B,E,A,H,-,A,A,0,Y,,,,Y,,N,60,0,1,0,0,1,0,0,0,0,"- ","- ",,,"SAN DIEGO",ESCONDIDO,-117.11058453,33.09765153
6894681,2015,2015-05-07,3706,2015-04-14,2045,ES0402,,2,5,6,3706,0,0,0,,0,052,"FELICITA AV","MAPLE ST",0.00,,Y,A,-,N,,,,,,,,,,N,4,0,1,2,A,-,10,21950,A,F,G,B,D,A,H,-,E,A,0,Y,,,,Y,Y,-,,0,0,1,0,1,0,0,0,0,"- ","- ",,,"SAN DIEGO",ESCONDIDO,-117.0718701,33.10524006
6895242,2015,2016-11-19,9680,2015-06-09,0900,016598,,2,1,9,3700,0,1,3,,1,024,"RT 94","JAMACHA BL",10.00,W,N,B,-,Y,SD,11,94,-,-,14.850,H,-,E,N,4,0,1,2,A,-,08,22100,A,N,C,G,A,A,H,-,A,A,0,,Y,,,Y,,D,22,0,0,1,0,0,0,1,0,0,"- ","- ",32.739089999999997,-116.95177,"SAN DIEGO",UNINCORPORATED,-116.94305614,32.739601479999997
6895717,2015,2016-11-18,3703,2015-04-19,1540,1247,,7,5,3,3703,0,0,0,,0,001,"3RD ST","H AV",0.00,,Y,A,-,Y,SD,11,282,-,-,0.370,I,5,W,N,3,0,1,2,A,-,12,22450,A,N,B,G,A,A,H,-,A,A,0,,Y,,,Y,,L,04,0,1,0,0,0,0,1,0,0,"- ","- ",,,"SAN DIEGO",CORONADO,-117.17959668,32.698256309999998
6895779,2015,2015-05-15,3702,2015-04-06,0725,CV1150,,1,5,6,3702,0,0,0,,0,013,"K ST","ASH AV",14.00,W,N,A,-,N,,,,,,,,,,N,3,0,1,2,A,-,09,21802,A,N,D,G,A,A,H,-,A,D,0,,Y,,,Y,,A,01,0,1,0,0,0,0,1,0,0,"- ","- ",,,"SAN DIEGO","CHULA VISTA",-117.08444291000001,32.620867680000003
6895812,2015,2015-05-15,3702,2015-04-07,1830,CV1086,,2,5,6,3702,0,0,0,,0,012,"ALVARADO ST","DEL MAR AV",15.00,E,N,A,-,N,,,,,,,,,,N,4,0,1,2,A,-,03,22350,,F,G,B,E,A,H,-,A,D,0,Y,,,,Y,,-,99,0,0,1,0,1,0,0,0,0,"- ","- ",,,"SAN DIEGO","CHULA VISTA",-117.07512376,32.636392530000002
6897107,2015,2015-05-18,9680,2015-04-15,1125,15962,,3,1,9,3700,0,3,5,,2,002,"KNOLLVIEW DR","CASA ALTA LN",200.00,N,N,A,-,N,,,,,,,,,,N,3,0,1,2,A,-,06,21750,,N,B,G,A,A,H,-,A,D,0,,Y,,,Y,,L,04,0,1,0,0,0,0,1,0,0,"- ","- ",32.728529999999999,-116.98238000000001,"SAN DIEGO",UNINCORPORATED,-116.98156263,32.72912007
6897305,2015,2015-05-12,3701,2015-04-26,1836,5445,2,7,5,5,3701,0,0,0,,0,001,"CARLSBAD VILLAGE DR","STATE ST",0.00,,Y,A,-,N,,,,,,,,,,N,3,0,1,2,A,-,11,21456,A,N,G,B,E,A,H,-,B,D,0,Y,,,,Y,,N,60,0,1,0,0,1,0,0,0,0,"- ","- ",,,"SAN DIEGO",CARLSBAD,-117.34874004,33.159600060000002
6897317,2015,2015-05-12,3701,2015-04-11,2138,5429,37,6,5,5,3701,0,0,0,,0,002,"CARLSBAD BL","CHERRY AV",8.00,S,N,A,-,N,,,,,,,,,,N,4,0,1,2,A,-,10,21950,A,N,G,B,C,A,H,-,C,A,0,Y,,,,Y,,A,01,0,0,1,0,1,0,0,0,0,"- ","- ",,,"SAN DIEGO",CARLSBAD,-117.34745605000001,33.150241489999999
6897326,2015,2015-05-12,9680,2015-04-14,1940,019870,,2,2,9,3700,0,3,5,,2,002,"FELICITA AV","PIEDMONT ST",0.00,,Y,A,-,N,,,,,,,,,,N,4,0,1,2,A,-,10,21954,B,N,G,B,D,A,H,-,C,A,0,Y,,,,Y,,A,01,0,0,1,0,1,0,0,0,0,"- ","- ",32.71358,-117.00073,"SAN DIEGO",UNINCORPORATED,-117.00076011,32.71347008
6897337,2015,2015-05-12,3701,2015-04-01,1930,5191,19,3,5,5,3701,0,0,0,,0,004,"CARLSBAD VILLAGE DR","VICTORIA AV",1345.00,W,N,A,-,N,,,,,,,,,,N,2,0,1,2,A,-,11,21954,A,N,G,B,E,A,H,-,B,D,0,Y,,,,Y,,N,60,1,0,0,0,1,0,0,0,0,"- ","- ",33.169629999999998,-117.30799,"SAN DIEGO",CARLSBAD,-117.30798523999999,33.169576280000001
6897341,2015,2015-05-12,3701,2015-04-06,0949,5466,,1,5,5,3701,0,0,0,,0,005,"CANNON RD","FARADAY AV",20.00,S,N,A,-,N,,,,,,,,,,,4,0,1,2,A,-,06,21755,A,N,B,G,A,A,D,E,A,A,0,,Y,,,Y,,A,01,0,0,1,0,0,0,1,0,0,"- ","- ",33.134,-117.336,"SAN DIEGO",CARLSBAD,-117.30735982,33.139196640000002
6897724,2015,2015-09-28,3701,2015-04-15,1058,5453,2,3,5,5,3701,0,0,0,,0,001,"GRAND AV","ROOSEVELT ST",0.00,W,N,A,-,N,,,,,,,,,,N,3,0,1,2,A,-,10,21950,A,N,H,B,B,A,H,-,A,A,0,Y,,,,Y,,-,,0,1,0,0,1,0,0,0,0,"- ","- ",,,"SAN DIEGO",CARLSBAD,-117.34855002,33.16124009
6902484,2015,2015-05-12,3711,2015-04-24,0956,6768,,5,5,7,3711,0,0,0,,0,834,"UNIVERSITY AV","FAIRMOUNT AV",50.00,E,N,B,C,N,,,,,,,,,,N,4,0,1,2,A,-,05,21650,1,N,H,G,A,B,H,-,A,D,0,,Y,,,Y,,L,04,0,0,1,0,0,0,1,0,0,"- ","- ",,,"SAN DIEGO","SAN DIEGO",-117.10073812,32.749606739999997
6902524,2015,2015-05-13,3711,2015-04-27,0030,6513,,1,5,7,3711,0,0,0,,0,511,"IMPERIAL AV","24TH ST",56.00,W,N,A,-,N,,,,,,,,,,N,3,0,1,2,A,-,21,22106,,M,G,B,E,A,H,-,C,D,0,Y,,,,Y,Y,-,99,0,1,0,0,1,0,0,0,0,"- ","- ",,,"SAN DIEGO","SAN DIEGO",-117.14261141999999,32.706307629999998
6902543,2015,2015-05-08,3711,2015-01-13,1351,5313,,2,5,7,3711,0,0,0,,0,724,"PALM AV","HOLLISTER ST",0.00,,Y,A,-,N,,,,,,,,,,N,4,0,1,2,A,-,10,21950,A,N,G,B,B,A,G,-,A,A,0,Y,,,,Y,,D,22,0,0,1,0,1,0,0,0,0,"- ","- ",,,"SAN DIEGO","SAN DIEGO",-117.08407006,32.58378003
6902566,2015,2015-05-13,3700,2015-03-12,0713,SH2340,,4,5,4,3780,0,0,0,,0,412,"POWAY RD","MATCH POINT DR",0.00,,Y,A,-,N,,,,,,,,,,N,4,0,1,2,A,-,17,21208,A,N,D,G,A,A,H,-,A,A,0,,Y,,,Y,,L,04,0,0,1,0,0,0,1,0,0,"- ","- ",,,"SAN DIEGO",POWAY,-117.02315000999999,32.958870079999997
6902654,2015,2016-06-06,3711,2015-04-26,1624,6648,,7,5,7,3711,0,0,0,,0,933,"DEL MAR HEIGHTS RD","CREST WY",0.00,,Y,A,-,N,,,,,,,,,,N,3,0,1,2,A,-,17,21200,A,N,D,G,A,A,H,-,A,A,0,,Y,,,Y,,L,04,0,1,0,0,0,0,1,0,0,"- ","- ",,,"SAN DIEGO","SAN DIEGO",-117.25510002999999,32.949380089999998
6902685,2015,2015-05-14,3711,2015-01-23,1520,6929,NORTH,5,5,7,3711,0,0,0,,0,124,"LA JOLLA VILLAGE DR","LA JOLLA SCENIC",350.00,E,N,B,-,N,,,,,,,,,,N,3,0,1,2,A,-,"- ",,,N,C,G,A,A,H,-,A,D,0,,Y,,,Y,,L,04,0,1,0,0,0,0,1,0,0,"- ","- ",,,"SAN DIEGO","SAN DIEGO",-117.24000654,32.870865180000003
6902690,2015,2015-05-07,3711,2015-04-17,1600,7267,,5,5,7,3711,0,0,0,,0,615,"ROSECRANS ST","MACAULAY ST",0.00,,Y,A,-,N,,,,,,,,,,N,3,0,1,2,A,-,11,21950,B,N,D,B,D,A,H,-,A,A,0,Y,,Y,,Y,,N,60,0,1,0,0,1,0,0,0,0,"- ","- ",,,"SAN DIEGO","SAN DIEGO",-117.22532004,32.729210070000001
6902719,2015,2015-05-07,3711,2015-04-22,0800,7252,,3,5,7,3711,0,0,0,,0,813,"GRANADA AV","UPAS ST",2.00,N,N,C,-,N,,,,,,,,,,N,3,0,1,2,A,-,11,21954,A,N,G,B,B,B,H,-,A,A,0,Y,,,,Y,,N,60,0,1,0,0,1,0,0,0,0,"- ","- ",,,"SAN DIEGO","SAN DIEGO",-117.13251,32.74109
6902962,2015,2015-05-20,3711,2015-04-23,0900,6631,SANDI,4,5,7,3711,0,0,0,,0,813,"FLORIDA ST","UNIVERSITY AV",300.00,S,N,B,-,N,,,,,,,,,,N,4,0,1,2,A,-,17,22517,,N,E,G,A,A,H,-,A,D,0,,Y,,,Y,,-,,0,0,1,0,0,0,1,0,0,"- ","- ",,,"SAN DIEGO","SAN DIEGO",-117.14372410999999,32.747618209999999
6903019,2015,2015-05-19,3711,2015-04-14,1742,6224,,2,5,7,3711,0,0,0,,0,122,"GARNET AV","GRESHAM ST",50.00,W,N,A,-,N,,,,,,,,,,N,4,0,1,2,A,-,21,22106,,M,D,G,A,A,H,-,A,A,0,,Y,,,Y,Y,-,,0,0,1,0,0,0,1,0,0,"- ","- ",,,"SAN DIEGO","SAN DIEGO",-117.24467677,32.798904880000002
6903035,2015,2015-05-11,3711,2015-04-11,0716,6774,,6,5,7,3711,0,0,0,,0,437,"PARADISE VALLEY RD","DEEP DELL RD",43.00,E,N,A,-,N,,,,,,,,,,N,2,0,1,2,A,-,11,21954,A,N,G,B,D,A,H,-,A,A,0,Y,,,,Y,,N,60,1,0,0,0,1,0,0,0,0,"- ","- ",,,"SAN DIEGO","SAN DIEGO",-117.02923608,32.695487759999999
6903445,2015,2015-05-27,3711,2015-04-23,0825,5072,,4,5,7,3711,0,0,0,,0,517,"28TH ST","C ST",0.00,,Y,B,-,N,,,,,,,,,,N,2,0,1,2,A,-,10,21950,A,N,G,B,B,A,H,-,A,A,0,Y,,,,Y,,D,22,1,0,0,0,1,0,0,0,0,"- ","- ",,,"SAN DIEGO","SAN DIEGO",-117.13378007,32.716890110000001
6904921,2015,2015-05-20,9645,2015-03-19,2027,020066,,4,2,7,3711,0,1,1,,2,003,"RT 5","28TH ST",800.00,S,N,A,-,Y,SD,11,5,-,R,13.230,H,-,S,Y,1,1,0,4,A,-,11,21954,A,N,G,B,D,A,H,-,D,D,1,Y,,,,Y,,N,60,0,0,0,1,0,0,0,0,0,"- ","- ",32.69455,-117.13267,"SAN DIEGO","SAN DIEGO",-117.13129068000001,32.694338930000001
6904929,2015,2015-05-15,3711,2015-03-02,0625,5046,,1,5,7,3711,0,0,0,,0,617,"CANON ST","JENNINGS ST",200.00,N,N,B,-,N,,,,,,,,,,Y,1,1,1,3,D,-,00,,,N,G,B,C,B,H,-,B,A,0,Y,,,,Y,,-,"- ",1,0,0,1,1,0,0,0,0,"- ","- ",,,"SAN DIEGO","SAN DIEGO",-117.2456485,32.720904679999997
6904938,2015,2017-03-30,3706,2015-03-29,2315,ES0322,,7,5,6,3706,0,0,0,,0,042,"LINCOLN PKWY",BROADWAY,0.00,,Y,A,-,N,,,,,,,,,,Y,1,1,0,2,A,-,11,21453,D,N,G,B,B,A,H,-,C,A,0,Y,,,,Y,Y,N,60,0,0,0,1,0,0,0,0,0,"- ","- ",,,"SAN DIEGO",ESCONDIDO,-117.08651003,33.133080079999999