CASE_ID,ACCIDENT_YEAR,PROC_DATE,JURIS,COLLISION_DATE,COLLISION_TIME,OFFICER_ID,REPORTING_DISTRICT,DAY_OF_WEEK,CHP_SHIFT,POPULATION,CNTY_CITY_LOC,SPECIAL_COND,BEAT_TYPE,CHP_BEAT_TYPE,CITY_DIVISION_LAPD,CHP_BEAT_CLASS,BEAT_NUMBER,PRIMARY_RD,SECONDARY_RD,DISTANCE,DIRECTION,INTERSECTION,WEATHER_1,WEATHER_2,STATE_HWY_IND,CALTRANS_COUNTY,CALTRANS_DISTRICT,STATE_ROUTE,ROUTE_SUFFIX,POSTMILE_PREFIX,POSTMILE,LOCATION_TYPE,RAMP_INTERSECTION,SIDE_OF_HWY,TOW_AWAY,COLLISION_SEVERITY,NUMBER_KILLED,NUMBER_INJURED,PARTY_COUNT,PRIMARY_COLL_FACTOR,PCF_CODE_OF_VIOL,PCF_VIOL_CATEGORY,PCF_VIOLATION,PCF_VIOL_SUBSECTION,HIT_AND_RUN,TYPE_OF_COLLISION,MVIW,PED_ACTION,ROAD_SURFACE,ROAD_COND_1,ROAD_COND_2,LIGHTING,CONTROL_DEVICE,CHP_ROAD_TYPE,PEDESTRIAN_ACCIDENT,BICYCLE_ACCIDENT,MOTORCYCLE_ACCIDENT,TRUCK_ACCIDENT,NOT_PRIVATE_PROPERTY,ALCOHOL_INVOLVED,STWD_VEHTYPE_AT_FAULT,CHP_VEHTYPE_AT_FAULT,COUNT_SEVERE_INJ,COUNT_VISIBLE_INJ,COUNT_COMPLAINT_PAIN,COUNT_PED_KILLED,COUNT_PED_INJURED,COUNT_BICYCLIST_KILLED,COUNT_BICYCLIST_INJURED,COUNT_MC_KILLED,COUNT_MC_INJURED,PRIMARY_RAMP,SECONDARY_RAMP,LATITUDE,LONGITUDE,COUNTY,CITY,POINT_X,POINT_Y
6904957,2015,2017-04-25,3711,2015-03-24,1820,5972,,2,5,7,3711,0,0,0,,0,242,"REAGAN RD","CAMINO RUIZ",0.00,,Y,A,-,N,,,,,,,,,,N,1,1,0,2,A,-,10,21950,A,N,G,B,B,A,H,-,A,A,0,Y,,,,Y,,A,07,0,0,0,1,0,0,0,0,0,"- ","- ",,,"SAN DIEGO","SAN DIEGO",-117.14531005000001,32.908180049999999
6905003,2015,2015-05-28,3711,2015-04-15,0914,4864,,3,5,7,3711,0,0,0,,0,524,BROADWAY,"4TH AV",52.00,E,N,A,-,N,,,,,,,,,,N,3,0,1,2,A,-,03,22350,,N,C,G,A,A,H,-,A,A,0,,Y,,,Y,,L,04,0,1,0,0,0,0,1,0,0,"- ","- ",,,"SAN DIEGO","SAN DIEGO",-117.16089155,32.715693700000003
6905823,2015,2015-05-16,3706,2015-04-16,1612,ES0318,,4,5,6,3706,0,0,0,,0,052,"4TH AV","ORANGE ST",288.00,W,N,A,-,N,,,,,,,,,,Y,1,1,0,2,A,-,21,22106,,N,G,B,E,A,H,-,A,D,0,Y,,,,Y,,A,01,0,0,0,1,0,0,0,0,0,"- ","- ",,,"SAN DIEGO",ESCONDIDO,-117.08438479,33.11650994
6905946,2015,2015-05-22,3711,2015-04-17,1121,5838,,5,5,7,3711,0,0,0,,0,511,"HARBOR BL","HARBOR BL 2800",0.00,,-,A,-,N,,,,,,,,,,N,3,0,1,2,A,-,08,22107,,N,H,G,A,A,H,-,A,D,0,,Y,,,Y,,L,04,0,1,0,0,0,0,1,0,0,"- ","- ",,,"SAN DIEGO","SAN DIEGO",,
6906842,2015,2015-05-13,3710,2015-04-16,1400,OC1344,,4,5,6,3710,0,0,0,,0,006,"N TREMONT ST",WINDWARD,0.00,,Y,A,-,N,,,,,,,,,,N,3,0,1,2,A,-,11,21966,,N,G,B,E,A,H,-,A,A,0,Y,,,,Y,,N,60,0,1,0,0,1,0,0,0,0,"- ","- ",,,"SAN DIEGO",OCEANSIDE,-117.38388012,33.199680049999998
6907136,2015,2015-05-26,3711,2015-04-26,1740,6795,,7,5,7,3711,0,0,0,,0,626,SUNSET,"ARDEN WY",10.00,W,N,A,-,N,,,,,,,,,,N,4,0,1,2,A,-,21,22106,,N,D,G,A,A,H,-,A,D,0,,Y,,,Y,,-,,0,0,1,0,0,0,1,0,0,"- ","- ",,,"SAN DIEGO","SAN DIEGO",-117.18505242000001,32.751220000000004
6907192,2015,2016-06-06,3711,2015-04-28,1427,6692,SANDI,2,5,7,3711,0,0,0,,0,833,"UNIVERSITY AV","MENLO AV",5.00,E,N,A,-,N,,,,,,,,,,,3,0,1,2,A,-,09,21801,A,N,G,B,C,A,H,-,A,D,0,Y,,,,Y,,-,,0,1,0,0,1,0,0,0,0,"- ","- ",,,"SAN DIEGO","SAN DIEGO",-117.09441379,32.749580000000002
6907196,2015,2017-01-06,3711,2015-04-28,2047,6555,,2,5,7,3711,0,0,0,,0,838,"UNIVERSITY AV","40TH ST",5.00,E,N,A,-,Y,SD,11,15,-,M,4.534,R,4,S,N,3,0,1,2,A,-,08,22107,A,N,D,G,A,A,-,-,C,A,0,,Y,,,Y,,-,,0,1,0,0,0,0,1,0,0,"- ","- ",,,"SAN DIEGO","SAN DIEGO",-117.10904633,32.748147299999999
6907212,2015,2017-01-06,3711,2015-04-27,1820,7220,"SAN D",1,5,7,3711,0,0,0,,0,511,"MAIN ST","RT 15",12.00,W,N,A,-,Y,SD,11,15,-,R,0.026,R,1,S,N,4,0,1,2,A,-,09,21453,B,N,D,G,A,A,H,-,A,A,0,,Y,,,Y,,-,,0,0,1,0,0,0,1,0,0,"- ",WF,,,"SAN DIEGO","SAN DIEGO",-117.12169588,32.693001649999999
6907371,2015,2015-05-20,3700,2015-03-25,1451,SH0169,,3,5,5,3712,0,0,0,,0,355,"SMILAX RD","OLEANDER AV",0.00,,Y,A,-,N,,,,,,,,,,N,3,0,1,2,A,-,11,21954,A,N,G,B,E,A,H,-,A,A,0,Y,,,,Y,,N,60,0,1,0,0,1,0,0,0,0,"- ","- ",,,"SAN DIEGO","SAN MARCOS",-117.20915002,33.153780009999998
6908168,2015,2015-05-11,3709,2015-04-05,2017,474,3079,7,5,5,3709,0,0,0,,0,021,"EAST 8TH ST","I AV",117.00,W,N,A,-,N,,,,,,,,,,Y,2,0,1,2,A,-,11,21954,A,N,G,B,D,A,H,-,D,D,0,Y,,,,Y,Y,N,60,1,0,0,0,1,0,0,0,0,"- ","- ",,,"SAN DIEGO","NATIONAL CITY",-117.09807290000001,32.678297739999998
6909240,2015,2015-05-14,3711,2015-04-27,1951,585,,1,5,7,3711,0,0,0,,0,313,"BALBOA AV","CONVOY ST",4.00,E,N,-,-,N,,,,,,,,,,,4,0,1,2,A,-,11,21456,B,N,G,B,B,-,-,-,-,A,0,Y,,,,Y,,N,60,0,0,1,0,1,0,0,0,0,"- ","- ",,,"SAN DIEGO","SAN DIEGO",-117.15507701999999,32.821750190000003
6909242,2015,2015-05-15,3711,2015-04-30,1935,6555,,4,5,7,3711,0,0,0,,0,813,UNIVERSITY,"32ND ST",0.00,,Y,-,-,N,,,,,,,,,,,4,0,1,2,A,-,09,21801,A,N,D,G,A,-,-,-,-,A,0,,Y,,,Y,,-,,0,0,1,0,0,0,1,0,0,"- ","- ",,,"SAN DIEGO","SAN DIEGO",-117.12521005000001,32.748500010000001
6909243,2015,2015-05-15,3711,2015-04-30,2200,5903,,4,5,7,3711,0,0,0,,0,832,"ORANGE AV","43RD ST",135.00,E,N,-,-,N,,,,,,,,,,,3,0,1,2,A,-,08,22107,,N,D,G,A,-,-,-,-,D,0,,Y,,,Y,,A,01,0,1,0,0,0,0,1,0,0,"- ","- ",,,"SAN DIEGO","SAN DIEGO",-117.10149239,32.753169999999997
6909421,2015,2015-05-18,3706,2015-04-22,1054,ES0223,,3,5,6,3706,0,0,0,,0,042,BROADWAY,"WOODWARD AV",0.00,,Y,B,-,N,,,,,,,,,,N,3,0,1,2,A,-,05,21650,1,N,D,G,A,A,H,-,A,D,0,,Y,,,Y,,L,04,0,1,0,0,0,0,1,0,0,"- ","- ",,,"SAN DIEGO",ESCONDIDO,-117.08333011000001,33.12582003
6909433,2015,2015-06-01,3706,2015-04-19,2312,ES0482,,7,5,6,3706,0,0,0,,0,042,BROADWAY,"WASHINGTON AV",0.00,,Y,A,-,N,,,,,,,,,,N,3,0,1,2,A,-,12,21453,A,N,D,G,A,A,H,-,C,A,0,,Y,,,Y,,L,04,0,1,0,0,0,0,1,0,0,"- ","- ",,,"SAN DIEGO",ESCONDIDO,-117.08385010000001,33.126980029999999
6910049,2015,2015-05-14,3706,2015-04-17,1413,ES0328,,5,5,6,3706,0,0,0,,0,044,"VALLEY PKWY","ASH ST",595.00,E,N,A,-,N,,,,,,,,,,Y,3,0,1,2,A,-,05,21202,A,N,D,G,A,A,H,-,A,D,0,,Y,,,Y,,L,04,0,1,0,0,0,0,1,0,0,"- ","- ",,,"SAN DIEGO",ESCONDIDO,-117.0653518,33.131253790000002
6910052,2015,2015-05-14,3706,2015-04-16,0751,ES0432,,4,5,6,3706,0,0,0,,0,044,"DAISY ST","MISSION AV",429.00,N,N,A,-,N,,,,,,,,,,N,3,0,1,2,A,-,11,21954,A,N,G,B,D,A,H,-,A,D,0,Y,,,,Y,,N,60,0,1,0,0,1,0,0,0,0,"- ","- ",,,"SAN DIEGO",ESCONDIDO,-117.0599832,33.143711289999999
6910053,2015,2015-05-14,3706,2015-04-10,1218,ES0264,,5,5,6,3706,0,0,0,,0,042,"VALLEY PKWY","DATE ST",0.00,,Y,A,-,N,,,,,,,,,,N,2,0,1,2,A,-,09,21802,A,N,D,G,A,A,H,-,A,A,0,,Y,,,Y,,L,04,1,0,0,0,0,0,1,0,0,"- ","- ",,,"SAN DIEGO",ESCONDIDO,-117.07119005,33.128560059999998
6910061,2015,2015-05-14,3709,2015-04-07,1453,358,SOUTH,2,5,5,3709,0,0,0,,0,020,"E 14TH ST","HIGHLAND AV",0.00,,Y,A,-,N,,,,,,,,,,N,4,0,1,2,A,-,05,21650,1,N,D,G,A,A,H,-,A,A,0,,Y,,,Y,,L,04,0,0,1,0,0,0,1,0,0,"- ","- ",,,"SAN DIEGO","NATIONAL CITY",-117.09677005,32.672940009999998
6910523,2015,2015-05-12,3711,2015-04-20,2222,5600,,1,5,7,3711,0,0,0,,0,315,"FRIARS RD","FRAZEE RD",0.00,,Y,A,-,N,,,,,,,,,,N,4,0,1,2,A,-,10,21950,A,M,G,B,B,A,H,-,C,A,0,Y,,,,Y,,-,99,0,0,1,0,1,0,0,0,0,"- ","- ",,,"SAN DIEGO","SAN DIEGO",-117.15739003,32.772600079999997
6910527,2015,2015-05-12,3711,2015-04-18,1656,6794,SD,6,5,7,3711,0,0,0,,0,242,"HILLERY DR","HILLERY DR 9260",10.00,E,N,A,-,N,,,,,,,,,,N,3,0,1,2,A,-,05,21651,B,N,D,G,A,A,H,-,A,D,0,,Y,,,Y,,L,04,0,1,0,0,0,0,1,0,0,"- ","- ",,,"SAN DIEGO","SAN DIEGO",,
6910539,2015,2015-05-12,3711,2015-04-20,1630,7211,,1,5,7,3711,0,0,0,,0,614,"NARRAGANSETT AV","EBERS ST",25.00,E,N,A,-,N,,,,,,,,,,N,3,0,1,2,A,-,11,21950,B,N,A,B,E,A,H,-,A,A,0,Y,,,,Y,,N,60,0,1,0,0,1,0,0,0,0,"- ","- ",,,"SAN DIEGO","SAN DIEGO",-117.24727446999999,32.741949699999999
6910540,2015,2015-05-12,3711,2015-04-20,2101,5531,521,1,5,7,3711,0,0,0,,0,521,"PARK BL","ISLAND AV",0.00,,Y,A,-,N,,,,,,,,,,N,4,0,1,2,A,-,12,21453,A,N,A,G,A,A,H,-,C,A,0,,Y,,,Y,,L,04,0,0,1,0,0,0,1,0,0,"- ","- ",,,"SAN DIEGO","SAN DIEGO",-117.15373003000001,32.710450039999998
6910543,2015,2015-05-12,3711,2015-04-19,1131,5429,,7,5,7,3711,0,0,0,,0,611,"ROSECRANS ST","MIDWAY DR",97.00,N,N,A,-,N,,,,,,,,,,N,3,0,1,2,A,-,11,21954,A,N,G,B,E,A,H,-,A,A,0,Y,,,,Y,,N,60,0,1,0,0,1,0,0,0,0,"- ","- ",,,"SAN DIEGO","SAN DIEGO",-117.20598894,32.749917269999997
6910544,2015,2015-05-12,3711,2015-04-18,0005,7186,3711,6,5,7,3711,0,0,0,,0,521,"6TH ST","11TH AV",0.00,,Y,A,-,N,,,,,,,,,,N,4,0,1,2,A,-,10,21950,A,N,G,B,B,A,H,-,C,A,0,Y,,,,Y,,-,,0,0,1,0,1,0,0,0,0,"- ","- ",,,"SAN DIEGO","SAN DIEGO",,
6910548,2015,2015-05-12,3711,2015-04-18,2045,5531,,6,5,7,3711,0,0,0,,0,521,"MARKET ST","PARK BL",0.00,,Y,A,-,N,,,,,,,,,,N,4,0,1,2,A,-,12,21453,A,N,-,B,B,A,H,-,C,A,0,Y,,,,Y,,N,60,0,0,1,0,1,0,0,0,0,"- ","- ",,,"SAN DIEGO","SAN DIEGO",-117.15375001,32.71153004
6910552,2015,2015-05-12,3711,2015-04-20,1430,7048,,1,5,7,3711,0,0,0,,0,115,NOBEL,"DANICA AV",0.00,,Y,B,-,N,,,,,,,,,,N,3,0,1,2,A,-,"- ",,,N,D,G,A,A,H,-,A,D,0,,Y,,,Y,Y,L,04,0,1,0,0,0,0,1,0,0,"- ","- ",,,"SAN DIEGO","SAN DIEGO",-117.22105443,32.8683342
6910701,2015,2015-05-14,3705,2015-03-26,1523,EC0295,,4,5,5,3705,0,0,0,,0,009,ANZA,GRAY,9.00,N,N,A,-,N,,,,,,,,,,N,3,0,1,2,A,-,11,21950,B,F,G,B,D,A,H,-,A,D,0,Y,,,,Y,Y,N,60,0,1,0,0,1,0,0,0,0,"- ","- ",,,"SAN DIEGO","EL CAJON",-116.94819977,32.783664649999999
6910705,2015,2015-05-14,3705,2015-03-27,1125,IC0279,,5,5,5,3705,0,0,0,,0,010,TAFT,"MAIN ST",13.00,S,N,A,-,N,,,,,,,,,,Y,3,0,1,2,A,-,05,21650,1,N,D,G,A,A,H,-,A,A,0,,Y,,,Y,,L,04,0,1,0,0,0,0,1,0,0,"- ","- ",,,"SAN DIEGO","EL CAJON",-116.95641000000001,32.794914400000003
6911301,2015,2015-05-19,3711,2015-04-30,0725,6628,,4,5,7,3711,0,0,0,,0,511,"HARBOR DR","PARK BL",80.00,E,N,-,-,N,,,,,,,,,,N,3,0,1,2,A,-,17,22517,,N,H,G,A,-,-,-,-,A,0,,Y,,,Y,,-,,0,1,0,0,0,0,1,0,0,"- ","- ",,,"SAN DIEGO","SAN DIEGO",-117.15754135,32.704900119999998
6911345,2015,2015-05-16,3711,2015-04-30,1019,7024,,4,5,7,3711,0,0,0,,0,313,"LIGHTWAVE AV","KEARNY VILLA RD",3.00,E,N,A,-,N,,,,,,,,,,N,3,0,1,2,A,-,10,21950,A,N,G,B,B,A,H,-,A,A,0,Y,,,,Y,,A,01,0,1,0,0,1,0,0,0,0,"- ","- ",,,"SAN DIEGO","SAN DIEGO",-117.14206182,32.82903554
6911431,2015,2015-05-14,3700,2015-04-28,1316,SH2520,,2,5,5,3713,0,0,0,,0,306,"NORTH SANTA FE AV","E EAST DR",0.00,,Y,A,-,N,,,,,,,,,,N,3,0,1,2,A,-,10,21950,A,N,G,B,B,A,H,-,A,A,0,Y,,,,Y,,A,01,0,1,0,0,1,0,0,0,0,"- ","- ",,,"SAN DIEGO",VISTA,-117.24482007,33.214020099999999
6911433,2015,2015-05-14,3700,2015-04-10,1342,SH0029,,5,5,5,3713,0,0,0,,0,302,"GOODWIN DR","RUSH AV",136.00,S,N,A,-,N,,,,,,,,,,N,4,0,1,2,A,-,21,22106,,N,G,B,F,A,H,-,A,D,0,Y,,,,Y,,A,01,0,0,1,0,1,0,0,0,0,"- ","- ",,,"SAN DIEGO",VISTA,-117.24253195999999,33.223357419999999
6911436,2015,2015-05-14,3700,2015-04-10,1459,SH5502,,5,5,5,3713,0,0,0,,0,312,"HACIENDA DR","LA TORTUGA DR",0.00,,Y,A,-,N,,,,,,,,,,N,4,0,1,2,A,-,10,21950,A,N,G,B,B,A,H,-,A,A,0,Y,,,,Y,,A,01,0,0,1,0,1,0,0,0,0,"- ","- ",,,"SAN DIEGO",VISTA,-117.25802009,33.193400099999998
6911858,2015,2015-05-14,3705,2015-02-10,2100,EC0163,,2,5,5,3705,0,0,0,,0,009,THIRD,MADISON,8.00,S,N,A,-,N,,,,,,,,,,N,4,0,1,2,A,-,12,22450,A,N,G,B,B,A,H,-,D,A,0,Y,,,,Y,,A,07,0,0,1,0,1,0,0,0,0,"- ","- ",,,"SAN DIEGO","EL CAJON",-116.92692943999999,32.800158099999997
6912905,2014,2015-05-21,3700,2014-11-13,1734,SH5794,,4,5,5,3781,0,0,0,,0,510,"HALBERNS BL","STOYER DR",0.00,,Y,A,-,N,,,,,,,,,,N,4,0,1,2,A,-,12,22450,A,N,D,G,A,A,H,-,C,A,0,,Y,,,Y,,L,04,0,0,1,0,0,0,1,0,0,"- ","- ",,,"SAN DIEGO",SANTEE,-116.99192001,32.848770080000001
6913332,2015,2015-07-09,3709,2015-05-07,0558,458,NCPD,4,5,5,3709,0,0,0,,0,024,"CLEVELAND AV","W 19TH ST",0.00,,Y,A,-,N,,,,,,,,,,N,4,0,1,2,A,-,08,22107,,N,B,G,A,A,H,-,A,D,0,,Y,,,Y,,D,22,0,0,1,0,0,0,1,0,0,"- ","- ",,,"SAN DIEGO","NATIONAL CITY",-117.11144012,32.664020120000004
6913822,2015,2015-05-29,3710,2015-04-15,1300,OC1065,,3,5,6,3710,0,0,0,,0,011,"CANYON DR","MISSION AV",0.00,,Y,A,-,N,,,,,,,,,,N,3,0,1,2,D,-,00,,,N,G,B,B,A,H,-,A,-,0,Y,,,,Y,,-,"- ",0,1,0,0,1,0,0,0,0,"- ","- ",,,"SAN DIEGO",OCEANSIDE,-117.36432013,33.20428012
6913863,2015,2015-05-18,3709,2015-05-01,1902,938,NCPD,5,5,5,3709,0,0,0,,0,023,"EAST 20TH ST",LANOITAN,0.00,,Y,A,-,N,,,,,,,,,,N,2,0,1,2,A,-,12,22450,A,N,-,G,A,A,H,-,A,A,0,,Y,,,Y,Y,L,04,1,0,0,0,0,0,1,0,0,"- ","- ",,,"SAN DIEGO","NATIONAL CITY",-117.07631007000001,32.67294004
6914343,2015,2015-05-19,3709,2015-05-02,2100,484,,6,5,5,3709,0,0,0,,0,021,"EAST 8TH ST",HIGHLAND,0.00,,Y,A,-,N,,,,,,,,,,N,3,0,1,2,A,-,12,21453,A,F,G,B,B,A,H,-,C,A,0,Y,,,,Y,Y,-,,0,1,0,0,1,0,0,0,0,"- ","- ",,,"SAN DIEGO","NATIONAL CITY",-117.09875009,32.678130070000002
6916224,2015,2015-06-01,3711,2015-04-09,2154,7253,,4,5,7,3711,0,0,0,,0,122,"FIGUEROA BL","MAGNOLIA AV",0.00,,Y,A,-,N,,,,,,,,,,N,4,0,1,2,A,-,08,22107,,N,B,G,A,A,H,-,C,A,0,,Y,,,Y,Y,A,01,0,0,1,0,0,0,1,0,0,"- ","- ",,,"SAN DIEGO","SAN DIEGO",-117.21936009,32.804390050000002
6916228,2015,2015-06-11,3711,2015-04-11,1115,7273,,6,5,7,3711,0,0,0,,0,81L,"EL CAJON BL","33RD ST",9.00,W,N,A,-,N,,,,,,,,,,N,3,0,1,2,A,-,10,21950,A,N,G,B,B,A,H,-,A,A,0,Y,,,,Y,,-,,0,1,0,0,1,0,0,0,0,"- ","- ",,,"SAN DIEGO","SAN DIEGO",-117.12225917000001,32.755210320000003
6916556,2015,2015-05-27,3711,2015-04-24,0802,5838,,5,5,7,3711,0,0,0,,0,442,"NATIONAL AV","39TH ST",35.00,W,N,B,C,N,,,,,,,,,,N,3,0,1,2,A,-,10,21954,B,N,G,B,D,B,H,-,A,D,0,Y,,,,Y,,A,01,0,1,0,0,1,0,0,0,0,"- ","- ",,,"SAN DIEGO","SAN DIEGO",-117.11040337,32.696058440000002
6916914,2015,2015-05-26,3706,2015-05-11,2015,ES0480,,1,5,6,3706,0,0,0,,0,052,OHIO,DATE,0.00,,Y,A,-,N,,,,,,,,,,N,4,0,1,2,A,-,21,22106,,N,G,B,E,A,H,-,C,D,0,Y,,,,Y,,A,01,0,0,1,0,1,0,0,0,0,"- ","- ",,,"SAN DIEGO",ESCONDIDO,-117.07036006,33.126790030000002
6917774,2015,2015-05-26,3700,2015-03-09,0801,SH2784,,1,5,5,3782,0,0,0,,0,222,"MELBA RD","BONITA DR",1333.00,W,N,A,-,N,,,,,,,,,,N,4,0,1,2,A,-,11,21954,A,N,G,B,D,A,G,-,A,D,0,Y,,,,Y,,N,60,0,0,1,0,1,0,0,0,0,"- ","- ",,,"SAN DIEGO",ENCINITAS,-117.27709588,33.039859999999997
6917786,2015,2015-06-02,3700,2015-03-18,1752,SH4791,,3,5,5,3782,0,0,0,,0,240,"SOUTH COAST HWY","S COAST HWY 2600",0.00,,Y,A,-,N,,,,,,,,,,N,4,0,1,2,A,-,08,22100,A,N,G,G,A,B,H,-,A,A,0,,Y,,,Y,,A,01,0,0,1,0,0,0,1,0,0,"- ","- ",,,"SAN DIEGO",ENCINITAS,-117.274912,32.999732999999999
6917790,2015,2015-05-26,3700,2015-03-18,2036,SH4791,,3,5,5,3782,0,0,0,,0,223,"VILLAGE SQUARE DR","ENTRANCE TO TRADER JOES",0.00,,Y,A,-,N,,,,,,,,,,N,3,0,1,2,A,-,10,21950,A,N,G,B,C,A,H,-,C,D,0,Y,,,,Y,,A,01,0,1,0,0,1,0,0,0,0,"- ","- ",,,"SAN DIEGO",ENCINITAS,-117.25677399999999,33.046979999999998
6917798,2015,2015-05-26,3700,2015-03-25,1339,SH1654,,3,5,2,3704,0,0,0,,0,292,"CAMINO DEL MAR","24TH ST",0.00,,Y,A,-,N,,,,,,,,,,N,4,0,1,2,A,-,08,22100,A,N,D,G,A,A,H,-,A,D,0,,Y,,,Y,,A,01,0,0,1,0,0,0,1,0,0,"- ","- ",,,"SAN DIEGO","DEL MAR",-117.26785004,32.968930020000002
6917905,2015,2015-05-29,3705,2015-03-27,0528,EC0341,,5,5,5,3705,0,0,0,,0,010,BALLANTYNE,"EAST MAIN ST",81.00,N,N,A,-,N,,,,,,,,,,N,4,0,1,2,A,-,11,21453,D,N,G,B,B,A,H,-,B,A,0,Y,,,,Y,,N,60,0,0,1,0,1,0,0,0,0,"- ","- ",,,"SAN DIEGO","EL CAJON",-116.95728882,32.795163530000004
6917923,2015,2015-05-20,3709,2015-04-23,1959,481,3709,4,5,5,3709,0,0,0,,0,021,"EAST PLAZA BL","EUCLID AV",193.00,E,N,A,-,N,,,,,,,,,,N,2,0,1,2,A,-,11,21954,A,N,A,B,D,A,H,-,D,D,0,Y,,,,Y,,N,60,1,0,0,0,1,0,0,0,0,"- ","- ",,,"SAN DIEGO","NATIONAL CITY",-117.07953714,32.680105769999997
6917938,2015,2015-05-20,3705,2015-04-03,1850,EC0295,,5,5,5,3705,0,0,0,,0,007,"E MADISON","DOMINGUEZ WY",36.00,W,N,A,-,N,,,,,,,,,,N,3,0,1,2,A,-,09,21804,A,N,D,G,A,A,H,-,A,D,0,,Y,,,Y,,A,01,0,1,0,0,0,0,1,0,0,"- ","- ",,,"SAN DIEGO","EL CAJON",-116.95017674,32.800150000000002
6917990,2015,2016-06-06,3710,2015-04-26,1715,OC1411,,7,5,6,3710,0,0,0,,0,006,"NORTH COAST HWY","MISSION AV",0.00,,Y,A,-,N,,,,,,,,,,N,4,0,1,2,A,-,10,21950,A,N,G,B,B,A,H,-,A,A,0,Y,,,,Y,,A,01,0,0,1,0,1,0,0,0,0,"- ","- ",,,"SAN DIEGO",OCEANSIDE,-117.37954006,33.195900100000003
6918571,2015,2015-05-20,9680,2015-04-27,1715,17928,,1,2,9,3700,0,3,5,,2,009,"13TH ST","D ST",0.00,,Y,A,-,N,,,,,,,,,,N,3,0,1,2,A,-,09,21800,B,N,H,G,A,A,H,-,A,D,0,,Y,,,Y,,L,04,0,1,0,0,0,0,1,0,0,"- ","- ",33.218339999999998,-116.52216,"SAN DIEGO",UNINCORPORATED,-116.87264002000001,33.038490080000003
6920113,2015,2015-05-27,3700,2015-01-05,1550,SH7710,,1,5,5,3781,0,0,0,,0,519,"N MAGNOLIA AV","MISSION GORGE RD",175.00,N,N,A,-,N,,,,,,,,,,N,3,0,1,2,A,-,11,21954,A,N,G,B,D,A,H,-,A,A,0,Y,,,,Y,,N,60,0,1,0,0,1,0,0,0,0,"- ","- ",,,"SAN DIEGO",SANTEE,-116.96747804,32.838830889999997
6920138,2014,2015-05-28,3700,2014-12-07,1603,SH2405,,7,5,5,3781,0,0,0,,0,511,"MAST BL","CANEJO RD",5.00,E,N,A,-,N,,,,,,,,,,N,4,0,1,2,A,-,05,21650,1,N,A,G,A,A,H,-,A,D,0,,Y,,,Y,,L,04,0,0,1,0,0,0,1,0,0,"- ","- ",,,"SAN DIEGO",SANTEE,-116.97753378,32.855160249999997
6920673,2015,2015-06-02,3700,2015-03-24,0733,SH7146,,2,5,5,3712,0,0,0,,0,349,"FALLSVIEW RD","SAN ELIJO RD",0.00,,Y,A,-,N,,,,,,,,,,N,4,0,1,2,A,-,10,21950,A,F,G,B,B,A,H,-,A,D,0,Y,,,,Y,,-,,0,0,1,0,1,0,0,0,0,"- ","- ",,,"SAN DIEGO","SAN MARCOS",-117.20925013,33.095670050000003
6920883,2015,2015-06-17,3705,2015-05-02,0905,EC0304,,6,5,5,3705,0,0,0,,0,006,"WITHERSPOON WY","CHATHAM ST",19.00,E,N,A,-,N,,,,,,,,,,N,3,0,1,2,A,-,10,21950,A,N,G,B,B,A,H,-,A,D,0,Y,,,,Y,,A,01,0,1,0,0,1,0,0,0,0,"- ","- ",,,"SAN DIEGO","EL CAJON",-117.00184674,32.797319180000002
6920902,2015,2016-06-06,3711,2015-05-07,2015,5985,,4,5,7,3711,0,0,0,,0,315,"CAMINO DEL RIO S","TEXAS ST",0.00,,Y,B,-,N,,,,,,,,,,N,4,0,1,2,D,-,00,,,M,D,G,A,A,H,-,C,A,0,,Y,,,Y,,-,"- ",0,0,1,0,0,0,1,0,0,"- ","- ",,,"SAN DIEGO","SAN DIEGO",-117.13927009,32.767300079999998
6921374,2015,2015-06-03,3705,2015-05-01,1249,EC0279,,5,5,5,3705,0,0,0,,0,009,MADISON,"ANN ST",3.00,W,N,A,-,N,,,,,,,,,,N,3,0,1,2,A,-,10,21950,A,F,A,B,B,A,H,-,A,-,0,Y,,,,Y,,A,01,0,1,0,0,1,0,0,0,0,"- ","- ",,,"SAN DIEGO","EL CAJON",-116.94623973,32.80014019
6921377,2015,2015-06-03,3705,2015-05-06,1630,EC0295,,3,5,5,3705,0,0,0,,0,007,MOLLISON,MADISON,276.00,N,N,B,-,N,,,,,,,,,,N,3,0,1,2,A,-,08,22107,,N,B,G,A,A,H,-,A,D,0,,Y,,,Y,,A,01,0,1,0,0,0,0,1,0,0,"- ","- ",,,"SAN DIEGO","EL CAJON",-116.95097610000001,32.800905849999999
6921405,2015,2015-06-08,3711,2015-05-08,1338,7108,,5,5,7,3711,0,0,0,,0,723,"TWINING AV","TWINING / DAVIS INTERSECTION",50.00,S,N,A,-,N,,,,,,,,,,N,4,0,1,2,A,-,08,22107,,N,G,B,E,A,H,-,A,D,0,Y,,,,Y,,A,01,0,0,1,0,1,0,0,0,0,"- ","- ",,,"SAN DIEGO","SAN DIEGO",-117.04540819,32.580041829999999
6921407,2015,2015-06-25,3711,2015-05-06,1745,7125,SD,3,5,7,3711,0,0,0,,0,826,"EL CAJON BL","52ND ST",10.00,E,Y,B,-,N,,,,,,,,,,N,3,0,1,2,A,-,10,21950,A,N,G,B,B,A,H,-,A,A,0,Y,,,,Y,Y,-,,0,1,0,0,1,0,0,0,0,"- ","- ",,,"SAN DIEGO","SAN DIEGO",-117.08355793,32.757243969999998