CASE_ID,ACCIDENT_YEAR,PROC_DATE,JURIS,COLLISION_DATE,COLLISION_TIME,OFFICER_ID,REPORTING_DISTRICT,DAY_OF_WEEK,CHP_SHIFT,POPULATION,CNTY_CITY_LOC,SPECIAL_COND,BEAT_TYPE,CHP_BEAT_TYPE,CITY_DIVISION_LAPD,CHP_BEAT_CLASS,BEAT_NUMBER,PRIMARY_RD,SECONDARY_RD,DISTANCE,DIRECTION,INTERSECTION,WEATHER_1,WEATHER_2,STATE_HWY_IND,CALTRANS_COUNTY,CALTRANS_DISTRICT,STATE_ROUTE,ROUTE_SUFFIX,POSTMILE_PREFIX,POSTMILE,LOCATION_TYPE,RAMP_INTERSECTION,SIDE_OF_HWY,TOW_AWAY,COLLISION_SEVERITY,NUMBER_KILLED,NUMBER_INJURED,PARTY_COUNT,PRIMARY_COLL_FACTOR,PCF_CODE_OF_VIOL,PCF_VIOL_CATEGORY,PCF_VIOLATION,PCF_VIOL_SUBSECTION,HIT_AND_RUN,TYPE_OF_COLLISION,MVIW,PED_ACTION,ROAD_SURFACE,ROAD_COND_1,ROAD_COND_2,LIGHTING,CONTROL_DEVICE,CHP_ROAD_TYPE,PEDESTRIAN_ACCIDENT,BICYCLE_ACCIDENT,MOTORCYCLE_ACCIDENT,TRUCK_ACCIDENT,NOT_PRIVATE_PROPERTY,ALCOHOL_INVOLVED,STWD_VEHTYPE_AT_FAULT,CHP_VEHTYPE_AT_FAULT,COUNT_SEVERE_INJ,COUNT_VISIBLE_INJ,COUNT_COMPLAINT_PAIN,COUNT_PED_KILLED,COUNT_PED_INJURED,COUNT_BICYCLIST_KILLED,COUNT_BICYCLIST_INJURED,COUNT_MC_KILLED,COUNT_MC_INJURED,PRIMARY_RAMP,SECONDARY_RAMP,LATITUDE,LONGITUDE,COUNTY,CITY,POINT_X,POINT_Y
6955631,2015,2015-07-22,3700,2015-01-17,0722,,,6,5,5,3781,0,0,0,,0,513,"MISSION GORGE RD","SANTEE POST OFFICE EXIT",0.00,,Y,A,-,N,,,,,,,,,,N,4,0,1,2,A,-,12,21453,A,N,D,G,A,A,H,-,A,A,0,,Y,,,Y,,L,04,0,0,1,0,0,0,1,0,0,"- ","- ",,,"SAN DIEGO",SANTEE,-116.99000700000001,32.838763
6955639,2015,2015-07-22,3700,2015-01-25,1750,SH7710,,7,5,5,3781,0,0,0,,0,518,"FANITA DR","PROSPECT AV",0.00,,Y,A,-,N,,,,,,,,,,N,3,0,1,2,A,-,12,21453,A,N,D,G,A,A,H,-,C,A,0,,Y,,,Y,Y,L,04,0,1,0,0,0,0,1,0,0,"- ","- ",,,"SAN DIEGO",SANTEE,-117.00071,32.833810059999998
6955705,2015,2016-06-15,9645,2015-05-23,1141,018936,,6,1,7,3711,0,3,5,,2,111,"RT 5","USA INTERNATIONAL BORDER",4.00,N,N,A,-,N,,,,,,,,,,N,4,0,1,2,A,-,21,22106,,N,G,B,E,A,H,-,A,D,0,Y,,,,Y,Y,A,01,0,0,1,0,1,0,0,0,0,"- ","- ",32.542380000000001,-117.0296,"SAN DIEGO","SAN DIEGO",-117.02941686,32.54256093
6955849,2015,2015-07-06,3711,2015-06-02,1619,4116,,2,5,7,3711,0,0,0,,0,312,"PORTOBELO DR","11300 PORTOBELO DR",0.00,,Y,A,-,N,,,,,,,,,,N,3,0,1,2,A,-,09,21804,A,N,D,G,A,A,H,-,A,D,0,,Y,,,Y,,-,,0,1,0,0,0,0,1,0,0,"- ","- ",,,"SAN DIEGO","SAN DIEGO",-117.08503157,32.840688280000002
6955903,2015,2015-07-10,3711,2015-06-02,1615,6962,7,2,5,7,3711,0,0,0,,0,722,"CORONADO AV",HOLLISTER,1.00,W,N,A,-,N,,,,,,,,,,N,4,0,1,2,A,-,11,21950,B,N,G,B,B,A,H,-,A,A,0,Y,,,,Y,,N,60,0,0,1,0,1,0,0,0,0,"- ","- ",,,"SAN DIEGO","SAN DIEGO",-117.08408323,32.576479999999997
6955919,2015,2017-02-04,3711,2015-06-02,1253,6823,,2,5,7,3711,0,0,0,,0,311,"GRAMERCY DR","RUFFIN RD",500.00,W,N,A,-,N,,,,,,,,,,N,4,0,1,2,A,-,08,22107,,N,B,B,E,A,H,-,A,D,0,Y,,,,Y,,A,01,0,0,1,0,1,0,0,0,0,"- ","- ",,,"SAN DIEGO","SAN DIEGO",-117.1304773,32.802319570000002
6956634,2015,2015-07-11,3701,2015-06-03,2155,5283,10,3,5,5,3701,0,0,0,,0,003,"CARLSBAD VILLAGE DR","HIGHLAND DR",12.00,E,N,A,-,N,,,,,,,,,,N,3,0,1,2,A,-,10,21950,A,N,G,B,B,A,H,-,C,A,0,Y,,,,Y,,D,22,0,1,0,0,1,0,0,0,0,"- ","- ",33.16581,-117.33763999999999,"SAN DIEGO",CARLSBAD,-117.3378879,33.166078769999999
6956636,2015,2015-07-03,3701,2015-06-08,1606,5191,128,1,5,5,3701,0,0,0,,0,007,"CARLSBAD BL","AVENIDA ENCINAS",478.00,N,N,A,-,N,,,,,,,,,,N,2,0,1,2,B,-,22,,,N,D,G,A,A,H,-,A,D,0,,Y,,,Y,,-,"- ",1,0,0,0,0,0,1,0,0,"- ","- ",33.092970000000001,-117.31498999999999,"SAN DIEGO",CARLSBAD,-117.31473291,33.092931909999997
6957899,2015,2015-06-25,3701,2015-05-20,1600,5291,57,3,5,5,3701,0,0,0,,0,005,"FARADAY AV","PRIESTLY DR",54.00,W,N,A,-,N,,,,,,,,,,N,3,0,1,2,A,-,17,21367,C,F,G,B,E,A,H,-,A,A,0,Y,,,,Y,,-,99,0,1,0,0,1,0,0,0,0,"- ","- ",,,"SAN DIEGO",CARLSBAD,-117.27623376,33.135113969999999
6958329,2015,2015-07-01,3700,2015-06-13,1500,SH0817,,6,5,5,3713,0,0,0,,0,318,"WATSON WY","SHADOWRIDGE DR",0.00,,Y,A,-,N,,,,,,,,,,N,3,0,1,2,D,-,00,,,F,G,B,B,A,H,-,A,A,0,Y,,,,Y,,-,"- ",0,1,0,0,1,0,0,0,0,"- ","- ",,,"SAN DIEGO",VISTA,-117.22220005,33.166410079999999
6958333,2015,2015-07-01,3700,2015-06-10,1810,SH0817,,3,5,5,3713,0,0,0,,0,306,"MASSACHUSETTS AV","W CALIFORNIA AV",265.00,S,N,B,-,N,,,,,,,,,,N,3,0,1,2,A,-,11,21954,A,N,G,B,D,A,H,-,A,D,0,Y,,,,Y,,N,60,0,1,0,0,1,0,0,0,0,"- ","- ",,,"SAN DIEGO",VISTA,-117.24372567,33.206724029999997
6959020,2015,2016-06-06,3710,2015-06-08,1100,OC0646,,1,5,6,3710,0,0,0,,0,018,"COLLEGE BL","NORTH RIVER RD",15.00,S,N,A,-,N,,,,,,,,,,N,4,0,1,2,A,-,10,21950,A,N,G,B,B,A,H,-,A,A,0,Y,,,,Y,,A,01,0,0,1,0,1,0,0,0,0,"- ","- ",,,"SAN DIEGO",OCEANSIDE,-117.30023337999999,33.250817570000002
6960122,2015,2015-07-02,3711,2015-06-05,1805,6104,,5,5,7,3711,0,0,0,,0,613,"WORDEN ST","BOB ST",62.00,W,N,A,-,N,,,,,,,,,,N,4,0,1,2,A,-,08,22107,,N,B,G,A,A,H,-,A,D,0,,Y,,,Y,,-,,0,0,1,0,0,0,1,0,0,"- ","- ",,,"SAN DIEGO","SAN DIEGO",-117.22474973999999,32.749700259999997
6960162,2015,2015-07-08,3711,2015-06-06,1936,7037,SANDI,6,5,7,3711,0,0,0,,0,614,"EBERS ST",NIAGARA,0.00,,Y,A,-,N,,,,,,,,,,N,2,0,1,2,A,-,12,22450,A,N,D,G,A,A,H,-,A,A,0,,Y,Y,,Y,,L,04,1,0,0,0,0,0,1,0,0,"- ","- ",,,"SAN DIEGO","SAN DIEGO",-117.24660005,32.742820010000003
6960213,2015,2015-07-08,3711,2015-06-05,1102,6555,,5,5,7,3711,0,0,0,,0,813,"ADAMS AV","IDAHO ST",0.00,,Y,A,-,N,,,,,,,,,,N,4,0,1,2,B,-,22,,,N,G,B,B,A,-,-,A,D,0,Y,,,,Y,,-,,0,0,1,0,1,0,0,0,0,"- ","- ",,,"SAN DIEGO","SAN DIEGO",-117.13391,32.762860089999997
6960225,2015,2015-07-08,3711,2015-06-04,0837,4849,,4,5,7,3711,0,0,0,,0,522,"W MARKET ST","FRONT ST",0.00,,Y,B,-,N,,,,,,,,,,N,4,0,1,2,A,-,05,21650,,N,D,G,A,A,H,-,A,A,0,,Y,,,Y,,L,04,0,0,1,0,0,0,1,0,0,"- ","- ",,,"SAN DIEGO","SAN DIEGO",-117.16471004,32.711500000000001
6960229,2015,2015-07-14,3711,2015-06-07,1014,6978,SANDI,7,5,7,3711,0,0,0,,0,121,"MISSION BL","CORONADO CT",5.00,N,N,A,-,N,,,,,,,,,,N,4,0,1,2,A,-,03,22350,,N,H,G,A,A,H,-,A,D,0,,Y,,,Y,,L,04,0,0,1,0,0,0,1,0,0,"- ","- ",,,"SAN DIEGO","SAN DIEGO",-117.25134,32.7645737
6960333,2015,2015-07-02,3709,2015-05-26,1141,369,,2,5,5,3709,0,0,0,,0,023,"EAST 30TH ST","J AV",0.00,,Y,B,-,N,,,,,,,,,,N,3,0,1,2,A,-,11,21950,B,N,G,B,B,A,H,-,A,A,0,Y,,,,Y,,N,60,0,1,0,0,1,0,0,0,0,"- ","- ",,,"SAN DIEGO","NATIONAL CITY",-117.0892801,32.659710080000004
6960508,2015,2015-06-26,3703,2015-05-25,1428,1016,,1,5,3,3703,0,0,0,,0,002,"9TH ST","F AV",114.00,E,N,A,-,N,,,,,,,,,,N,3,0,1,2,A,-,17,22517,,N,B,G,A,A,H,-,A,D,0,,Y,,,Y,,A,01,0,1,0,0,0,0,1,0,0,"- ","- ",,,"SAN DIEGO",CORONADO,-117.18209017,32.68860952
6960528,2015,2015-06-26,3703,2015-05-23,0910,1120,,6,5,3,3703,0,0,0,,0,001,"4TH ST","ALAMEDA/ J ALLEY",0.00,,N,A,-,N,,,,,,,,,,N,3,0,1,2,A,-,05,21202,A,N,D,G,A,A,H,-,A,D,0,,Y,,,Y,,L,04,0,1,0,0,0,0,1,0,0,"- ","- ",,,"SAN DIEGO",CORONADO,-117.18322456,32.697991440000003
6960540,2015,2015-06-26,3700,2015-05-18,1600,SH0169,,1,5,5,3712,0,0,0,,0,352,"WEST MISSION RD","ONE MISSION HILLS CT",516.00,E,N,A,-,N,,,,,,,,,,N,4,0,1,2,A,-,17,21208,A,N,G,G,A,A,H,-,A,A,0,,Y,,,Y,,L,04,0,0,1,0,0,0,1,0,0,"- ","- ",,,"SAN DIEGO","SAN MARCOS",-117.14449704,33.144018619999997
6961234,2015,2016-12-01,9645,2015-05-30,2355,19376,,6,3,7,3711,0,1,1,,2,010,"RT 8","FAIRMOUNT AV",0.00,W,N,B,-,Y,SD,11,8,-,-,6.262,R,2,E,N,3,0,1,2,A,-,11,21954,A,N,G,B,E,A,H,-,D,D,1,Y,,,,Y,,N,60,0,1,0,0,1,0,0,0,0,FR,"- ",32.777999999999999,-117.09999999999999,"SAN DIEGO","SAN DIEGO",-117.1016316,32.778960509999997
6961260,2015,2016-11-17,9645,2015-06-04,0207,17133,,4,3,6,3702,0,1,1,,2,001,"RT 5","RT 54",1158.00,S,N,A,-,Y,SD,11,5,-,-,9.152,R,2,N,N,3,0,1,2,A,-,08,22107,,N,G,B,E,A,H,-,C,D,1,Y,,,,Y,,A,07,0,1,0,0,1,0,0,0,0,"- ","- ",32.647210000000001,-117.10227999999999,"SAN DIEGO","CHULA VISTA",-117.10271853,32.647763689999998
6961285,2015,2015-06-25,3700,2015-05-14,2035,SH0817,,4,5,5,3713,0,0,0,,0,311,"MAIN ST","S INDIANA AV",10.00,N,N,C,-,N,,,,,,,,,,N,4,0,2,3,A,-,11,21954,A,N,G,B,D,B,H,-,C,D,0,Y,,,,Y,,N,60,0,0,2,0,2,0,0,0,0,"- ","- ",,,"SAN DIEGO",VISTA,-117.24188269,33.202444939999999
6961313,2015,2015-06-25,3700,2015-05-24,0534,SH0029,,7,5,5,3713,0,0,0,,0,305,"W CALIFORNIA AV","CALLE ELEGANTE",102.00,N,N,B,-,N,,,,,,,,,,N,3,0,1,2,A,-,03,22350,,N,G,B,E,B,H,-,B,D,0,Y,,,,Y,,A,01,0,1,0,0,1,0,0,0,0,"- ","- ",,,"SAN DIEGO",VISTA,-117.25098546,33.210875440000002
6962361,2015,2015-07-09,3705,2015-05-01,1437,EC0292,,5,5,5,3705,0,0,0,,0,010,BROADWAY,BALLANTYNE,252.00,W,N,A,-,N,,,,,,,,,,N,3,0,1,2,A,-,08,22107,,N,H,G,A,A,H,-,A,D,0,,Y,,,Y,Y,L,04,0,1,0,0,0,0,1,0,0,"- ","- ",,,"SAN DIEGO","EL CAJON",-116.95894459,32.807609999999997
6962502,2015,2015-07-01,3706,2015-06-05,1529,ES1603,,5,5,6,3706,0,0,0,,0,045,"AUTO PARK WY","MEYERS AV",0.00,,Y,A,-,N,,,,,,,,,,N,4,0,1,2,D,-,00,,,N,G,B,B,A,H,-,A,A,0,Y,,,,Y,,-,"- ",0,0,1,0,1,0,0,0,0,"- ","- ",,,"SAN DIEGO",ESCONDIDO,-117.12312013,33.129200060000002
6962594,2015,2015-06-23,3705,2015-05-21,0730,EC0295,,4,5,5,3705,0,0,0,,0,009,JAMACHA,"E WASHINGTON",70.00,S,N,B,-,N,,,,,,,,,,N,3,0,1,2,A,-,11,21955,,N,G,B,D,A,H,-,A,A,0,Y,,,,Y,,N,60,0,1,0,0,1,0,0,0,0,"- ","- ",,,"SAN DIEGO","EL CAJON",-116.92806873000001,32.78749449
6963248,2015,2015-07-10,3706,2015-06-14,2120,ES0412,,7,5,6,3706,0,0,0,,0,042,"WASHINGTON AV","BEECHWOOD AV",52.00,W,N,A,-,N,,,,,,,,,,Y,3,0,1,2,A,-,11,21954,A,N,A,B,D,A,H,-,C,D,0,Y,,,,Y,Y,N,60,0,1,0,0,1,0,0,0,0,"- ","- ",,,"SAN DIEGO",ESCONDIDO,-117.06880783,33.13263731
6964114,2015,2015-06-26,3702,2015-05-18,2132,CV1106,,1,5,6,3702,0,0,0,,0,014,"1ST AV","H ST",12.00,S,N,A,-,N,,,,,,,,,,N,2,0,1,2,A,-,11,21456,B,N,G,B,B,A,H,-,C,A,0,Y,,,,Y,,N,60,1,0,0,0,1,0,0,0,0,"- ","- ",,,"SAN DIEGO","CHULA VISTA",-117.06903761,32.63666885
6964115,2015,2015-06-27,3702,2015-04-19,2011,CV1061,,7,5,6,3702,0,0,0,,0,021,BROADWAY,"CRESTED BUTTE ST",0.00,,Y,A,-,N,,,,,,,,,,N,4,0,1,2,A,-,10,21950,A,N,G,B,D,A,H,-,C,D,0,Y,,,,Y,Y,D,22,0,0,1,0,1,0,0,0,0,"- ","- ",,,"SAN DIEGO","CHULA VISTA",-117.0821,32.61195008
6964117,2015,2015-06-26,3702,2015-05-21,1604,CV1037,,4,5,6,3702,0,0,0,,0,042,"OLYMPIC PKWY","EASTLAKE PKWY",500.00,E,N,B,-,N,,,,,,,,,,N,3,0,1,2,A,-,08,22107,,N,B,G,A,A,H,-,A,D,0,,Y,,,Y,,L,04,0,1,0,0,0,0,1,0,0,"- ","- ",,,"SAN DIEGO","CHULA VISTA",-116.96311175,32.627423690000001
6964441,2015,2015-07-10,3711,2015-06-04,1810,6223,N2,4,5,7,3711,0,0,0,,0,121,"OCEAN FRONT WALK","TANGIERS CT",3.00,S,N,B,-,N,,,,,,,,,,N,4,0,2,2,A,-,11,21954,A,N,H,B,D,A,H,-,A,D,0,Y,Y,,,Y,,N,60,0,0,2,0,1,0,1,0,0,"- ","- ",,,"SAN DIEGO","SAN DIEGO",-117.25416828,32.785971910000001
6965354,2015,2015-07-09,3711,2015-06-17,1225,6657,SANDI,3,5,7,3711,0,0,0,,0,524,"3RD AV","B ST",0.00,,Y,A,-,N,,,,,,,,,,Y,3,0,2,2,A,-,17,21663,,N,G,B,F,A,H,-,A,A,0,Y,,,,Y,,-,,0,1,1,0,1,0,0,0,0,"- ","- ",,,"SAN DIEGO","SAN DIEGO",-117.16200005,32.717800089999997
6965412,2015,2015-07-03,3700,2015-05-31,1827,SH2076,,7,5,4,3780,0,0,0,,0,410,"TED WILLIAMS PKWY","POMERADO RD",181.00,W,N,A,-,N,,,,,,,,,,N,2,0,1,2,A,-,11,21954,A,N,G,B,D,A,H,-,A,A,0,Y,,,,Y,,N,60,1,0,0,0,1,0,0,0,0,"- ","- ",,,"SAN DIEGO",POWAY,-117.06302426000001,32.978573949999998
6965586,2015,2015-07-14,3711,2015-06-17,0749,6156,SD,3,5,7,3711,0,0,0,,0,115,GENESEE,"GENESEE AV",2.00,W,N,A,-,N,,,,,,,,,,N,4,0,1,2,A,-,09,21801,A,N,B,G,A,A,H,-,A,A,0,,Y,,,Y,,-,,0,0,1,0,0,0,1,0,0,"- ","- ",,,"SAN DIEGO","SAN DIEGO",-117.24035000000001,32.891739999999999
6965590,2015,2015-07-14,3711,2015-06-17,1502,6176,,3,5,7,3711,0,0,0,,0,436,"LISBON ST","71ST ST",6.00,E,N,A,-,N,,,,,,,,,,N,3,0,1,2,A,-,11,21950,B,N,G,B,D,A,H,-,A,D,0,Y,,,,Y,,N,60,0,1,0,0,1,0,0,0,0,"- ","- ",,,"SAN DIEGO","SAN DIEGO",-117.04601056,32.712060000000001
6965730,2015,2015-07-11,3711,2015-06-12,0831,6082,,5,5,7,3711,0,0,0,,0,124,"LA JOLLA BL","COLIMA ST",45.00,S,N,B,-,N,,,,,,,,,,N,3,0,1,2,A,-,10,21950,A,N,-,B,C,B,H,-,A,A,0,Y,,,,Y,,-,,0,1,0,0,1,0,0,0,0,"- ","- ",,,"SAN DIEGO","SAN DIEGO",-117.26651787999999,32.810991389999998
6965832,2015,2015-07-11,3711,2015-06-11,1442,6994,,4,5,7,3711,0,0,0,,0,451,"REDWOOD ST","54TH ST",90.00,E,N,A,-,N,,,,,,,,,,N,4,0,1,2,A,-,17,22517,,N,G,B,E,A,H,-,A,D,0,Y,,,,Y,,N,60,0,0,1,0,1,0,0,0,0,"- ","- ",,,"SAN DIEGO","SAN DIEGO",-117.07952847999999,32.737675709999998
6965848,2015,2015-07-15,3711,2015-06-12,2315,7010,,5,5,7,3711,0,0,0,,0,524,"6TH AV","A ST",0.00,N,N,A,-,N,,,,,,,,,,N,3,0,1,2,A,-,11,21955,,M,G,B,D,A,H,-,C,D,0,Y,,,,Y,,N,60,0,1,0,0,1,0,0,0,0,"- ","- ",,,"SAN DIEGO","SAN DIEGO",-117.15928012000001,32.718840049999997
6965873,2015,2015-07-15,3711,2015-06-04,1840,7267,,4,5,7,3711,0,0,0,,0,442,"S 39TH ST","LOGAN AV",153.00,S,N,B,-,N,,,,,,,,,,N,3,0,1,2,A,-,11,21950,B,N,G,B,D,A,H,-,A,D,0,Y,,Y,,Y,,N,60,0,1,0,0,1,0,0,0,0,"- ","- ",,,"SAN DIEGO","SAN DIEGO",-117.11029589,32.696660909999999
6965893,2015,2015-07-20,3711,2015-06-06,2156,6817,SANDI,6,5,7,3711,0,0,0,,0,122,"DAWES ST","GARNET AV",12.00,S,N,A,-,N,,,,,,,,,,N,4,0,1,2,A,-,"- ",,,N,G,B,B,A,H,-,C,D,0,Y,,,,Y,Y,-,,0,0,1,0,1,0,0,0,0,"- ","- ",,,"SAN DIEGO","SAN DIEGO",-117.24999968,32.7976983
6965898,2015,2015-07-15,3711,2015-06-11,0030,7298,,4,5,7,3711,0,0,0,,0,521,ISLAND,9TH,13.00,E,N,B,-,N,,,,,,,,,,N,4,0,1,2,A,-,10,21950,A,M,G,B,B,B,H,-,C,D,0,Y,,,,Y,,-,,0,0,1,0,1,0,0,0,0,"- ","- ",,,"SAN DIEGO","SAN DIEGO",-117.15644788,32.710430459999998
6965910,2015,2015-07-15,3711,2015-06-13,1140,4691,,6,5,7,3711,0,0,0,,0,241,"CAMINITO VISTA PACIFICA","ELECTRICAL BOX",9.00,E,N,A,-,N,,,,,,,,,,N,4,0,1,2,A,-,21,22106,,N,G,B,E,A,H,-,A,D,0,Y,,,,Y,,-,,0,0,1,0,1,0,0,0,0,"- ","- ",,,"SAN DIEGO","SAN DIEGO",,
6965912,2015,2015-07-13,3700,2015-06-09,1640,SH0817,,2,5,5,3713,0,0,0,,0,317,"LA MIRADA DR","SYCAMORE AV",6.00,N,N,A,-,N,,,,,,,,,,Y,3,0,1,2,A,-,12,21453,A,F,D,G,A,A,H,-,A,A,0,,Y,,,Y,,L,04,0,1,0,0,0,0,1,0,0,"- ","- ",,,"SAN DIEGO",VISTA,-117.22613751,33.151657299999997
6965918,2015,2015-07-15,3711,2015-06-14,1553,5491,SANDI,7,5,7,3711,0,0,0,,0,531,"PARK BL","MORLEY FIELD DR",21.00,N,N,B,-,N,,,,,,,,,,Y,3,0,1,3,A,-,04,21703,,N,H,G,A,A,H,-,A,A,0,,Y,,,Y,,-,,0,1,0,0,0,0,1,0,0,"- ","- ",,,"SAN DIEGO","SAN DIEGO",-117.14742642,32.740275830000002
6966448,2015,2016-06-06,3711,2015-05-28,1835,7257,,4,5,7,3711,0,0,0,,0,826,"WEST ALY 4200 52ND ST","TROJAN AV",0.00,,Y,A,-,N,,,,,,,,,,N,3,0,1,2,A,-,09,21804,A,M,A,G,A,A,H,-,A,D,0,,Y,,,Y,,L,04,0,1,0,0,0,0,1,0,0,"- ","- ",,,"SAN DIEGO","SAN DIEGO",,
6966500,2015,2015-06-30,3702,2015-05-19,1238,CV0604,,2,5,6,3702,0,0,0,,0,012,"4TH AV","ROOSEVELT ST",66.00,S,N,A,-,N,,,,,,,,,,N,4,0,1,2,A,-,11,21954,A,N,G,B,D,A,H,-,A,A,0,Y,,,,Y,,N,60,0,0,1,0,1,0,0,0,0,"- ","- ",,,"SAN DIEGO","CHULA VISTA",-117.08189351999999,32.634758189999999
6966533,2015,2015-06-27,3702,2015-05-03,1357,CV1012,,7,5,6,3702,0,0,0,,0,032,"OTAY LAKES RD","BONITA RD",0.00,,Y,A,-,N,,,,,,,,,,N,4,0,1,2,A,-,10,21950,A,F,G,B,B,A,H,-,A,A,0,Y,,,,Y,,A,01,0,0,1,0,1,0,0,0,0,"- ","- ",,,"SAN DIEGO","CHULA VISTA",-117.0313101,32.661350030000001
6966537,2015,2015-06-27,3702,2015-05-06,0720,CV1153,,3,5,6,3702,0,0,0,,0,031,"TELEGRAPH RD","OTAY LAKES RD",0.00,,Y,A,-,N,,,,,,,,,,N,3,0,1,2,A,-,05,21202,A,N,D,G,A,A,H,-,A,A,0,,Y,,,Y,,L,04,0,1,0,0,0,0,1,0,0,"- ","- ",,,"SAN DIEGO","CHULA VISTA",-116.99051994,32.638780060000002
6966551,2015,2015-06-30,3702,2015-05-30,2149,CV1060,,6,5,6,3702,0,0,0,,0,024,"ANITA ST","BROADWAY AV",520.00,W,N,A,-,N,,,,,,,,,,N,4,0,1,2,A,-,21,22106,,F,G,B,D,A,H,-,A,D,0,Y,,,,Y,,A,07,0,0,1,0,1,0,0,0,0,"- ","- ",,,"SAN DIEGO","CHULA VISTA",-117.07850263,32.598466510000002
6966552,2015,2015-06-30,3711,2015-05-07,1734,7156,,4,5,7,3711,0,0,0,,0,512,"FRANKLIN AV","S 31ST",255.00,E,N,A,-,N,,,,,,,,,,N,3,0,1,2,A,-,11,21950,B,N,B,B,D,A,H,-,A,D,0,Y,,,,Y,,N,60,0,1,0,0,1,0,0,0,0,"- ","- ",,,"SAN DIEGO","SAN DIEGO",-117.12653386,32.702216210000003
6967418,2015,2015-07-03,3711,2015-06-12,0850,7291,,5,5,7,3711,0,0,0,,0,933,"DEL MAR HEIGHTS RD","NOB AV",3.00,S,N,B,-,N,,,,,,,,,,N,3,0,1,2,A,-,08,22107,,N,B,G,A,B,H,-,A,D,0,,Y,,,Y,,A,07,0,1,0,0,0,0,1,0,0,"- ","- ",,,"SAN DIEGO","SAN DIEGO",-117.25970928,32.9484675
6967421,2015,2015-07-03,3711,2015-06-05,0830,5061,,5,5,7,3711,0,0,0,,0,313,"BALBOA AV","MERCURY ST",16.00,W,N,B,-,N,,,,,,,,,,N,2,0,1,2,A,-,11,21456,B,N,G,B,B,A,H,-,A,A,0,Y,,,,Y,,N,60,1,0,0,0,1,0,0,0,0,"- ","- ",,,"SAN DIEGO","SAN DIEGO",-117.14897190000001,32.82181911
6967448,2015,2015-07-02,3701,2015-06-09,0720,5287,105,2,5,5,3701,0,0,0,,0,007,"ALICANTE RD","ZAMORA WY",528.00,N,N,A,-,N,,,,,,,,,,N,3,0,1,2,A,-,09,21801,A,N,B,G,A,A,H,-,A,D,0,,Y,,,Y,,A,01,0,1,0,0,0,0,1,0,0,"- ","- ",33.09442,-117.25899,"SAN DIEGO",CARLSBAD,-117.25899859,33.09463667
6967485,2015,2016-06-06,3711,2015-06-02,1810,6402,,2,5,7,3711,0,0,0,,0,521,"ISLAND AV","13TH ST",6.00,E,N,A,-,N,,,,,,,,,,N,4,0,1,2,A,-,10,21950,A,N,G,B,B,A,H,-,A,D,0,Y,,,,Y,,-,,0,0,1,0,1,0,0,0,0,"- ","- ",,,"SAN DIEGO","SAN DIEGO",-117.15279056,32.710459999999998
6967489,2015,2015-07-02,3711,2015-06-09,1449,6395,SANDI,2,5,7,3711,0,0,0,,0,723,"CORONADO AV","27TH ST",0.00,,Y,B,-,N,,,,,,,,,,N,4,0,1,2,A,-,11,21950,B,N,G,B,B,A,H,-,A,A,0,Y,,,,Y,,N,60,0,0,1,0,1,0,0,0,0,"- ","- ",,,"SAN DIEGO","SAN DIEGO",-117.07543010000001,32.576470110000002
6969013,2015,2015-07-02,9680,2015-06-15,1005,17996,,1,1,9,3700,0,2,4,,1,026,"BANCROFT DR","MAC LN",0.00,,Y,A,-,N,,,,,,,,,,N,4,0,1,2,A,-,05,21202,A,N,H,G,A,A,H,-,A,A,0,,Y,,,Y,,L,04,0,0,1,0,0,0,1,0,0,"- ","- ",32.737699999999997,-117.00569,"SAN DIEGO",UNINCORPORATED,-117.00579003,32.737670110000003
6969602,2015,2015-07-13,3701,2015-06-28,1338,5339,37,7,5,5,3701,0,0,0,,0,002,"CARLSBAD BL","ACACIA AV",21.00,S,N,A,-,N,,,,,,,,,,N,2,0,1,2,A,-,11,21954,A,N,G,B,D,A,H,-,A,D,0,Y,,,,Y,,N,60,1,0,0,0,1,0,0,0,0,"- ","- ",,,"SAN DIEGO",CARLSBAD,-117.34805264000001,33.151011799999999
6969618,2015,2015-07-13,3701,2015-06-10,0634,5379,35,3,5,5,3701,0,0,0,,0,002,"JEFFERSON ST","TAMARACK AV",60.00,N,N,A,-,N,,,,,,,,,,N,4,0,1,2,A,-,09,21801,A,N,D,G,A,A,H,-,A,D,0,,Y,,,Y,,A,01,0,0,1,0,0,0,1,0,0,"- ","- ",33.151359999999997,-117.33783,"SAN DIEGO",CARLSBAD,-117.33810806,33.15160676
6969637,2015,2015-07-11,3705,2015-06-05,2348,EC0337,,5,5,5,3705,0,0,0,,0,009,JAMACHA,"E WASHINGTON",0.00,,Y,A,-,N,,,,,,,,,,N,3,0,1,2,A,-,10,21950,A,M,G,B,B,A,H,-,C,A,0,Y,,,,Y,,-,,0,1,0,0,1,0,0,0,0,"- ","- ",,,"SAN DIEGO","EL CAJON",-116.92816003999999,32.787670110000001
6970014,2015,2016-06-06,3711,2015-06-11,1400,4897,,4,5,7,3711,0,0,0,,0,116,"MISSION BAY DR","ROSEWOOD ST",228.00,S,N,B,-,N,,,,,,,,,,Y,2,0,1,2,A,-,11,21954,A,N,G,B,D,A,H,-,A,D,0,Y,,,,Y,,N,60,1,0,0,0,1,0,0,0,0,"- ","- ",,,"SAN DIEGO","SAN DIEGO",-117.21316933,32.80013495
6970210,2015,2015-07-07,3711,2015-06-16,1755,4051,,2,5,7,3711,0,0,0,,0,814,"W MOUNTAIN VIEW DR","COLLIER AV",24.00,S,N,A,-,N,,,,,,,,,,N,3,0,1,2,A,-,17,22517,,N,-,G,A,A,H,-,A,D,0,,Y,,,Y,,-,,0,1,0,0,0,0,1,0,0,"- ","- ",,,"SAN DIEGO","SAN DIEGO",-117.12620608,32.765405680000001