CASE_ID,ACCIDENT_YEAR,PROC_DATE,JURIS,COLLISION_DATE,COLLISION_TIME,OFFICER_ID,REPORTING_DISTRICT,DAY_OF_WEEK,CHP_SHIFT,POPULATION,CNTY_CITY_LOC,SPECIAL_COND,BEAT_TYPE,CHP_BEAT_TYPE,CITY_DIVISION_LAPD,CHP_BEAT_CLASS,BEAT_NUMBER,PRIMARY_RD,SECONDARY_RD,DISTANCE,DIRECTION,INTERSECTION,WEATHER_1,WEATHER_2,STATE_HWY_IND,CALTRANS_COUNTY,CALTRANS_DISTRICT,STATE_ROUTE,ROUTE_SUFFIX,POSTMILE_PREFIX,POSTMILE,LOCATION_TYPE,RAMP_INTERSECTION,SIDE_OF_HWY,TOW_AWAY,COLLISION_SEVERITY,NUMBER_KILLED,NUMBER_INJURED,PARTY_COUNT,PRIMARY_COLL_FACTOR,PCF_CODE_OF_VIOL,PCF_VIOL_CATEGORY,PCF_VIOLATION,PCF_VIOL_SUBSECTION,HIT_AND_RUN,TYPE_OF_COLLISION,MVIW,PED_ACTION,ROAD_SURFACE,ROAD_COND_1,ROAD_COND_2,LIGHTING,CONTROL_DEVICE,CHP_ROAD_TYPE,PEDESTRIAN_ACCIDENT,BICYCLE_ACCIDENT,MOTORCYCLE_ACCIDENT,TRUCK_ACCIDENT,NOT_PRIVATE_PROPERTY,ALCOHOL_INVOLVED,STWD_VEHTYPE_AT_FAULT,CHP_VEHTYPE_AT_FAULT,COUNT_SEVERE_INJ,COUNT_VISIBLE_INJ,COUNT_COMPLAINT_PAIN,COUNT_PED_KILLED,COUNT_PED_INJURED,COUNT_BICYCLIST_KILLED,COUNT_BICYCLIST_INJURED,COUNT_MC_KILLED,COUNT_MC_INJURED,PRIMARY_RAMP,SECONDARY_RAMP,LATITUDE,LONGITUDE,COUNTY,CITY,POINT_X,POINT_Y
7000646,2015,2015-07-28,3711,2015-07-10,2125,6540,,5,5,7,3711,0,0,0,,0,524,"11TH AV","C ST",3.00,S,N,A,-,N,,,,,,,,,,N,4,0,1,2,A,-,10,21950,A,M,G,B,B,A,H,-,B,A,0,Y,,,,Y,,-,99,0,0,1,0,1,0,0,0,0,"- ","- ",,,"SAN DIEGO","SAN DIEGO",-117.15470999999999,32.716781779999998
7000649,2015,2015-07-28,3703,2015-07-04,1600,1137,,6,5,3,3703,0,0,0,,0,003,"10TH ST","E GLORIETTA BL",110.00,N,N,A,-,N,,,,,,,,,,N,3,0,1,2,A,-,03,22350,,N,A,G,A,A,H,-,A,D,0,,Y,,,Y,,L,04,0,1,0,0,0,0,1,0,0,"- ","- ",,,"SAN DIEGO",CORONADO,-117.1742406,32.683644819999998
7000650,2015,2016-07-19,3711,2015-07-03,1520,6495,SD,5,5,7,3711,0,0,0,,0,834,"UNIVERSITY AV","UNIVERSITY AV 4300",0.00,,-,A,-,N,,,,,,,,,,N,4,0,1,2,C,-,18,,,N,H,G,A,A,H,-,A,A,0,,Y,,,Y,,-,"- ",0,0,1,0,0,0,1,0,0,"- ","- ",,,"SAN DIEGO","SAN DIEGO",-117.10146189,32.749610509999997
7000658,2015,2015-07-28,3711,2015-07-11,1740,6979,3711,6,5,7,3711,0,0,0,,0,121,"MISSION BL",VENTURA,20.00,E,N,A,-,N,,,,,,,,,,N,3,0,1,2,A,-,03,22350,,M,D,G,A,A,H,-,A,A,0,,Y,,,Y,,-,99,0,1,0,0,0,0,1,0,0,"- ","- ",,,"SAN DIEGO","SAN DIEGO",-117.25121772,32.771985239999999
7000678,2015,2015-08-03,3711,2015-07-11,1249,5990,SDPD,6,5,7,3711,0,0,0,,0,121,"MISSION BL","MISSION BL 3600",0.00,,-,A,-,N,,,,,,,,,,N,3,0,1,2,A,-,04,21703,,N,C,G,A,A,H,-,A,-,0,,Y,,,Y,,L,04,0,1,0,0,0,0,1,0,0,"- ","- ",32.780059999999999,-117.25255,"SAN DIEGO","SAN DIEGO",-117.25252748,32.780058560000001
7000686,2015,2015-07-28,3711,2015-07-13,2055,5812,,1,5,7,3711,0,0,0,,0,115,"CAMINO GLORITA","CAMINO HUERTA",176.00,E,N,A,-,N,,,,,,,,,,N,4,0,1,2,A,-,03,22350,,N,G,B,E,A,H,-,C,D,0,Y,,,,Y,Y,A,01,0,0,1,0,1,0,0,0,0,"- ","- ",,,"SAN DIEGO","SAN DIEGO",-117.21640858000001,32.86039916
7000691,2015,2015-07-29,3711,2015-07-04,2302,5198,,6,5,7,3711,0,0,0,,0,123,"W MISSION BAY",QUIVIRA,1682.00,W,N,A,-,N,,,,,,,,,,N,2,0,2,2,A,-,11,21955,,N,G,B,D,A,H,-,C,D,0,Y,,,,Y,,N,60,1,0,1,0,1,0,0,0,0,"- ","- ",,,"SAN DIEGO","SAN DIEGO",-117.24241797000001,32.767993939999997
7000699,2015,2015-07-30,3711,2015-07-03,1612,7178,CEN,5,5,7,3711,0,0,0,,0,523,"MARKET ST","5TH AV",150.00,W,N,A,-,N,,,,,,,,,,N,3,0,1,2,A,-,17,22517,,N,A,G,A,A,H,-,A,D,0,,Y,,,Y,,-,,0,1,0,0,0,0,1,0,0,"- ","- ",,,"SAN DIEGO","SAN DIEGO",-117.16063567,32.711483909999998
7000707,2015,2015-07-31,3711,2015-07-10,1520,5918,,5,5,7,3711,0,0,0,,0,432,"OLVERA RD","SOUTH EUCLID AV",9.00,E,N,A,-,N,,,,,,,,,,N,3,0,1,2,A,-,11,21456,B,N,G,B,B,A,H,-,A,A,0,Y,,,,Y,,N,60,0,1,0,0,1,0,0,0,0,"- ","- ",,,"SAN DIEGO","SAN DIEGO",-117.08507673,32.697054850000001
7000715,2015,2015-07-29,3711,2015-07-01,1012,6753,SANDI,3,5,7,3711,0,0,0,,0,821,"70TH ST","MOHAWK ST",1.00,N,N,A,-,N,,,,,,,,,,N,3,0,1,2,A,-,10,21950,A,N,G,B,B,A,H,-,A,D,0,Y,,,,Y,,-,,0,1,0,0,1,0,0,0,0,"- ","- ",,,"SAN DIEGO","SAN DIEGO",-117.04711,32.769762739999997
7001234,2015,2015-07-23,3711,2015-05-31,1551,4617,,7,5,7,3711,0,0,0,,0,528,"KETTNER BL","W KALMIA",0.00,,Y,A,-,N,,,,,,,,,,N,3,0,1,2,A,-,07,21658,A,N,G,B,B,A,H,-,A,D,0,Y,,,,Y,,-,,0,1,0,0,1,0,0,0,0,"- ","- ",,,"SAN DIEGO","SAN DIEGO",-117.17155001,32.72904011
7001257,2015,2015-07-23,3708,2015-05-20,1550,LM8233,,3,5,5,3708,0,0,0,,0,001,"UNIVERSITY AV","UNIVERSITY AV 7400",0.00,,N,A,-,N,,,,,,,,,,N,4,0,1,2,A,-,05,21650,1,N,D,G,A,A,H,-,A,A,0,,Y,,,Y,,L,04,0,0,1,0,0,0,1,0,0,"- ","- ",,,"SAN DIEGO","LA MESA",-117.03874469,32.75681015
7001264,2015,2015-07-24,3708,2015-06-11,1531,LM1167,,4,5,5,3708,0,0,0,,0,004,"GROSSMONT CENTER DR","PARKWAY DR",0.00,,N,A,-,N,,,,,,,,,,N,3,0,1,2,A,-,11,21954,A,F,G,B,D,A,H,-,A,A,0,Y,,,,Y,Y,N,60,0,1,0,0,1,0,0,0,0,"- ","- ",,,"SAN DIEGO","LA MESA",,
7001272,2015,2015-07-24,3708,2015-06-12,0905,LM1167,,5,5,5,3708,0,0,0,,0,001,"ALLISON AV","SPRING ST",127.00,W,N,A,-,N,,,,,,,,,,N,4,0,1,2,A,-,10,21950,A,N,G,B,B,A,H,-,C,A,0,Y,,,,Y,,A,01,0,0,1,0,1,0,0,0,0,"- ","- ",,,"SAN DIEGO","LA MESA",-117.02134169999999,32.766039999999997
7002003,2015,2015-07-22,9650,2015-07-08,2318,015738,,3,3,9,3700,0,2,4,,2,061,"N MAIN AV","EAST MISSION RD",0.00,,Y,A,-,N,,,,,,,,,,N,4,0,1,2,A,-,12,21453,A,N,H,G,A,A,H,-,C,A,0,,Y,,,Y,,L,04,0,0,1,0,0,0,1,0,0,"- ","- ",33.384709999999998,-117.25141000000001,"SAN DIEGO",UNINCORPORATED,-117.25133,33.384620089999999
7002373,2015,2015-07-27,3702,2015-05-20,1200,CV1004,,3,5,6,3702,0,0,0,,0,014,"D ST","2ND AV",5.00,W,N,A,-,N,,,,,,,,,,N,4,0,1,2,A,-,03,22350,,F,G,B,D,A,H,-,A,A,0,Y,,,,Y,,A,01,0,0,1,0,1,0,0,0,0,"- ","- ",,,"SAN DIEGO","CHULA VISTA",-117.07849543,32.649315850000001
7002844,2015,2015-08-08,3710,2015-07-03,1520,OC1185,,5,5,6,3710,0,0,0,,0,011,"CROUCH ST","CANYON DR",0.00,,Y,A,-,N,,,,,,,,,,N,3,0,1,2,A,-,08,22107,,N,G,B,D,A,H,-,A,D,0,Y,,,,Y,,D,22,0,1,0,0,1,0,0,0,0,"- ","- ",,,"SAN DIEGO",OCEANSIDE,-117.35378005,33.197180109999998
7002937,2015,2015-08-29,3700,2015-07-02,1007,SH7294,,4,5,5,3781,0,0,0,,0,513,"CARLTON HILLS BL","WILLOWGROVE AV",180.00,N,N,A,-,N,,,,,,,,,,N,3,0,1,2,A,-,09,21804,A,N,A,G,A,A,H,-,A,D,0,,Y,,,Y,Y,-,,0,1,0,0,0,0,1,0,0,"- ","- ",,,"SAN DIEGO",SANTEE,-116.99661118,32.841189180000001
7003072,2015,2015-08-05,3700,2015-06-23,0909,SH0169,,2,5,5,3712,0,0,0,,0,355,"NORTH TWIN OAKS VALLEY DR","E SAN MARCOS BL",335.00,S,N,A,-,N,,,,,,,,,,N,2,0,1,2,A,-,09,21804,A,N,G,B,D,A,H,-,A,D,0,Y,,,,Y,,A,01,1,0,0,0,1,0,0,0,0,"- ","- ",,,"SAN DIEGO","SAN MARCOS",-117.16375101,33.140036299999998
7003216,2015,2015-08-03,3700,2015-07-01,1843,SH7146,,3,5,5,3712,0,0,0,,0,358,"SOUTH RANCHO SANTA FE RD","LA COLUSA DR",275.00,S,N,C,-,N,,,,,,,,,,N,3,0,1,2,A,-,11,21954,A,N,G,B,D,B,H,-,A,D,0,Y,,,,Y,,N,60,0,1,0,0,1,0,0,0,0,"- ","- ",,,"SAN DIEGO","SAN MARCOS",-117.20417988,33.138640240000001
7003364,2015,2015-08-03,3700,2015-05-24,1111,SH2733,,7,5,5,3781,0,0,0,,0,519,"COTTONWOOD AV","MISSION GORGE RD",11.00,S,N,A,-,N,,,,,,,,,,N,4,0,1,2,A,-,03,22350,,N,G,B,B,A,H,-,A,D,0,Y,,,,Y,,A,01,0,0,1,0,1,0,0,0,0,"- ","- ",,,"SAN DIEGO",SANTEE,-116.97359974,32.838419879999996
7003376,2015,2015-07-30,3700,2015-05-15,0715,SH3098,,5,5,5,3781,0,0,0,,0,507,"N MAGNOLIA AV","PALM GLEN DR",0.00,,Y,A,-,N,,,,,,,,,,N,4,0,1,2,A,-,12,22450,A,F,B,G,A,A,H,-,A,D,0,,Y,,,Y,Y,-,,0,0,1,0,0,0,1,0,0,"- ","- ",,,"SAN DIEGO",SANTEE,-116.97113004000001,32.853300109999999
7004168,2015,2015-08-07,3711,2015-07-27,1543,7317,SANDI,1,5,7,3711,0,0,0,,0,515,"K ST","DODSON ST",2.00,E,N,A,-,N,,,,,,,,,,N,3,0,1,2,A,-,12,22450,A,F,B,G,A,A,H,-,A,A,0,,Y,,,Y,,-,,0,1,0,0,0,0,1,0,0,"- ","- ",,,"SAN DIEGO","SAN DIEGO",-117.13112353,32.708460209999998
7004171,2015,2015-08-07,3711,2015-07-27,1953,6493,,1,5,7,3711,0,0,0,,0,311,"CASTLE GLEN DR","VILLAGE CIR",600.00,N,N,A,-,N,,,,,,,,,,N,3,0,1,2,A,-,11,21954,A,N,G,B,E,A,H,-,B,D,0,Y,,,,Y,,N,60,0,1,0,0,1,0,0,0,0,"- ","- ",,,"SAN DIEGO","SAN DIEGO",-117.130531,32.806615000000001
7004174,2015,2015-08-05,3711,2015-07-15,0527,5972,,3,5,7,3711,0,0,0,,0,511,"CESAR E CHAVEZ PKWY","LOGAN AV",2.00,S,N,A,-,N,,,,,,,,,,N,2,0,1,2,A,-,12,21453,A,F,G,B,B,A,H,-,C,A,0,Y,,,,Y,,-,99,1,0,0,0,1,0,0,0,0,"- ","- ",,,"SAN DIEGO","SAN DIEGO",-117.14427401,32.701455699999997
7004176,2015,2016-07-19,3711,2015-07-27,1900,7203,SANDI,1,5,7,3711,0,0,0,,0,452,"ALDERLEY ST","61ST ST",300.00,E,N,A,-,N,,,,,,,,,,N,4,0,1,2,A,-,11,21950,B,N,G,B,E,A,H,-,A,D,0,Y,,,,Y,,N,60,0,0,1,0,1,0,0,0,0,"- ","- ",,,"SAN DIEGO","SAN DIEGO",-117.06586933,32.700529719999999
7004178,2015,2015-08-10,3711,2015-07-14,0300,6939,,2,5,7,3711,0,0,0,,0,613,"TENNYSON ST","WABASKA DR",0.00,,Y,A,-,N,,,,,,,,,,N,3,0,1,2,D,-,00,,,M,C,G,A,A,H,-,C,A,0,,Y,,,Y,,-,"- ",0,1,0,0,0,0,1,0,0,"- ","- ",,,"SAN DIEGO","SAN DIEGO",-117.23246009,32.740060069999998
7004183,2015,2015-08-07,3711,2015-07-12,1907,6886,,7,5,7,3711,0,0,0,,0,824,"EUCLID AV","EL CAJON BL",7.00,N,N,A,-,N,,,,,,,,,,N,3,0,1,2,A,-,10,21950,A,N,A,B,B,A,H,-,A,A,0,Y,,,,Y,,-,,0,1,0,0,1,0,0,0,0,"- ","- ",,,"SAN DIEGO","SAN DIEGO",-117.0922094,32.75605917
7004187,2015,2015-08-07,3711,2015-07-27,2005,6891,,1,5,7,3711,0,0,0,,0,111,"CLAIREMONT MESA BL","DIANE AV",0.00,,Y,A,-,N,,,,,,,,,,N,4,0,1,2,A,-,09,21801,A,N,G,B,B,A,H,-,C,A,0,Y,,,,Y,,-,,0,0,1,0,1,0,0,0,0,"- ","- ",,,"SAN DIEGO","SAN DIEGO",-117.18705011999999,32.834530030000003
7004212,2015,2015-08-07,3711,2015-07-26,0742,6702,,7,5,7,3711,0,0,0,,0,517,BROADWAY,"30TH ST",0.00,,Y,A,-,N,,,,,,,,,,N,4,0,1,2,A,-,10,21950,A,N,G,B,B,A,H,-,A,A,0,Y,,,,Y,,A,01,0,0,1,0,1,0,0,0,0,"- ","- ",,,"SAN DIEGO","SAN DIEGO",-117.12959005,32.715870049999999
7004215,2015,2015-08-18,3711,2015-07-26,0032,7289,,7,5,7,3711,0,0,0,,0,611,"CAMINO DEL RIO W","KURTZ ST",0.00,,Y,A,-,N,,,,,,,,,,N,3,0,1,2,A,-,11,21456,B,N,D,G,A,A,H,-,C,A,0,,Y,,,Y,Y,L,04,0,1,0,0,0,0,1,0,0,"- ","- ",,,"SAN DIEGO","SAN DIEGO",-117.20503006,32.753020050000003
7004216,2015,2015-08-07,3711,2015-07-27,0815,7082,,1,5,7,3711,0,0,0,,0,722,"CHAVEZ RD","VALENTINO ST",100.00,W,N,A,-,N,,,,,,,,,,N,4,0,1,2,C,-,18,,,N,G,B,F,A,H,-,A,D,0,Y,,,,Y,,-,"- ",0,0,1,0,1,0,0,0,0,"- ","- ",,,"SAN DIEGO","SAN DIEGO",-117.06747453,32.560040489999999
7004236,2015,2015-08-07,3711,2015-07-26,2050,6967,SD,7,5,7,3711,0,0,0,,0,813,"28TH ST",PALM,400.00,N,N,A,-,N,,,,,,,,,,N,3,0,1,2,A,-,08,22103,,N,C,G,A,A,H,-,C,D,0,,Y,,,Y,,L,04,0,1,0,0,0,0,1,0,0,"- ","- ",,,"SAN DIEGO","SAN DIEGO",-117.13361279,32.736725700000001
7004239,2015,2015-08-19,3711,2015-07-25,0015,6939,,6,5,7,3711,0,0,0,,0,615,ROSECRANS,"OLIPHANT ST",204.00,N,N,A,-,N,,,,,,,,,,N,3,0,2,3,A,-,11,21950,B,N,G,B,D,A,H,-,C,D,0,Y,,,,Y,Y,N,60,0,1,1,0,1,0,0,0,0,"- ","- ",,,"SAN DIEGO","SAN DIEGO",-117.2239076,32.730865940000001
7004727,2015,2015-08-18,3706,2015-07-28,1425,ES0322,,2,5,6,3706,0,0,0,,0,042,"LINCOLN AV","BEECH ST",15.00,W,N,A,-,N,,,,,,,,,,Y,3,0,2,2,A,-,09,21801,A,N,A,G,A,A,H,-,A,D,0,,Y,,,Y,,L,04,0,2,0,0,0,0,1,0,0,"- ","- ",,,"SAN DIEGO",ESCONDIDO,-117.07476249,33.138179749999999
7005012,2015,2015-07-24,3711,2015-07-02,1410,5600,,4,5,7,3711,0,0,0,,0,314,"HEALTH CENTER DR","FROST ST",0.00,,Y,A,-,N,,,,,,,,,,N,2,0,1,2,A,-,10,21950,A,N,G,B,B,A,H,-,A,A,0,Y,,,,Y,,A,08,1,0,0,0,1,0,0,0,0,"- ","- ",,,"SAN DIEGO","SAN DIEGO",-117.15532007,32.800290019999998
7005017,2015,2015-07-24,3711,2015-07-07,1612,7145,,2,5,7,3711,0,0,0,,0,521,"NATIONAL AV","NATIONAL 1300",5.00,S,N,A,-,N,,,,,,,,,,N,4,0,1,2,A,-,09,21804,A,N,G,B,F,A,H,-,A,D,0,Y,,,,Y,,-,,0,0,1,0,1,0,0,0,0,"- ","- ",,,"SAN DIEGO","SAN DIEGO",,
7005791,2015,2015-07-28,3705,2015-04-07,1842,EC0301,,2,5,5,3705,0,0,0,,0,008,"W LEXINGTON",EMERALD,35.00,W,N,A,-,N,,,,,,,,,,N,4,0,1,2,A,-,10,21954,B,N,G,B,D,A,H,-,A,D,0,Y,,,,Y,,A,01,0,0,1,0,1,0,0,0,0,"- ","- ",,,"SAN DIEGO","EL CAJON",-116.96888471,32.792406960000001
7006105,2015,2015-08-26,3711,2015-07-13,0356,HB5062,,1,5,7,3711,0,0,0,,0,504,"HARBOR DR","HARBOR DR 600",0.00,,N,A,-,N,,,,,,,,,,N,1,1,0,2,A,-,11,21954,A,F,G,B,D,A,H,-,C,D,0,Y,,,,Y,Y,N,60,0,0,0,1,0,0,0,0,0,"- ","- ",,,"SAN DIEGO","SAN DIEGO",-117.16892034,32.71141677
7006113,2015,2017-05-09,3701,2015-07-22,1832,5291,62,3,5,5,3701,0,0,0,,0,005,"COLLEGE BL","PALOMAR POINT WY",1847.00,S,N,A,-,N,,,,,,,,,,Y,1,1,0,2,A,-,07,21658,A,N,C,G,A,A,H,-,A,D,0,,Y,,,Y,,A,08,0,0,0,0,0,1,0,0,0,"- ","- ",33.128540000000001,-117.29671,"SAN DIEGO",CARLSBAD,-117.29671964000001,33.128574200000003
7006218,2015,2015-10-30,3705,2015-02-26,1549,EC0160,,4,5,5,3705,0,0,0,,0,007,"PEACH AV","PEACH AV 900",0.00,,N,A,-,N,,,,,,,,,,Y,1,1,0,2,A,-,11,21954,A,N,G,B,D,A,H,-,A,D,0,Y,,,,Y,,N,60,0,0,0,1,0,0,0,0,0,"- ","- ",,,"SAN DIEGO","EL CAJON",-116.95097923,32.806568349999999
7006284,2015,2015-11-13,3711,2015-09-25,1602,5046,,5,5,7,3711,0,0,0,,0,626,"WEST WASHINGTON ST","INDIA ST",0.00,,Y,A,-,N,,,,,,,,,,N,1,1,0,2,A,-,10,21950,A,N,G,B,B,A,H,-,A,A,0,Y,,,,Y,,I,10,0,0,0,1,0,0,0,0,0,"- ","- ",,,"SAN DIEGO","SAN DIEGO",-117.18129012999999,32.743280059999996
7006285,2015,2015-11-13,3711,2015-09-28,0534,5838,,1,5,7,3711,0,0,0,,0,242,"FLANDERS DR","CAMINO RUIZ",22.00,E,N,E,-,N,,,,,,,,,,N,1,1,0,2,A,-,12,21453,A,N,D,G,A,A,H,-,C,A,0,,Y,,,Y,,L,04,0,0,0,0,0,1,0,0,0,"- ","- ",,,"SAN DIEGO","SAN DIEGO",-117.14583545000001,32.906784180000002
7006288,2015,2015-11-13,3711,2015-09-25,2020,3815,,5,5,7,3711,0,0,0,,0,314,"HEALTH CENTER DR","FROST ST",754.00,S,N,A,-,N,,,,,,,,,,Y,1,1,1,3,A,-,11,21954,A,N,G,B,D,A,H,-,C,D,0,Y,,,,Y,,N,60,0,1,0,1,1,0,0,0,0,"- ","- ",,,"SAN DIEGO","SAN DIEGO",-117.15619555000001,32.798362470000001
7006303,2015,2017-03-30,3711,2015-10-09,2019,5600,,5,5,7,3711,0,0,0,,0,822,"54TH ST","LEA ST",161.00,S,N,A,-,N,,,,,,,,,,N,1,1,0,3,A,-,11,21956,,F,G,B,E,A,H,-,D,D,0,Y,,,,Y,Y,N,60,0,0,0,1,0,0,0,0,0,"- ","- ",,,"SAN DIEGO","SAN DIEGO",-117.07952027,32.745399079999999
7006335,2015,2015-12-14,9645,2015-08-05,2209,13292,,3,3,5,3709,0,1,1,,2,001,"RT 5","8TH ST",258.00,S,N,A,-,Y,SD,11,5,-,R,11.050,H,-,N,N,1,1,0,4,A,-,11,21954,A,F,G,B,D,A,H,-,C,D,1,Y,,,,Y,,N,60,0,0,0,1,0,0,0,0,0,"- ","- ",32.681399999999996,-117.1101,"SAN DIEGO","NATIONAL CITY",-117.11011868999999,32.673771160000001
7006359,2015,2015-12-16,3711,2015-10-30,2046,5600,,5,5,7,3711,0,0,0,,0,241,"SPRING CANYON RD","SUNSET RIDGE DR",0.00,,Y,A,-,N,,,,,,,,,,Y,1,1,0,2,A,-,11,21954,A,N,G,B,B,A,H,-,C,D,0,Y,,,,Y,,N,60,0,0,0,1,0,0,0,0,0,"- ","- ",,,"SAN DIEGO","SAN DIEGO",-117.08006002,32.923910100000001
7006456,2015,2016-01-14,3711,2015-09-23,2001,5972,,3,5,7,3711,0,0,0,,0,529,"4TH AV","SPRUCE ST",20.00,N,N,A,-,N,,,,,,,,,,N,1,1,0,2,C,-,18,,,F,G,B,D,A,H,-,C,D,0,Y,,,,Y,Y,-,"- ",0,0,0,1,0,0,0,0,0,"- ","- ",,,"SAN DIEGO","SAN DIEGO",-117.16127,32.738744789999998
7006463,2015,2016-01-14,3711,2015-12-03,2030,6702,,4,5,7,3711,0,0,0,,0,315,"FRIARS RD","RIO BONITO WY",296.00,W,N,A,-,N,,,,,,,,,,Y,1,1,2,2,A,-,11,21954,A,N,G,B,D,A,H,-,C,D,0,Y,,,,Y,,N,60,0,2,0,1,0,0,0,0,0,"- ","- ",,,"SAN DIEGO","SAN DIEGO",-117.13909709000001,32.7777995
7006467,2015,2016-01-15,3711,2015-12-18,1931,5600,,5,5,7,3711,0,0,0,,0,621,"GENESEE AV","PARK MESA WY",0.00,,Y,A,-,N,,,,,,,,,,Y,1,1,0,2,A,-,11,21456,B,N,G,B,B,A,H,-,C,A,0,Y,,,,Y,,N,60,0,0,0,1,0,0,0,0,0,"- ","- ",,,"SAN DIEGO","SAN DIEGO",-117.17167010999999,32.79757008
7006499,2015,2015-12-23,3700,2015-07-10,0147,SH2560,,5,5,5,3713,0,0,0,,0,303,"EAST VISTA WY","OSBORNE ST",585.00,S,N,A,-,N,,,,,,,,,,N,1,1,0,2,A,-,11,21954,A,F,G,B,E,A,H,-,D,D,0,Y,,,,Y,,N,60,0,0,0,1,0,0,0,0,0,"- ","- ",,,"SAN DIEGO",VISTA,-117.22625214,33.236037500000002
7006501,2015,2017-03-20,9645,2015-07-18,0234,20857,,6,3,7,3711,0,1,1,,2,005,"RT 5","CLAIREMONT DR",3500.00,S,N,A,-,Y,SD,11,5,-,R,21.600,H,-,N,Y,1,1,0,2,A,-,11,21954,A,N,G,B,D,A,H,-,D,D,1,Y,,,,Y,,N,60,0,0,0,1,0,0,0,0,0,"- ","- ",32.781300000000002,-117.2079,"SAN DIEGO","SAN DIEGO",-117.20805054,32.781129409999998
7006509,2015,2015-12-28,3706,2015-08-31,0946,ES0342,,1,5,6,3706,0,0,0,,0,041,"EL NORTE PKWY","ELM ST",0.00,,Y,A,-,N,,,,,,,,,,Y,1,1,1,2,A,-,11,21954,A,N,G,B,E,A,H,-,A,D,0,Y,,,,Y,,N,60,0,1,0,1,0,0,0,0,0,"- ","- ",,,"SAN DIEGO",ESCONDIDO,-117.08059002,33.142560009999997
7006528,2015,2015-12-30,3711,2015-10-28,2127,6553,,3,5,7,3711,0,0,0,,0,615,"ROSECRANS ST","QUIMBY ST",15.00,N,N,B,-,N,,,,,,,,,,Y,1,1,0,2,A,-,11,21954,A,N,G,B,D,A,H,-,C,D,0,Y,,,,Y,Y,N,60,0,0,0,1,0,0,0,0,0,"- ","- ",,,"SAN DIEGO","SAN DIEGO",-117.22324188,32.731643519999999
7006695,2015,2016-04-07,3700,2015-03-07,1943,SH5656,,6,5,4,3720,0,0,0,,0,605,"MASSACHUSETTS AV","MOUNT VERNON ST",230.00,N,N,A,-,N,,,,,,,,,,Y,1,1,0,2,A,-,11,21954,A,F,G,B,D,A,H,-,D,D,0,Y,,,,Y,,N,60,0,0,0,1,0,0,0,0,0,"- ","- ",,,"SAN DIEGO","LEMON GROVE",-117.04296634000001,32.732229959999998
7006708,2015,2016-04-11,3705,2015-10-05,2224,EC0281,,1,5,5,3705,0,0,0,,0,010,BALLANTYNE,"MAIN ST",266.00,N,N,A,-,N,,,,,,,,,,Y,1,1,0,2,A,-,11,21954,A,N,G,B,D,A,H,-,C,D,0,Y,,,,Y,,N,60,0,0,0,1,0,0,0,0,0,"- ","- ",,,"SAN DIEGO","EL CAJON",-116.9572582,32.795665589999999
7006723,2015,2015-12-30,3701,2015-11-23,1715,5191,5,1,5,5,3701,0,0,0,,0,001,"JEFFERSON ST","LAS FLORES DR",951.00,N,N,A,-,N,,,,,,,,,,Y,1,1,0,2,A,-,11,21954,A,N,G,B,D,A,H,-,D,D,0,Y,,,,Y,,N,60,0,0,0,1,0,0,0,0,0,"- ","- ",33.173009999999998,-117.34779,"SAN DIEGO",CARLSBAD,-117.34819,33.172699999999999
7006740,2015,2016-01-12,9650,2015-07-02,0405,17028,,4,3,5,3701,0,1,1,,2,005,"RT 5","CARLSBAD VILLAGE DR",395.00,N,N,B,-,Y,SD,11,5,-,R,50.250,H,-,N,Y,1,1,0,2,A,-,11,21954,A,N,G,B,E,A,H,-,D,D,1,Y,,,,Y,,N,60,0,0,0,1,0,0,0,0,0,"- ","- ",33.991399999999999,-117.2059,"SAN DIEGO",CARLSBAD,-117.3430791,33.16512342
7006758,2015,2016-01-08,3711,2015-11-19,2053,5972,,4,5,7,3711,0,0,0,,0,113,"CLAIREMONT DR","HIAWATHA WY",111.00,N,N,A,-,N,,,,,,,,,,Y,1,1,0,2,A,-,11,21954,A,F,G,B,D,A,H,-,C,D,0,Y,,,,Y,,N,60,0,0,0,1,0,0,0,0,0,"- ","- ",,,"SAN DIEGO","SAN DIEGO",-117.20427771,32.820319099999999
7007333,2015,2015-08-17,3700,2015-06-08,1604,SH7690,,1,5,4,3707,0,0,0,,0,702,"PALM AV","13TH ST",96.00,E,N,A,-,N,,,,,,,,,,Y,4,0,2,2,A,-,03,22350,,N,C,B,A,A,H,-,A,D,0,,,,,Y,,A,01,0,0,2,0,0,0,0,0,0,"- ","- ",,,"SAN DIEGO","IMPERIAL BEACH",-117.1053797,32.583795840000001
7008404,2015,2015-08-05,9650,2015-07-09,1205,015295,,4,1,9,3700,0,3,5,,1,160,"WEST LILAC RD","CAMINO DEL REY",8976.00,E,N,A,-,N,,,,,,,,,,N,2,0,1,2,A,-,05,21460,A,F,B,G,A,A,H,-,A,D,0,,Y,,,Y,,A,07,1,0,0,0,0,0,1,0,0,"- ","- ",33.294519999999999,-117.19566,"SAN DIEGO",UNINCORPORATED,-117.21647,33.290140000000001
7008408,2015,2015-08-05,9650,2015-07-11,1845,020422,,6,2,9,3700,0,2,4,,2,061,"SOUTH MISSION RD","OLD STAGE RD",2112.00,S,N,A,-,N,,,,,,,,,,N,4,0,1,2,A,-,08,22107,,N,B,G,A,A,H,-,A,D,0,,Y,,,Y,,A,07,0,0,1,0,0,0,1,0,0,"- ","- ",33.359290000000001,-117.24842,"SAN DIEGO",UNINCORPORATED,-117.24868877999999,33.359770529999999