CASE_ID,ACCIDENT_YEAR,PROC_DATE,JURIS,COLLISION_DATE,COLLISION_TIME,OFFICER_ID,REPORTING_DISTRICT,DAY_OF_WEEK,CHP_SHIFT,POPULATION,CNTY_CITY_LOC,SPECIAL_COND,BEAT_TYPE,CHP_BEAT_TYPE,CITY_DIVISION_LAPD,CHP_BEAT_CLASS,BEAT_NUMBER,PRIMARY_RD,SECONDARY_RD,DISTANCE,DIRECTION,INTERSECTION,WEATHER_1,WEATHER_2,STATE_HWY_IND,CALTRANS_COUNTY,CALTRANS_DISTRICT,STATE_ROUTE,ROUTE_SUFFIX,POSTMILE_PREFIX,POSTMILE,LOCATION_TYPE,RAMP_INTERSECTION,SIDE_OF_HWY,TOW_AWAY,COLLISION_SEVERITY,NUMBER_KILLED,NUMBER_INJURED,PARTY_COUNT,PRIMARY_COLL_FACTOR,PCF_CODE_OF_VIOL,PCF_VIOL_CATEGORY,PCF_VIOLATION,PCF_VIOL_SUBSECTION,HIT_AND_RUN,TYPE_OF_COLLISION,MVIW,PED_ACTION,ROAD_SURFACE,ROAD_COND_1,ROAD_COND_2,LIGHTING,CONTROL_DEVICE,CHP_ROAD_TYPE,PEDESTRIAN_ACCIDENT,BICYCLE_ACCIDENT,MOTORCYCLE_ACCIDENT,TRUCK_ACCIDENT,NOT_PRIVATE_PROPERTY,ALCOHOL_INVOLVED,STWD_VEHTYPE_AT_FAULT,CHP_VEHTYPE_AT_FAULT,COUNT_SEVERE_INJ,COUNT_VISIBLE_INJ,COUNT_COMPLAINT_PAIN,COUNT_PED_KILLED,COUNT_PED_INJURED,COUNT_BICYCLIST_KILLED,COUNT_BICYCLIST_INJURED,COUNT_MC_KILLED,COUNT_MC_INJURED,PRIMARY_RAMP,SECONDARY_RAMP,LATITUDE,LONGITUDE,COUNTY,CITY,POINT_X,POINT_Y
7096757,2015,2015-10-17,3706,2015-09-29,1848,ES0322,,2,5,6,3706,0,0,0,,0,042,"WASHINGTON AV",BROADWAY,0.00,,Y,A,-,N,,,,,,,,,,N,2,0,1,2,A,-,12,21453,A,N,H,G,A,A,H,-,B,A,0,,Y,,,Y,,L,04,1,0,0,0,0,0,1,0,0,"- ","- ",,,"SAN DIEGO",ESCONDIDO,-117.08385010000001,33.126980029999999
7097004,2015,2017-01-27,3711,2015-10-01,1059,5985,,4,5,7,3711,0,0,0,,0,314,"MESA COLLEGE DR","RT 805",48.00,W,N,A,-,Y,SD,11,805,-,-,19.854,R,4,S,N,3,0,1,2,A,-,08,22107,,M,B,G,A,A,H,-,A,A,0,,Y,,,Y,,-,99,0,1,0,0,0,0,1,0,0,"- ",SO,,,"SAN DIEGO","SAN DIEGO",-117.14969128,32.798340750000001
7097032,2015,2015-10-19,3711,2015-10-01,0724,6621,SD,4,5,7,3711,0,0,0,,0,122,"LAMONT ST","BERYL ST",8.00,N,N,A,-,N,,,,,,,,,,N,4,0,1,2,A,-,10,21950,A,N,G,B,B,A,H,-,B,A,0,Y,,,,Y,,-,,0,0,1,0,1,0,0,0,0,"- ","- ",,,"SAN DIEGO","SAN DIEGO",-117.2373564,32.807551240000002
7097036,2015,2015-10-19,3711,2015-10-01,2057,7033,NORTH,4,5,7,3711,0,0,0,,0,115,"LEBON DR","PALMILLA DR",8.00,N,N,A,-,N,,,,,,,,,,N,3,0,1,2,A,-,10,21950,A,N,G,B,B,A,H,-,C,A,0,Y,,,,Y,,-,,0,1,0,0,1,0,0,0,0,"- ","- ",,,"SAN DIEGO","SAN DIEGO",-117.22536465,32.864787679999999
7098448,2015,2015-11-23,3711,2015-10-08,1156,6795,SANDI,4,5,7,3711,0,0,0,,0,831,HIGHLAND,"EL CAJON BL",6.00,S,N,A,-,N,,,,,,,,,,N,4,0,1,2,A,-,05,21650,1,N,A,G,A,A,H,-,A,A,0,,Y,,,Y,,L,04,0,0,1,0,0,0,1,0,0,"- ","- ",,,"SAN DIEGO","SAN DIEGO",-117.0992,32.755099999999999
7098456,2015,2015-10-29,3701,2015-10-09,2147,5429,1,5,5,5,3701,0,0,0,,0,001,"CARLSBAD VILLAGE DR","GARFIELD ST",0.00,,Y,A,-,N,,,,,,,,,,N,4,0,1,2,A,-,11,21954,A,N,G,B,D,A,H,-,C,D,0,Y,,,,Y,,N,60,0,0,1,0,1,0,0,0,0,"- ","- ",,,"SAN DIEGO",CARLSBAD,-117.35200003999999,33.157620020000003
7098608,2015,2015-10-21,3711,2015-10-03,1625,6532,,6,5,7,3711,0,0,0,,0,611,"CAMINO DEL RIO W","KURTZ ST",0.00,,Y,A,-,N,,,,,,,,,,N,4,0,1,2,A,-,11,21456,B,N,G,B,D,A,H,-,A,A,0,Y,,,,Y,,N,60,0,0,1,0,1,0,0,0,0,"- ","- ",,,"SAN DIEGO","SAN DIEGO",-117.20503006,32.753020050000003
7098610,2015,2015-10-21,3711,2015-10-05,1840,6223,N2,1,5,7,3711,0,0,0,,0,124,"TORREY PINES RD","ARDATH LN",236.00,N,N,A,-,N,,,,,,,,,,N,3,0,1,2,A,-,17,22517,,N,H,G,A,A,H,-,C,D,0,,Y,,,Y,,A,01,0,1,0,0,0,0,1,0,0,"- ","- ",,,"SAN DIEGO","SAN DIEGO",-117.24972584,32.850800759999998
7098611,2015,2015-10-26,3711,2015-10-05,1215,7131,,1,5,7,3711,0,0,0,,0,111,"GENESEE AV",CHATEAU,30.00,N,N,B,C,N,,,,,,,,,,N,3,0,1,2,A,-,11,21955,,N,G,B,D,B,H,-,A,A,0,Y,,,,Y,,N,60,0,1,0,0,1,0,0,0,0,"- ","- ",,,"SAN DIEGO","SAN DIEGO",-117.19336463,32.828653039999999
7098612,2015,2015-10-26,3711,2015-10-05,1221,7124,,1,5,7,3711,0,0,0,,0,446,"NOGAL ST","ESCUELA ST",0.00,,Y,B,C,N,,,,,,,,,,N,4,0,1,2,A,-,11,21954,A,N,B,B,E,B,H,-,A,D,0,Y,,,,Y,,-,"- ",0,0,1,0,1,0,0,0,0,"- ","- ",,,"SAN DIEGO","SAN DIEGO",-117.09278007,32.705930080000002
7098617,2015,2016-08-10,3711,2015-10-03,2124,6686,,6,5,7,3711,0,0,0,,0,813,"KANSAS ST",UNIVERSITY,400.00,W,N,A,-,N,,,,,,,,,,N,3,0,1,2,A,-,08,22107,,N,G,B,F,A,H,-,C,D,0,Y,,,,Y,Y,-,,0,1,0,0,1,0,0,0,0,"- ","- ",,,"SAN DIEGO","SAN DIEGO",-117.13137,32.748449999999998
7098619,2015,2015-10-21,3711,2015-10-05,1851,6676,SD,1,5,7,3711,0,0,0,,0,831,"POLK AV","44TH ST",90.00,W,N,A,-,N,,,,,,,,,,N,3,0,1,2,A,-,11,21950,B,M,G,B,D,A,H,-,C,D,0,Y,,,,Y,,N,60,0,1,0,0,1,0,0,0,0,"- ","- ",,,"SAN DIEGO","SAN DIEGO",-117.10009173,32.75141
7099410,2015,2015-11-04,3711,2015-10-02,2133,7199,,5,5,7,3711,0,0,0,,0,437,POTOMAC,"PARADISE VALLEY RD",300.00,S,N,A,-,N,,,,,,,,,,Y,3,0,1,2,A,-,08,22107,,F,B,B,A,A,H,-,C,D,0,,,,,Y,,-,,0,1,0,0,0,0,0,0,0,"- ","- ",,,"SAN DIEGO","SAN DIEGO",-117.04868386,32.687471420000001
7099414,2015,2015-10-27,3711,2015-10-02,2040,7119,,5,5,7,3711,0,0,0,,0,528,"W GRAPE",KETTNER,5.00,S,N,A,-,N,,,,,,,,,,N,4,0,1,2,A,-,10,21950,A,N,G,B,B,A,H,-,C,A,0,Y,,,,Y,,-,,0,0,1,0,1,0,0,0,0,"- ","- ",,,"SAN DIEGO","SAN DIEGO",-117.16986518,32.725135219999999
7099446,2015,2015-10-24,3711,2015-10-10,0345,5627,,6,5,7,3711,0,0,0,,0,116,"MORENA BL","INGULF ST",0.00,,N,A,-,N,,,,,,,,,,N,3,0,1,2,A,-,08,22107,,N,G,B,F,A,H,-,C,A,0,Y,,,,Y,,-,,0,1,0,0,1,0,0,0,0,"- ","- ",,,"SAN DIEGO","SAN DIEGO",-117.20600004000001,32.789580100000002
7099465,2015,2015-10-24,3711,2015-10-01,2057,7358,,4,5,7,3711,0,0,0,,0,4352,"AKINS AV","65TH ST",2.00,W,N,A,-,N,,,,,,,,,,N,4,0,1,2,A,-,12,22450,A,N,G,B,B,A,H,-,C,A,0,Y,,,,Y,,-,,0,0,1,0,1,0,0,0,0,"- ","- ",,,"SAN DIEGO","SAN DIEGO",-117.05806641,32.710889219999999
7099480,2015,2015-10-24,3711,2015-10-08,1741,4243,,4,5,7,3711,0,0,0,,0,111,"BEADNELL WY","CANNINGTON DR",146.00,W,N,A,-,N,,,,,,,,,,N,3,0,1,2,A,-,11,21954,A,N,G,B,D,A,H,-,A,D,0,Y,,,,Y,,N,60,0,1,0,0,1,0,0,0,0,"- ","- ",,,"SAN DIEGO","SAN DIEGO",-117.17200364,32.820935339999998
7099487,2015,2015-10-24,3711,2015-10-02,1815,6305,,5,5,7,3711,0,0,0,,0,437,"SOUTH WOODMAN ST","BULLOCK DR",0.00,,Y,A,-,N,,,,,,,,,,N,2,0,1,2,A,-,12,21453,A,N,D,B,E,A,H,-,A,A,0,Y,,,,Y,,N,60,1,0,0,0,1,0,0,0,0,"- ","- ",,,"SAN DIEGO","SAN DIEGO",-117.04963013,32.6953101
7099492,2015,2015-10-24,3711,2015-10-11,0800,5672,,7,5,7,3711,0,0,0,,0,115,"GENESEE AV","LINDA VISTA RD",0.00,,N,A,-,N,,,,,,,,,,N,3,0,1,2,A,-,08,22107,,M,D,G,A,A,H,-,A,D,0,,Y,,,Y,,-,,0,1,0,0,0,0,1,0,0,"- ","- ",,,"SAN DIEGO","SAN DIEGO",-117.16598012,32.791560050000001
7099499,2015,2015-10-24,3711,2015-10-07,1809,6996,SD,3,5,7,3711,0,0,0,,0,432,"TRINIDAD ST","58TH ST",0.00,,Y,A,-,N,,,,,,,,,,N,3,0,1,2,A,-,10,21950,A,N,G,B,-,A,H,-,B,D,0,Y,,,,Y,,-,,0,1,0,0,1,0,0,0,0,"- ","- ",,,"SAN DIEGO","SAN DIEGO",-117.07323013,32.701470090000001
7099503,2015,2015-10-24,3711,2015-10-01,0727,6213,,4,5,7,3711,0,0,0,,0,446,"FRANKLIN AV","47TH ST",0.00,,N,A,-,N,,,,,,,,,,N,4,0,1,2,A,-,11,21954,A,N,G,B,D,A,H,-,A,D,0,Y,,,,Y,,N,60,0,0,1,0,1,0,0,0,0,"- ","- ",,,"SAN DIEGO","SAN DIEGO",-117.0937201,32.702280029999997
7099509,2015,2016-08-10,3711,2015-10-07,2100,7089,SD,3,5,7,3711,0,0,0,,0,007,CORONADO,"NESTOR WY",2.00,,N,A,-,N,,,,,,,,,,,3,0,1,2,A,-,09,21804,A,N,-,G,A,A,-,-,C,D,0,,Y,Y,,Y,,C,02,0,1,0,0,0,0,1,0,0,"- ","- ",,,"SAN DIEGO","SAN DIEGO",-117.08545006,32.576490069999998
7099711,2015,2015-10-28,3700,2015-09-27,1229,SH2784,,7,5,5,3782,0,0,0,,0,222,"REQUEZA ST","REGAL RD",0.00,,Y,A,-,N,,,,,,,,,,N,4,0,1,2,A,-,09,21800,A,N,D,G,A,A,H,-,A,A,0,,Y,,,Y,,A,01,0,0,1,0,0,0,1,0,0,"- ","- ",,,"SAN DIEGO",ENCINITAS,-117.28142008,33.043480080000002
7102289,2015,2015-10-27,3711,2015-09-30,1855,5737,SDPD,3,5,7,3711,0,0,0,,0,446,"47TH ST","CASTANA ST",0.00,,Y,A,-,N,,,,,,,,,,Y,4,0,2,2,A,-,11,21950,B,N,G,B,D,A,H,-,C,D,0,Y,,,,Y,,N,60,0,0,2,0,1,0,0,0,0,"- ","- ",,,"SAN DIEGO","SAN DIEGO",-117.09363011000001,32.706670019999997
7102293,2015,2015-10-26,3711,2015-09-18,0654,5838,,5,5,7,3711,0,0,0,,0,838,"EL CAJON BL","36TH ST",48.00,E,N,A,-,N,,,,,,,,,,N,2,0,3,4,A,-,03,22350,,N,G,B,E,A,G,-,A,A,0,Y,,,,Y,,A,01,1,1,1,0,3,0,0,0,0,"- ","- ",,,"SAN DIEGO","SAN DIEGO",-117.11562441,32.755288530000001
7102297,2015,2015-10-26,3711,2015-09-18,0653,5838,,5,5,7,3711,0,0,0,,0,838,"EL CAJON BL","36TH ST",0.00,,Y,A,-,N,,,,,,,,,,N,2,0,2,3,A,-,10,21950,A,N,G,B,B,A,H,-,A,A,0,Y,,,,Y,,A,01,1,0,1,0,2,0,0,0,0,"- ","- ",,,"SAN DIEGO","SAN DIEGO",-117.11578006000001,32.755290010000003
7102383,2015,2015-10-27,3711,2015-09-18,0358,5972,,5,5,7,3711,0,0,0,,0,242,"MIRA MESA BL","MIRA MESA MALL",0.00,,Y,A,-,N,,,,,,,,,,N,2,0,1,2,A,-,10,21950,A,N,G,B,B,A,H,-,C,A,0,Y,,,,Y,,A,01,1,0,0,0,1,0,0,0,0,"- ","- ",,,"SAN DIEGO","SAN DIEGO",-117.20822013,32.890070090000002
7102929,2015,2015-10-29,3711,2015-09-30,2025,7042,,3,5,7,3711,0,0,0,,0,628,"KETTNER BL","WEST OLIVE ST",189.00,S,N,A,-,N,,,,,,,,,,N,3,0,1,2,A,-,17,22517,,N,B,G,A,A,H,-,C,D,0,,Y,,,Y,,A,01,0,1,0,0,0,0,1,0,0,"- ","- ",,,"SAN DIEGO","SAN DIEGO",-117.17296655,32.732291850000003
7102933,2015,2015-10-29,3711,2015-09-30,1430,6939,SANDI,3,5,7,3711,0,0,0,,0,614,"NEWPORT AV","BACON ST",45.00,W,N,A,-,N,,,,,,,,,,N,4,0,1,2,A,-,10,21950,A,N,G,B,B,A,H,-,A,D,0,Y,,,,Y,,-,,0,0,1,0,1,0,0,0,0,"- ","- ",,,"SAN DIEGO","SAN DIEGO",-117.25116885,32.746941499999998
7102980,2015,2015-10-29,3711,2015-10-06,1515,6443,,2,5,7,3711,0,0,0,,0,823,"UNIVERSITY AV","UNIVERSITY SQ DY",382.00,E,N,A,-,N,,,,,,,,,,N,3,0,1,2,A,-,08,22107,,N,-,G,A,A,H,-,A,D,0,,Y,,,Y,,L,04,0,1,0,0,0,0,1,0,0,"- ","- ",,,"SAN DIEGO","SAN DIEGO",-117.06953108,32.750943710000001
7103004,2015,2015-10-29,3711,2015-10-07,1637,7330,,3,5,7,3711,0,0,0,,0,831,"FAIRMOUNT AV","ORANGE AV",9.00,S,N,A,-,N,,,,,,,,,,N,4,0,1,2,A,-,05,21202,A,N,H,G,A,A,H,-,A,A,0,,Y,,,Y,,L,04,0,0,1,0,0,0,1,0,0,"- ","- ",,,"SAN DIEGO","SAN DIEGO",-117.10086042,32.753145349999997
7103008,2015,2015-10-29,3711,2015-10-02,2130,7370,3711,5,5,7,3711,0,0,0,,0,124,GENESSE,REGENTS,0.00,,Y,-,-,N,,,,,,,,,,N,3,0,1,2,A,-,08,22107,,N,C,G,A,A,H,-,C,A,0,,Y,,,Y,,L,04,0,1,0,0,0,0,1,0,0,"- ","- ",,,"SAN DIEGO","SAN DIEGO",-117.21816011,32.880820030000002
7103016,2015,2016-08-10,3711,2015-10-07,1800,6820,,3,5,7,3711,0,0,0,,0,625,"TAYLOR ST","PACIFIC HWY",30.00,E,N,A,-,N,,,,,,,,,,N,3,0,2,2,A,-,04,21703,,N,B,G,A,A,H,-,A,A,0,,Y,,,Y,,L,04,0,2,0,0,0,0,2,0,0,"- ","- ",,,"SAN DIEGO","SAN DIEGO",-117.20100361,32.755400950000002
7103024,2015,2015-10-29,3711,2015-10-05,1333,6795,SANDI,1,5,7,3711,0,0,0,,0,822,"EL CAJON BL","54TH ST",33.00,W,N,B,-,N,,,,,,,,,,N,3,0,1,2,A,-,"- ",,,N,C,G,A,A,H,-,A,A,0,,Y,,,Y,,L,04,0,1,0,0,0,0,1,0,0,"- ","- ",,,"SAN DIEGO","SAN DIEGO",-117.07945553,32.757825230000002
7103032,2015,2015-10-29,3711,2015-10-07,0940,5072,,3,5,7,3711,0,0,0,,0,327,"MONTEZUMA RD","COLLEGE AV",61.00,E,N,A,-,N,,,,,,,,,,N,3,0,1,2,A,-,05,21650,1,N,D,G,A,A,H,-,A,A,0,,Y,,,Y,,L,04,0,1,0,0,0,0,1,0,0,"- ","- ",,,"SAN DIEGO","SAN DIEGO",-117.06961226999999,32.770713409999999
7103036,2015,2015-10-29,3711,2015-10-07,0634,6620,,3,5,7,3711,0,0,0,,0,432,EUCLID,NARANJA,45.00,N,N,A,-,N,,,,,,,,,,N,3,0,2,3,A,-,10,21950,A,N,G,B,B,A,H,-,A,A,0,Y,,,,Y,,A,01,0,2,0,0,2,0,0,0,0,"- ","- ",,,"SAN DIEGO","SAN DIEGO",-117.08504000000001,32.708753260000002
7103040,2015,2015-10-29,3711,2015-10-07,0551,5985,,3,5,7,3711,0,0,0,,0,234,"POMERADO RD","RANCHO BERNARDO RD",0.00,,Y,A,-,N,,,,,,,,,,N,4,0,1,2,A,-,10,21950,A,N,G,B,B,A,H,-,C,A,0,Y,,,,Y,,A,01,0,0,1,0,1,0,0,0,0,"- ","- ",,,"SAN DIEGO","SAN DIEGO",-117.06102002,33.018780049999997
7103061,2015,2015-10-29,3711,2015-10-06,1009,7341,SANDI,2,5,7,3711,0,0,0,,0,627,"WASHINGTON ST","5TH AV",13.00,E,N,A,-,N,,,,,,,,,,N,3,0,1,2,A,-,08,22107,,M,D,G,A,A,H,-,A,A,0,,Y,,,Y,,-,,0,1,0,0,0,0,1,0,0,"- ","- ",,,"SAN DIEGO","SAN DIEGO",-117.16078786,32.75
7103077,2015,2015-11-05,3711,2015-10-07,0827,7364,SD,3,5,7,3711,0,0,0,,0,524,"10TH ST","B ST",14.00,S,N,A,-,N,,,,,,,,,,N,4,0,1,2,A,-,10,21950,A,N,G,B,B,A,H,-,A,A,0,Y,,,,Y,,-,"- ",0,0,1,0,1,0,0,0,0,"- ","- ",,,"SAN DIEGO","SAN DIEGO",-117.15562075,32.717781649999999
7103637,2015,2015-11-04,3710,2015-10-23,1906,OC1415,,5,5,6,3710,0,0,0,,0,016,"NORTH EL CAMINO REAL","LOS ARBOLITOS",70.00,N,N,A,-,N,,,,,,,,,,N,4,0,1,2,A,-,11,21456,B,N,G,B,B,A,H,-,C,A,0,Y,,,,Y,,N,60,0,0,1,0,1,0,0,0,0,"- ","- ",,,"SAN DIEGO",OCEANSIDE,-117.33104602,33.228306609999997
7104100,2015,2015-11-12,3702,2015-09-26,1440,CV1148,,6,5,6,3702,0,0,0,,0,021,"MAIN ST",BROADWAY,10.00,W,N,A,-,N,,,,,,,,,,N,4,0,1,2,A,-,10,21950,A,F,G,B,B,A,H,-,A,A,0,Y,,,,Y,,A,01,0,0,1,0,1,0,0,0,0,"- ","- ",,,"SAN DIEGO","CHULA VISTA",-117.07520236000001,32.59478
7104119,2015,2015-11-12,3702,2015-09-26,1510,CV0743,,6,5,6,3702,0,0,0,,0,021,BROADWAY,"OXFORD ST",489.00,S,N,A,-,N,,,,,,,,,,Y,3,0,1,2,A,-,05,21202,A,N,D,G,A,A,H,-,A,D,0,,Y,,,Y,,L,04,0,1,0,0,0,0,1,0,0,"- ","- ",,,"SAN DIEGO","CHULA VISTA",-117.07957566,32.605464980000001
7105757,2015,2015-12-15,3706,2015-10-22,1511,ES0318,,4,5,6,3706,0,0,0,,0,042,"JUNIPER ST","WASHINGTON AV",7.00,S,N,A,-,N,,,,,,,,,,N,4,0,1,2,A,-,10,21950,A,N,G,B,B,A,H,-,A,D,0,Y,,,,Y,,A,01,0,0,1,0,1,0,0,0,0,"- ","- ",,,"SAN DIEGO",ESCONDIDO,-117.08187384999999,33.127561540000002
7106115,2015,2015-11-06,3711,2015-10-13,1550,5604,,2,5,7,3711,0,0,0,,0,613,"MIDWAY DR","MIDWAY DR 3600",0.00,,N,A,-,N,,,,,,,,,,N,4,0,1,2,A,-,10,21952,,N,G,B,F,A,H,-,A,D,0,Y,,,,Y,,-,,0,0,1,0,1,0,0,0,0,"- ","- ",,,"SAN DIEGO","SAN DIEGO",-117.21515983,32.752121989999999
7106188,2015,2015-11-04,3710,2015-10-13,0950,OC1211,,2,5,6,3710,0,0,0,,0,016,"NORTH RIVER",DOUGLAS,55.00,S,N,A,-,N,,,,,,,,,,N,3,0,1,2,A,-,08,22100,B,N,D,G,A,A,H,-,A,A,0,,Y,,,Y,,L,04,0,1,0,0,0,0,1,0,0,"- ","- ",,,"SAN DIEGO",OCEANSIDE,-117.32282807999999,33.245352189999998
7106401,2015,2015-11-09,3711,2015-10-14,1525,6831,,3,5,7,3711,0,0,0,,0,721,"PALM AV","THERMAL AV",0.00,,Y,A,-,N,,,,,,,,,,N,3,0,1,2,A,-,"- ",,,N,G,B,C,A,H,-,A,D,0,Y,,,,Y,Y,N,60,0,1,0,0,1,0,0,0,0,"- ","- ",,,"SAN DIEGO","SAN DIEGO",-117.09697004,32.583780109999999
7106403,2015,2016-08-10,3711,2015-10-16,0708,4940,,5,5,7,3711,0,0,0,,0,233,"CARMEL MOUNTAIN RD","SANDEVIL WY",0.00,,Y,B,C,N,,,,,,,,,,N,4,0,1,2,A,-,"- ",,,M,G,B,B,B,H,-,A,A,0,Y,,,,Y,,-,,0,0,1,0,1,0,0,0,0,"- ","- ",,,"SAN DIEGO","SAN DIEGO",-117.11988992000001,32.965470060000001
7106411,2015,2015-11-02,3711,2015-10-19,1955,6193,,1,5,7,3711,0,0,0,,0,311,"MURRAY RIDGE RD","CHALAR ST",59.00,S,N,A,-,N,,,,,,,,,,N,3,0,1,2,A,-,17,21209,A,N,A,G,A,A,H,-,C,D,0,,Y,,,Y,Y,A,01,0,1,0,0,0,0,1,0,0,"- ","- ",,,"SAN DIEGO","SAN DIEGO",-117.14447425,32.794415010000002
7106416,2015,2015-11-02,3711,2015-10-15,1352,7044,,4,5,7,3711,0,0,0,,0,621,"LINDA VISTA RD","ULRIC ST",150.00,W,N,A,-,N,,,,,,,,,,N,3,0,1,2,A,-,08,22107,,N,B,G,A,A,H,-,A,D,0,,Y,,,Y,,-,,0,1,0,0,0,0,1,0,0,"- ","- ",,,"SAN DIEGO","SAN DIEGO",-117.17046670000001,32.786117150000003
7106421,2015,2015-11-02,3711,2015-10-15,1645,6305,,4,5,7,3711,0,0,0,,0,446,"EUCLID AV","LOGAN AV",300.00,S,N,A,-,N,,,,,,,,,,N,4,0,1,2,A,-,12,22450,A,N,D,G,A,A,H,-,A,D,0,,Y,,,Y,,L,04,0,0,1,0,0,0,1,0,0,"- ","- ",,,"SAN DIEGO","SAN DIEGO",-117.08511944999999,32.695898300000003
7106548,2015,2015-11-02,3711,2015-10-20,1310,6415,,2,5,7,3711,0,0,0,,0,326,"54TH ST","MAISEL WY",25.00,N,N,A,-,N,,,,,,,,,,N,4,0,1,2,A,-,06,21755,,N,-,G,A,A,H,-,-,A,0,,Y,,,Y,,L,04,0,0,1,0,0,0,1,0,0,"- ","- ",,,"SAN DIEGO","SAN DIEGO",-117.07998316,32.766745620000002
7106549,2015,2015-11-03,3711,2015-10-20,0800,7365,,2,5,7,3711,0,0,0,,0,934,"DEL MAR HEIGHTS RD","CARMEL VALLEY RD",0.00,,Y,A,-,N,,,,,,,,,,N,3,0,1,2,A,-,05,21202,A,N,H,G,A,A,H,-,A,A,0,,Y,,,Y,,L,04,0,1,0,0,0,0,1,0,0,"- ","- ",,,"SAN DIEGO","SAN DIEGO",-117.19211005,32.960700090000003
7106553,2015,2015-11-02,3711,2015-10-08,0825,5202,"SAN D",4,5,7,3711,0,0,0,,0,310,"GRAMERCY DR","9066 GRAMERCY AV",0.00,,N,A,-,N,,,,,,,,,,N,4,0,1,2,B,-,22,,,N,D,G,A,A,H,-,A,D,0,,Y,,,Y,,L,04,0,0,1,0,0,0,1,0,0,"- ","- ",,,"SAN DIEGO","SAN DIEGO",-117.13250399,32.802424649999999
7106746,2015,2015-10-29,3701,2015-10-07,1846,5283,36,3,5,5,3701,0,0,0,,0,002,"TAMARACK AV","SHERIDAN PL",12.00,E,N,A,-,N,,,,,,,,,,N,3,0,1,2,A,-,08,22107,,N,D,G,A,A,H,-,B,A,0,,Y,,,Y,,A,08,0,1,0,0,0,0,1,0,0,"- ","- ",,,"SAN DIEGO",CARLSBAD,-117.33953366,33.150692110000001
7106750,2015,2015-10-29,3701,2015-10-08,1308,5191,102,4,5,5,3701,0,0,0,,0,007,"LA COSTA AV","PIRAEUS ST",18.00,W,N,A,-,N,,,,,,,,,,N,3,0,1,2,A,-,08,22107,,N,D,G,A,A,H,-,A,D,0,,Y,,,Y,,A,01,0,1,0,0,0,0,1,0,0,"- ","- ",33.08455,-117.29637,"SAN DIEGO",CARLSBAD,-117.29639403,33.084670930000001
7106758,2015,2015-11-05,3711,2015-10-14,1400,7042,,3,5,7,3711,0,0,0,,0,627,"4TH AV","WASHINGTON ST",9.00,N,N,A,-,N,,,,,,,,,,N,4,0,1,2,A,-,10,21950,A,M,G,B,B,A,H,-,A,A,0,Y,,,,Y,,-,"- ",0,0,1,0,1,0,0,0,0,"- ","- ",,,"SAN DIEGO","SAN DIEGO",-117.1616298,32.750014649999997
7106762,2015,2015-10-29,3711,2015-10-13,1813,4523,,2,5,7,3711,0,0,0,,0,124,"LA JOLLA BL","PEARL ST",78.00,S,N,A,-,N,,,,,,,,,,N,3,0,1,2,A,-,21,22106,,M,G,B,F,A,H,-,B,D,0,Y,,,,Y,,-,,0,1,0,0,1,0,0,0,0,"- ","- ",,,"SAN DIEGO","SAN DIEGO",-117.27844152,32.83891208
7106766,2015,2015-10-29,3711,2015-10-14,1900,6381,,3,5,7,3711,0,0,0,,0,833,"LANDIS ST","46TH ST",0.00,,Y,A,-,N,,,,,,,,,,N,4,0,1,2,A,-,08,22107,,M,B,G,A,A,H,-,C,A,0,,Y,,,Y,,-,,0,0,1,0,0,0,1,0,0,"- ","- ",,,"SAN DIEGO","SAN DIEGO",-117.09575006,32.745880079999999
7106770,2015,2015-10-29,3711,2015-10-01,0703,6502,,4,5,7,3711,0,0,0,,0,441,"SAN PASQUAL ST","LOGAN AV",5.00,N,N,A,-,N,,,,,,,,,,N,4,0,1,2,A,-,10,21950,A,M,G,B,B,A,H,-,A,A,0,Y,,,,Y,,-,,0,0,1,0,1,0,0,0,0,"- ","- ",,,"SAN DIEGO","SAN DIEGO",-117.10285574,32.696962810000002
7106786,2015,2015-10-29,3711,2015-10-14,0658,5888,,3,5,7,3711,0,0,0,,0,826,"EUCLID AV","POLK AV",156.00,N,N,A,-,N,,,,,,,,,,N,3,0,1,2,A,-,17,22517,,N,H,G,A,A,H,-,A,D,0,,Y,,,Y,,-,,0,1,0,0,0,0,1,0,0,"- ","- ",,,"SAN DIEGO","SAN DIEGO",-117.09226511999999,32.75177729
7106790,2015,2015-10-29,3711,2015-10-14,0719,7323,,3,5,7,3711,0,0,0,,0,839,"UNIVERSITY AV","39TH ST",0.00,,Y,A,-,N,,,,,,,,,,N,3,0,1,2,A,-,12,21453,A,N,D,G,A,A,H,-,A,A,0,,Y,,,Y,,-,,0,1,0,0,0,0,1,0,0,"- ","- ",,,"SAN DIEGO","SAN DIEGO",-117.11065003,32.749690049999998
7106925,2015,2015-10-29,3711,2015-10-10,1352,6621,SD,6,5,7,3711,0,0,0,,0,124,"LA JOLLA SHORES","AZUL ST",8.00,S,N,A,-,N,,,,,,,,,,N,4,0,1,2,A,-,08,22107,,N,B,G,A,A,H,-,A,A,0,,Y,,,Y,,L,04,0,0,1,0,0,0,1,0,0,"- ","- ",,,"SAN DIEGO","SAN DIEGO",-117.24593363,32.871700910000001
7106941,2015,2015-10-29,3711,2015-10-14,1700,4527,,3,5,7,3711,0,0,0,,0,531,"6TH ST","ELM AV",48.00,W,N,A,-,N,,,,,,,,,,N,3,0,1,2,A,-,11,21950,B,N,B,B,C,A,H,-,A,A,0,Y,,,,Y,,N,60,0,1,0,0,1,0,0,0,0,"- ","- ",,,"SAN DIEGO","SAN DIEGO",-117.15943,32.7241