CASE_ID,ACCIDENT_YEAR,PROC_DATE,JURIS,COLLISION_DATE,COLLISION_TIME,OFFICER_ID,REPORTING_DISTRICT,DAY_OF_WEEK,CHP_SHIFT,POPULATION,CNTY_CITY_LOC,SPECIAL_COND,BEAT_TYPE,CHP_BEAT_TYPE,CITY_DIVISION_LAPD,CHP_BEAT_CLASS,BEAT_NUMBER,PRIMARY_RD,SECONDARY_RD,DISTANCE,DIRECTION,INTERSECTION,WEATHER_1,WEATHER_2,STATE_HWY_IND,CALTRANS_COUNTY,CALTRANS_DISTRICT,STATE_ROUTE,ROUTE_SUFFIX,POSTMILE_PREFIX,POSTMILE,LOCATION_TYPE,RAMP_INTERSECTION,SIDE_OF_HWY,TOW_AWAY,COLLISION_SEVERITY,NUMBER_KILLED,NUMBER_INJURED,PARTY_COUNT,PRIMARY_COLL_FACTOR,PCF_CODE_OF_VIOL,PCF_VIOL_CATEGORY,PCF_VIOLATION,PCF_VIOL_SUBSECTION,HIT_AND_RUN,TYPE_OF_COLLISION,MVIW,PED_ACTION,ROAD_SURFACE,ROAD_COND_1,ROAD_COND_2,LIGHTING,CONTROL_DEVICE,CHP_ROAD_TYPE,PEDESTRIAN_ACCIDENT,BICYCLE_ACCIDENT,MOTORCYCLE_ACCIDENT,TRUCK_ACCIDENT,NOT_PRIVATE_PROPERTY,ALCOHOL_INVOLVED,STWD_VEHTYPE_AT_FAULT,CHP_VEHTYPE_AT_FAULT,COUNT_SEVERE_INJ,COUNT_VISIBLE_INJ,COUNT_COMPLAINT_PAIN,COUNT_PED_KILLED,COUNT_PED_INJURED,COUNT_BICYCLIST_KILLED,COUNT_BICYCLIST_INJURED,COUNT_MC_KILLED,COUNT_MC_INJURED,PRIMARY_RAMP,SECONDARY_RAMP,LATITUDE,LONGITUDE,COUNTY,CITY,POINT_X,POINT_Y
7107022,2015,2015-10-30,3711,2015-10-11,0510,7301,,7,5,7,3711,0,0,0,,0,612,"NIMITZ BL","POINT LOMA BL",0.00,,Y,A,-,N,,,,,,,,,,N,3,0,1,2,A,-,12,21453,A,N,D,G,A,A,H,-,C,A,0,,Y,,,Y,,L,04,0,1,0,0,0,0,1,0,0,"- ","- ",,,"SAN DIEGO","SAN DIEGO",-117.23612006,32.751240009999997
7107030,2015,2015-10-30,3711,2015-10-14,1241,4823,"SAN D",3,5,7,3711,0,0,0,,0,112,"GENESEE AV","GENESEE COURT EAST",0.00,,Y,A,-,N,,,,,,,,,,N,3,0,1,2,A,-,05,21650,1,N,D,G,A,A,H,-,A,A,0,,Y,,,Y,,L,04,0,1,0,0,0,0,1,0,0,"- ","- ",,,"SAN DIEGO","SAN DIEGO",-117.17935005,32.814190089999997
7107034,2015,2015-10-30,3711,2015-10-10,2111,5916,,6,5,7,3711,0,0,0,,0,611,"ROSECRANS ST","MIDWAY DR",83.00,S,N,A,-,N,,,,,,,,,,N,3,0,1,2,A,-,11,21954,A,N,G,B,D,A,H,-,C,D,0,Y,,,,Y,Y,N,60,0,1,0,0,1,0,0,0,0,"- ","- ",,,"SAN DIEGO","SAN DIEGO",-117.20632748,32.749515629999998
7107497,2015,2016-08-10,3711,2015-10-01,0931,HB5132,,4,5,7,3711,0,0,0,,0,710,"NORTH HARBOR DR","AIR LANE RD",267.00,W,N,A,-,N,,,,,,,,,,N,4,0,1,2,A,-,"- ",,,N,G,B,E,A,H,-,A,D,0,Y,,,,Y,,D,22,0,0,1,0,1,0,0,0,0,"- ","- ",,,"SAN DIEGO","SAN DIEGO",,
7107512,2015,2015-11-02,3711,2015-10-06,0600,HB5730,,2,5,7,3711,0,0,0,,0,503,"SPRUANCE ST","MCCAIN ST",0.00,,Y,A,-,N,,,,,,,,,,N,4,0,1,2,A,-,10,21950,A,N,G,B,B,A,H,-,B,A,0,Y,,,,Y,,A,01,0,0,1,0,1,0,0,0,0,"- ","- ",,,"SAN DIEGO","SAN DIEGO",-117.20858,32.73195011
7107843,2015,2015-11-12,3700,2015-10-12,1035,SH2505,,1,5,5,3712,0,0,0,,0,359,"SAN MARCOS BL","LAS POSAS RD",293.00,W,N,A,-,N,,,,,,,,,,N,3,0,1,2,A,-,03,22350,,N,C,G,A,A,H,-,A,D,0,,Y,,,Y,,L,04,0,1,0,0,0,0,1,0,0,"- ","- ",,,"SAN DIEGO","SAN MARCOS",-117.19485066,33.133030840000004
7108455,2015,2015-11-03,3710,2015-10-22,1650,OC1412,,4,5,6,3710,0,0,0,,0,037,"MIRA COSTA ST","ESPLANADE ST",15.00,E,N,A,-,N,,,,,,,,,,N,4,0,1,2,D,-,00,,,N,G,B,B,A,H,-,A,A,0,Y,,,,Y,,-,"- ",0,0,1,0,1,0,0,0,0,"- ","- ",,,"SAN DIEGO",OCEANSIDE,-117.29142141,33.178565579999997
7108463,2015,2015-11-03,3710,2015-10-17,1215,OC1203,,6,5,6,3710,0,0,0,,0,001,"S HARBOR DR","E HARBOR TNL",380.00,N,N,A,-,N,,,,,,,,,,N,3,0,1,2,A,-,08,22107,,N,B,G,A,A,H,-,A,D,0,,Y,,,Y,,A,01,0,1,0,0,0,0,1,0,0,"- ","- ",,,"SAN DIEGO",OCEANSIDE,,
7108467,2015,2015-11-03,3710,2015-10-17,1200,OC0828,,6,5,6,3710,0,0,0,,0,001,"S HARBOR DR","NORTH PACIFIC ST",528.00,N,N,A,-,N,,,,,,,,,,N,3,0,1,2,A,-,08,22107,,N,B,G,A,A,H,-,A,A,0,,Y,,,Y,,A,01,0,1,0,0,0,0,1,0,0,"- ","- ",,,"SAN DIEGO",OCEANSIDE,-117.39020325,33.204087960000003
7108475,2015,2015-11-03,3710,2015-10-13,1925,OC1419,,2,5,6,3710,0,0,0,,0,012,"OCEANSIDE BL","GOAT HILL DR",110.00,E,N,A,-,N,,,,,,,,,,N,4,0,1,2,A,-,11,21954,A,N,G,B,D,A,H,-,C,D,0,Y,,,,Y,Y,N,60,0,0,1,0,1,0,0,0,0,"- ","- ",,,"SAN DIEGO",OCEANSIDE,-117.35653936,33.193420420000002
7108578,2015,2015-11-06,3711,2015-10-24,0945,4274,,6,5,7,3711,0,0,0,,0,313,"RUFFIN RD","LIGHTWAVE AV",30.00,N,N,A,-,N,,,,,,,,,,Y,3,0,3,3,A,-,08,22107,,N,C,G,A,A,H,-,A,A,0,,Y,,,Y,,-,,0,1,2,0,0,0,1,0,0,"- ","- ",,,"SAN DIEGO","SAN DIEGO",-117.12669877,32.828762169999997
7108602,2015,2015-11-07,3711,2015-10-20,2138,4310,,2,5,7,3711,0,0,0,,0,517,BROADWAY,"21ST ST",68.00,W,N,A,-,N,,,,,,,,,,N,4,0,1,2,A,-,09,21801,A,N,D,G,A,A,H,-,C,D,0,,Y,,,Y,,A,01,0,0,1,0,0,0,1,0,0,"- ","- ",,,"SAN DIEGO","SAN DIEGO",-117.14515033000001,32.715777629999998
7108618,2015,2015-11-07,3711,2015-10-20,1907,6487,SD,2,5,7,3711,0,0,0,,0,383,"EL CAJON BL","36TH ST",0.00,,Y,B,-,N,,,,,,,,,,N,3,0,1,2,A,-,10,21950,A,N,G,B,B,A,H,-,C,D,0,Y,,,,Y,,-,,0,1,0,0,1,0,0,0,0,"- ","- ",,,"SAN DIEGO","SAN DIEGO",-117.11578006000001,32.755290010000003
7108621,2015,2015-11-07,3711,2015-10-18,1429,7274,SANDI,7,5,7,3711,0,0,0,,0,627,"UNIVERSITY AV","5TH AV",0.00,,Y,B,-,N,,,,,,,,,,N,3,0,1,2,A,-,10,21950,A,M,A,B,B,A,H,-,A,A,0,Y,,,,Y,Y,-,,0,1,0,0,1,0,0,0,0,"- ","- ",,,"SAN DIEGO","SAN DIEGO",-117.16043989000001,32.748270050000002
7108622,2015,2015-11-10,3711,2015-10-19,1531,7172,,1,5,7,3711,0,0,0,,0,838,"EL CAJON BL","EL CAJON BL 3800",17.00,N,N,A,-,N,,,,,,,,,,N,3,0,1,2,-,-,"- ",,,N,A,G,A,A,H,-,A,D,0,,Y,,,Y,,-,"- ",0,1,0,0,0,0,1,0,0,"- ","- ",,,"SAN DIEGO","SAN DIEGO",,
7108625,2015,2015-11-07,3711,2015-10-25,1557,7303,MIDCI,7,5,7,3711,0,0,0,,0,813,"PARK BL",UNIVERSITY,50.00,S,N,A,-,N,,,,,,,,,,N,3,0,1,2,A,-,11,21955,,N,G,B,D,A,H,-,A,A,0,Y,,,,Y,,N,60,0,1,0,0,1,0,0,0,0,"- ","- ",,,"SAN DIEGO","SAN DIEGO",-117.14641,32.748313029999998
7108638,2015,2015-11-06,3711,2015-10-14,0945,HB4132,,3,5,7,3711,0,0,0,,0,720,"NORTH HARBOR DR","AIRPORT TERMINAL RD",0.00,,Y,A,-,N,,,,,,,,,,Y,3,0,2,3,A,-,21,22106,,N,G,B,E,A,H,-,A,D,0,Y,,,,Y,,A,01,0,2,0,0,1,0,0,0,0,"- ","- ",,,"SAN DIEGO","SAN DIEGO",-117.20459282,32.729487540000001
7108896,2015,2015-11-19,3711,2015-10-23,0735,6837,,5,5,7,3711,0,0,0,,0,521,BROADWAY,"PARK BL 1000",2.00,W,N,A,-,N,,,,,,,,,,N,4,0,1,2,A,-,10,21950,A,N,G,B,B,A,H,-,A,A,0,Y,,,,Y,,N,60,0,0,1,0,1,0,0,0,0,"- ","- ",,,"SAN DIEGO","SAN DIEGO",-117.15378195,32.715736210000003
7109043,2015,2015-11-05,3711,2015-10-23,1934,6389,,5,5,7,3711,0,0,0,,0,526,"PARK BL","PARK BL 1400",0.00,,-,A,-,N,,,,,,,,,,N,4,0,1,2,A,-,09,21801,A,N,D,G,A,A,D,-,C,A,0,,Y,,,Y,Y,-,,0,0,1,0,0,0,1,0,0,"- ","- ",,,"SAN DIEGO","SAN DIEGO",-117.15391338000001,32.720263060000001
7109059,2015,2015-11-05,3711,2015-10-21,1556,7026,,3,5,7,3711,0,0,0,,0,1226,"GARNET AV","FANUEL ST",50.00,E,N,B,-,N,,,,,,,,,,N,4,0,1,2,A,-,21,22106,,N,G,B,D,A,H,-,A,D,0,Y,,,,Y,,A,08,0,0,1,0,1,0,0,0,0,"- ","- ",,,"SAN DIEGO","SAN DIEGO",-117.24619323,32.798565119999999
7109106,2015,2015-11-10,3711,2015-10-24,0947,7034,S1,6,5,7,3711,0,0,0,,0,712,"DEL SUR BL","DEL SUR BL 1700",7.00,W,N,A,-,N,,,,,,,,,,Y,2,0,1,5,A,-,03,22350,,N,B,B,E,A,H,-,A,D,0,Y,,,,Y,,-,,1,0,0,0,1,0,0,0,0,"- ","- ",,,"SAN DIEGO","SAN DIEGO",,
7109118,2015,2015-11-05,3711,2015-10-24,1002,7178,,6,5,7,3711,0,0,0,,0,522,"ISLAND AV","2ND AV",0.00,,Y,A,-,N,,,,,,,,,,N,3,0,1,2,A,-,11,21954,A,N,G,B,B,A,H,-,A,D,0,Y,,,,Y,,N,60,0,1,0,0,1,0,0,0,0,"- ","- ",,,"SAN DIEGO","SAN DIEGO",-117.16288007,32.710420059999997
7110040,2015,2016-12-21,3705,2015-08-02,1835,EC0359,,7,5,5,3705,0,0,0,,0,007,MOLLISON,"RD 8",15.00,W,N,A,-,Y,SD,11,8,-,-,16.605,R,4,W,N,3,0,1,2,A,-,11,21456,B,N,G,B,B,A,H,-,A,A,0,Y,,,,Y,,N,60,0,1,0,0,1,0,0,0,0,"- ","- ",,,"SAN DIEGO","EL CAJON",-116.94866669,32.803156059999999
7110457,2015,2015-11-17,3702,2015-10-07,1055,CV0652,,3,5,6,3702,0,0,0,,0,022,"3RD AV","PALOMAR ST",0.00,,Y,A,-,N,,,,,,,,,,N,3,0,1,2,A,-,11,21456,B,N,G,B,D,A,H,-,A,A,0,Y,,,,Y,,N,60,0,1,0,0,1,0,0,0,0,"- ","- ",,,"SAN DIEGO","CHULA VISTA",-117.06639011999999,32.606800079999999
7110469,2015,2015-11-13,3702,2015-10-14,0724,CV0977,,3,5,6,3702,0,0,0,,0,013,"ASH AV","L ST",9.00,N,N,A,-,N,,,,,,,,,,N,3,0,1,2,A,-,09,21803,A,N,D,G,A,A,H,-,A,D,0,,Y,,,Y,,A,01,0,1,0,0,0,0,1,0,0,"- ","- ",,,"SAN DIEGO","CHULA VISTA",-117.08299886,32.61749348
7110473,2015,2015-11-13,3702,2015-10-05,1517,CV1079,,1,5,6,3702,0,0,0,,0,024,"OLEANDER AV","SEQUOIA ST",220.00,N,N,A,-,N,,,,,,,,,,N,4,0,1,2,A,-,11,21956,,N,G,B,E,A,H,-,A,D,0,Y,,,,Y,,N,60,0,0,1,0,1,0,0,0,0,"- ","- ",,,"SAN DIEGO","CHULA VISTA",-117.03339681,32.603043139999997
7110569,2015,2015-11-18,3706,2015-10-23,0706,ES1603,,5,5,6,3706,0,0,0,,0,045,"WASHINGTON AV","QUINCE ST",0.00,,Y,A,-,N,,,,,,,,,,N,4,0,1,2,A,-,10,21950,A,N,G,B,B,A,H,-,C,A,0,Y,,,,Y,Y,A,01,0,0,1,0,1,0,0,0,0,"- ","- ",,,"SAN DIEGO",ESCONDIDO,-117.09196004,33.124440059999998
7110613,2015,2015-11-13,3701,2015-10-23,1150,5427,72,5,5,5,3701,0,0,0,,0,006,"PASEO DEL NORTE","PALOMAR AIRPORT RD",700.00,S,N,A,-,N,,,,,,,,,,N,3,0,1,2,A,-,17,21208,,N,D,G,A,A,H,-,A,D,0,,Y,,,Y,,L,04,0,1,0,0,0,0,1,0,0,"- ","- ",,,"SAN DIEGO",CARLSBAD,-117.31917361000001,33.120042239999997
7110620,2015,2015-11-13,3701,2015-10-27,0814,5191,22,2,5,5,3701,0,0,0,,0,004,"CARLSBAD VILLAGE DR","CHATHAM RD",0.00,,Y,A,-,N,,,,,,,,,,N,4,0,1,2,A,-,10,21950,A,N,G,B,B,A,H,-,A,A,0,Y,,,,Y,,A,01,0,0,1,0,1,0,0,0,0,"- ","- ",33.166510000000002,-117.30356999999999,"SAN DIEGO",CARLSBAD,-117.30365007,33.166540060000003
7112519,2015,2015-11-07,3706,2015-10-26,1932,ES0322,,1,5,6,3706,0,0,0,,0,042,"VALLEY PKWY","ELM ST",91.00,W,N,A,-,N,,,,,,,,,,N,2,0,1,2,A,-,11,21954,A,N,G,B,D,A,H,-,C,D,0,Y,,,,Y,,N,60,1,0,0,0,1,0,0,0,0,"- ","- ",,,"SAN DIEGO",ESCONDIDO,-117.07281949999999,33.127799789999997
7112984,2015,2015-11-16,3711,2015-10-29,1100,7051,,4,5,7,3711,0,0,0,,0,121,"WEST MISSION BAY DR","GLEASON RD",12.00,E,N,A,-,N,,,,,,,,,,N,3,0,1,2,A,-,09,21804,A,N,D,G,A,A,H,-,A,D,0,,Y,,,Y,,L,04,0,1,0,0,0,0,1,0,0,"- ","- ",,,"SAN DIEGO","SAN DIEGO",-117.24689028,32.77115877
7113058,2015,2015-12-11,3709,2015-10-08,0623,441,,4,5,5,3709,0,0,0,,0,,"ROOSEVELT AV","EAST 8TH ST",112.00,N,N,A,-,N,,,,,,,,,,,4,0,1,2,A,-,05,21202,A,N,A,G,A,A,C,H,B,D,0,,Y,,,Y,,L,04,0,0,1,0,0,0,1,0,0,"- ","- ",,,"SAN DIEGO","NATIONAL CITY",-117.10808124,32.675842009999997
7113101,2015,2015-11-14,3711,2015-10-18,2023,500,,7,5,7,3711,0,0,0,,0,432,"IMPERIAL AV","50TH ST",185.00,E,N,A,-,N,,,,,,,,,,N,2,0,1,2,A,-,11,21954,A,N,G,B,D,A,H,-,C,D,0,Y,,,,Y,,N,60,1,0,0,0,1,0,0,0,0,"- ","- ",,,"SAN DIEGO","SAN DIEGO",-117.08616517,32.70413585
7113134,2015,2017-02-04,3711,2015-10-25,1130,6712,NORTH,7,5,7,3711,0,0,0,,0,116,"CLAIREMONT DR","CLAIREMONT DR 2400",0.00,,N,A,-,Y,SD,11,5,-,R,21.956,R,4,S,N,3,0,1,2,A,-,09,21802,A,M,D,G,A,A,H,-,A,-,0,,Y,,,Y,,-,,0,1,0,0,0,0,1,0,0,"- ","- ",,,"SAN DIEGO","SAN DIEGO",-117.20742684,32.78620008
7113135,2015,2015-11-06,3711,2015-10-19,1508,4495,,1,5,7,3711,0,0,0,,0,516,"ISLAND AV","30TH ST",222.00,E,N,A,-,N,,,,,,,,,,N,2,0,1,2,A,-,11,21954,A,N,G,B,D,A,H,-,A,D,0,Y,,,,Y,,N,60,1,0,0,0,1,0,0,0,0,"- ","- ",,,"SAN DIEGO","SAN DIEGO",-117.12949069,32.71058
7113137,2015,2015-11-16,3711,2015-10-27,1625,4527,,2,5,7,3711,0,0,0,,0,529,5TH,ELM,15.00,N,N,A,-,N,,,,,,,,,,N,3,0,1,2,A,-,10,21950,A,N,A,B,B,A,H,-,A,A,0,Y,,,,Y,,-,"- ",0,1,0,0,1,0,0,0,0,"- ","- ",,,"SAN DIEGO","SAN DIEGO",-117.1602408,32.72413109
7113152,2015,2015-11-09,3709,2015-10-05,0954,437,3709,1,5,5,3709,0,0,0,,0,024,"24TH ST","B AV",6.00,W,N,C,-,N,,,,,,,,,,N,4,0,1,2,A,-,11,21954,A,N,G,B,D,B,G,-,A,D,0,Y,,,,Y,,N,60,0,0,1,0,1,0,0,0,0,"- ","- ",,,"SAN DIEGO","NATIONAL CITY",-117.09945844000001,32.662604829999999
7113737,2015,2015-11-13,3711,2015-10-28,1630,6449,,3,5,7,3711,0,0,0,,0,514,"19TH ST","J ST",0.00,,Y,A,-,N,,,,,,,,,,N,4,0,1,2,A,-,10,21950,A,N,G,B,B,A,H,-,A,A,0,Y,,,,Y,,A,01,0,0,1,0,1,0,0,0,0,"- ","- ",,,"SAN DIEGO","SAN DIEGO",-117.14670006999999,32.709410089999999
7113745,2015,2015-11-13,3711,2015-10-31,0954,5395,,6,5,7,3711,0,0,0,,0,627,CLEVELAND,RICHMOND,6.00,E,N,A,-,N,,,,,,,,,,N,3,0,1,2,A,-,10,21950,A,N,G,B,B,A,H,-,A,D,0,Y,,,,Y,,-,,0,1,0,0,1,0,0,0,0,"- ","- ",,,"SAN DIEGO","SAN DIEGO",-117.15122119,32.749554179999997
7113753,2015,2015-11-13,3711,2015-10-16,0753,5313,,5,5,7,3711,0,0,0,,0,515,"26TH ST","J ST",3.00,N,N,-,-,N,,,,,,,,,,N,4,0,1,2,-,-,"- ",,,N,G,B,B,-,-,-,-,A,0,Y,,,,Y,,-,"- ",0,0,1,0,1,0,0,0,0,"- ","- ",,,"SAN DIEGO","SAN DIEGO",-117.13813985,32.70949822
7113793,2015,2015-11-13,3711,2015-10-30,1630,7247,EASTE,5,5,7,3711,0,0,0,,0,311,"MURPHY CANYON RD","NORTH AV",5.00,S,N,A,-,N,,,,,,,,,,N,4,0,1,2,A,-,08,22107,,F,-,G,A,A,H,-,A,-,0,,Y,,,Y,,-,,0,0,1,0,0,0,1,0,0,"- ","- ",,,"SAN DIEGO","SAN DIEGO",,
7113814,2015,2015-11-13,3711,2015-10-29,0701,6621,,4,5,7,3711,0,0,0,,0,124,"LA JOLLA BL","BONAIR WY",8.00,N,N,A,-,N,,,,,,,,,,Y,3,0,1,2,A,-,08,22107,,M,B,G,A,A,H,-,A,A,0,,Y,,,Y,,-,,0,1,0,0,0,0,1,0,0,"- ","- ",,,"SAN DIEGO","SAN DIEGO",-117.27638597000001,32.83116133
7113818,2015,2017-01-28,3711,2015-10-04,1130,5838,,7,5,7,3711,0,0,0,,0,122,"MISSION BAY DR","ROSEWOOD ST",327.00,S,N,B,C,Y,SD,11,5,-,R,22.752,R,4,N,Y,2,0,1,2,A,-,09,21804,A,N,D,G,A,B,H,-,A,D,0,,Y,,,Y,,L,04,1,0,0,0,0,0,1,0,0,"- ","- ",,,"SAN DIEGO","SAN DIEGO",-117.20963736,32.797259259999997
7113825,2015,2015-11-13,3711,2015-10-27,0845,6415,,2,5,7,3711,0,0,0,,0,314,"MESA COLLEGE DR","BERGER AV",261.00,W,N,B,-,N,,,,,,,,,,N,4,0,1,2,A,-,06,21750,,N,C,G,A,A,H,-,A,A,0,,Y,,,Y,,L,04,0,0,1,0,0,0,1,0,0,"- ","- ",,,"SAN DIEGO","SAN DIEGO",-117.15284896999999,32.801959050000001
7113834,2015,2015-11-12,3711,2015-10-31,1314,6621,"SAN D",6,5,7,3711,0,0,0,,0,124,"LA JOLLA BL","BIRD ROCK AV",300.00,N,N,A,-,N,,,,,,,,,,N,4,0,1,2,A,-,08,22107,,N,D,G,A,A,H,-,A,D,0,,Y,,,Y,,-,,0,0,1,0,0,0,1,0,0,"- ","- ",,,"SAN DIEGO","SAN DIEGO",-117.271083,32.816408299999999
7113917,2015,2016-01-28,3711,2015-10-14,0849,5313,,3,5,7,3711,0,0,0,,0,511,"MAIN ST","MAIN ST 2100",0.00,,-,A,-,N,,,,,,,,,,N,4,0,1,2,A,-,21,22106,,N,G,B,F,A,H,-,A,D,0,Y,,,,Y,,A,01,0,0,1,0,1,0,0,0,0,"- ","- ",,,"SAN DIEGO","SAN DIEGO",-117.14330256,32.696721410000002
7114092,2015,2015-11-18,3711,2015-10-29,1733,6390,,4,5,7,3711,0,0,0,,0,614,"POINT LOMA BL","POINT LOMA BL 4600",0.00,,N,A,-,N,,,,,,,,,,N,4,0,1,2,A,-,09,21801,A,N,G,G,A,A,H,-,A,D,0,,Y,,,Y,,A,01,0,0,1,0,0,0,1,0,0,"- ","- ",,,"SAN DIEGO","SAN DIEGO",-117.25142956000001,32.734199449999998
7114249,2015,2015-12-01,3711,2015-11-04,1722,6366,,3,5,7,3711,0,0,0,,0,242,"BLACK MOUNTAIN RD","GALVIN WY",245.00,N,N,B,-,N,,,,,,,,,,Y,3,0,1,2,A,-,11,21954,A,N,G,B,D,A,H,-,D,D,0,Y,,,,Y,,-,"- ",0,1,0,0,1,0,0,0,0,"- ","- ",,,"SAN DIEGO","SAN DIEGO",-117.12501192000001,32.921211079999999
7114251,2015,2015-11-17,3711,2015-11-04,1313,5901,,3,5,7,3711,0,0,0,,0,622,"MORENA BL","MORENA BL 1000",0.00,,N,A,-,N,,,,,,,,,,N,3,0,1,2,A,-,11,21950,B,N,G,B,D,A,H,-,A,D,0,Y,,,,Y,,N,60,0,1,0,0,1,0,0,0,0,"- ","- ",,,"SAN DIEGO","SAN DIEGO",-117.19894588,32.76659772
7114401,2015,2015-11-06,3711,2015-10-14,0459,HB5250,,3,5,7,3711,0,0,0,,0,720,"ELEVATED DEPARTURE ROADWAY",MCCAIN,1540.00,N,N,B,-,N,,,,,,,,,,N,3,0,1,3,A,-,08,22107,,N,B,B,-,A,H,-,C,D,0,Y,,,,Y,,A,01,0,1,0,0,1,0,0,0,0,"- ","- ",,,"SAN DIEGO","SAN DIEGO",,
7114622,2015,2015-11-10,3711,2015-10-28,1640,5400,,3,5,7,3711,0,0,0,,0,315,"CAMINO DEL RIO S","SOOO TEXAS",1056.00,E,N,A,-,N,,,,,,,,,,N,4,0,1,2,A,-,09,21804,A,N,-,B,-,A,H,-,A,D,0,Y,,,,Y,,-,,0,0,1,0,1,0,0,0,0,"- ","- ",,,"SAN DIEGO","SAN DIEGO",-117.13741869,32.76938011
7114638,2015,2015-11-10,3711,2015-10-22,0739,7147,,4,5,7,3711,0,0,0,,0,621,"N JUDSON ST","HYATT ST",0.00,,Y,A,-,N,,,,,,,,,,N,3,0,1,2,A,-,08,22107,,N,G,B,B,A,H,-,A,D,0,Y,,,,Y,,-,,0,1,0,0,1,0,0,0,0,"- ","- ",,,"SAN DIEGO","SAN DIEGO",-117.16348005,32.79029001
7116087,2015,2015-11-20,3706,2015-11-03,1630,ES0455,,2,5,6,3706,0,0,0,,0,045,"MISSION RD","AUTO PKWY",53.00,E,N,A,-,N,,,,,,,,,,N,3,0,1,2,A,-,05,21650,1,N,D,G,A,A,H,-,A,D,0,,Y,,,Y,,L,04,0,1,0,0,0,0,1,0,0,"- ","- ",,,"SAN DIEGO",ESCONDIDO,-117.12254007999999,33.130365050000002
7116175,2015,2015-11-19,3711,2015-11-06,1310,7304,,5,5,7,3711,0,0,0,,0,327,"RICHARD ST","RICHARD ST 6852",13.00,S,N,A,-,N,,,,,,,,,,N,2,0,1,2,A,-,09,21804,A,N,H,G,A,A,C,-,A,D,0,,Y,,,Y,,L,04,1,0,0,0,0,0,1,0,0,"- ","- ",,,"SAN DIEGO","SAN DIEGO",,
7116203,2015,2015-11-19,3711,2015-11-04,0818,5899,,3,5,7,3711,0,0,0,,0,813,"HOWARD AV","30TH ST",6.00,E,N,B,-,N,,,,,,,,,,N,3,0,1,2,A,-,10,21950,A,N,G,B,B,A,H,-,A,A,0,Y,,,,Y,,-,,0,1,0,0,1,0,0,0,0,"- ","- ",,,"SAN DIEGO","SAN DIEGO",-117.13019054999999,32.754069999999999
7117888,2015,2015-12-02,3706,2015-11-11,1010,ES0492,,3,5,6,3706,0,0,0,,0,042,"W MISSION AV","NORTH BROADWAY",550.00,W,N,A,-,N,,,,,,,,,,N,4,0,1,2,A,-,05,21202,A,N,D,G,A,A,H,-,A,D,0,,Y,,,Y,,L,04,0,0,1,0,0,0,1,0,0,"- ","- ",,,"SAN DIEGO",ESCONDIDO,-117.08701671999999,33.129831619999997
7117912,2015,2015-12-02,3706,2015-11-02,0730,ES0392,,1,5,6,3706,0,0,0,,0,044,"JEFFERSON AV","ROOSEVELT ST",0.00,,N,A,-,N,,,,,,,,,,N,4,0,1,2,A,-,10,21950,A,N,G,B,D,A,H,-,A,D,0,Y,,,,Y,,D,22,0,0,1,0,1,0,0,0,0,"- ","- ",,,"SAN DIEGO",ESCONDIDO,-117.06790012,33.134300090000004
7117989,2015,2015-11-24,3706,2015-10-30,0800,ES0487,,5,5,6,3706,0,0,0,,0,042,"VALLEY PKWY","N IVY ST",353.00,E,N,A,-,N,,,,,,,,,,N,3,0,2,3,A,-,10,21952,,N,G,B,C,A,H,-,A,D,0,Y,,,,Y,,A,01,0,1,1,0,2,0,0,0,0,"- ","- ",,,"SAN DIEGO",ESCONDIDO,-117.07710335,33.12511799
7118382,2015,2015-11-18,3700,2015-10-08,1856,SH2560,,4,5,5,3713,0,0,0,,0,312,"SOUTH MELROSE DR","SUNSET DR",125.00,S,N,A,-,N,,,,,,,,,,Y,2,0,1,3,A,-,07,21658,A,N,B,G,A,A,H,-,C,A,0,,Y,,,Y,,L,04,1,0,0,0,0,0,1,0,0,"- ","- ",,,"SAN DIEGO",VISTA,-117.25374392000001,33.177438010000003
7118450,2015,2015-11-17,3700,2015-10-28,0600,SH2439,,3,5,5,3713,0,0,0,,0,305,"VISTA VILLAGE DR","OLIVE AV",5.00,W,N,B,-,N,,,,,,,,,,N,4,0,1,2,A,-,10,21950,A,N,G,B,B,A,H,-,C,A,0,Y,,,,Y,,A,07,0,0,1,0,1,0,0,0,0,"- ","- ",,,"SAN DIEGO",VISTA,-117.24469329,33.201982080000001
7118618,2015,2017-02-04,3705,2015-10-12,1217,EC0278,,1,5,5,3705,0,0,0,,0,009,MAIN,3RD,0.00,,Y,B,-,Y,SD,11,8,-,-,18.045,R,4,W,N,3,0,1,2,A,-,10,21950,A,N,G,B,B,A,H,-,A,A,0,Y,,,,Y,,D,22,0,1,0,0,1,0,0,0,0,"- ","- ",,,"SAN DIEGO","EL CAJON",-116.92418960000001,32.80395455
7118628,2015,2015-11-18,3705,2015-10-09,0645,EC0279,,5,5,5,3705,0,0,0,,0,009,"1ST ST",LEXINGTON,8.00,N,N,A,-,N,,,,,,,,,,N,4,0,1,2,A,-,09,21802,A,F,A,B,B,A,H,-,A,-,0,Y,,,,Y,,-,,0,0,1,0,1,0,0,0,0,"- ","- ",,,"SAN DIEGO","EL CAJON",-116.94460948,32.792791899999997
7118689,2015,2015-11-18,3710,2015-10-26,1735,OC1398,,1,5,6,3710,0,0,0,,0,034,"COLLEGE BL","OCEANSIDE BL",0.00,,Y,A,-,N,,,,,,,,,,N,4,0,1,2,A,-,10,21950,A,F,G,B,B,A,H,-,A,A,0,Y,,,,Y,Y,-,,0,0,1,0,1,0,0,0,0,"- ","- ",,,"SAN DIEGO",OCEANSIDE,-117.28506002,33.207300089999997
7118709,2015,2015-11-18,3705,2015-10-01,0821,EC0160,,4,5,5,3705,0,0,0,,0,010,"EAST MAIN ST",SULZFELD,0.00,,Y,A,-,N,,,,,,,,,,N,4,0,1,2,A,-,10,21950,A,N,G,B,B,A,H,-,A,A,0,Y,,,,Y,,A,01,0,0,1,0,1,0,0,0,0,"- ","- ",,,"SAN DIEGO","EL CAJON",-116.96013807999999,32.794955129999998