CASE_ID,ACCIDENT_YEAR,PROC_DATE,JURIS,COLLISION_DATE,COLLISION_TIME,OFFICER_ID,REPORTING_DISTRICT,DAY_OF_WEEK,CHP_SHIFT,POPULATION,CNTY_CITY_LOC,SPECIAL_COND,BEAT_TYPE,CHP_BEAT_TYPE,CITY_DIVISION_LAPD,CHP_BEAT_CLASS,BEAT_NUMBER,PRIMARY_RD,SECONDARY_RD,DISTANCE,DIRECTION,INTERSECTION,WEATHER_1,WEATHER_2,STATE_HWY_IND,CALTRANS_COUNTY,CALTRANS_DISTRICT,STATE_ROUTE,ROUTE_SUFFIX,POSTMILE_PREFIX,POSTMILE,LOCATION_TYPE,RAMP_INTERSECTION,SIDE_OF_HWY,TOW_AWAY,COLLISION_SEVERITY,NUMBER_KILLED,NUMBER_INJURED,PARTY_COUNT,PRIMARY_COLL_FACTOR,PCF_CODE_OF_VIOL,PCF_VIOL_CATEGORY,PCF_VIOLATION,PCF_VIOL_SUBSECTION,HIT_AND_RUN,TYPE_OF_COLLISION,MVIW,PED_ACTION,ROAD_SURFACE,ROAD_COND_1,ROAD_COND_2,LIGHTING,CONTROL_DEVICE,CHP_ROAD_TYPE,PEDESTRIAN_ACCIDENT,BICYCLE_ACCIDENT,MOTORCYCLE_ACCIDENT,TRUCK_ACCIDENT,NOT_PRIVATE_PROPERTY,ALCOHOL_INVOLVED,STWD_VEHTYPE_AT_FAULT,CHP_VEHTYPE_AT_FAULT,COUNT_SEVERE_INJ,COUNT_VISIBLE_INJ,COUNT_COMPLAINT_PAIN,COUNT_PED_KILLED,COUNT_PED_INJURED,COUNT_BICYCLIST_KILLED,COUNT_BICYCLIST_INJURED,COUNT_MC_KILLED,COUNT_MC_INJURED,PRIMARY_RAMP,SECONDARY_RAMP,LATITUDE,LONGITUDE,COUNTY,CITY,POINT_X,POINT_Y
7142087,2015,2016-01-06,3711,2015-12-14,1852,7150,,1,5,7,3711,0,0,0,,0,611,"CAMINO DEL RIO W","SPORTS ARENA BL",300.00,N,N,A,-,N,,,,,,,,,,N,3,0,1,2,A,-,11,21955,,N,-,B,D,A,H,-,C,D,0,Y,,,,Y,Y,-,"- ",0,1,0,0,1,0,0,0,0,"- ","- ",,,"SAN DIEGO","SAN DIEGO",-117.20493652,32.752347360000002
7142088,2015,2015-12-28,3711,2015-12-14,1028,5901,,1,5,7,3711,0,0,0,,0,627,"UNIVERSITY AV","8TH AV",16.00,W,N,A,-,N,,,,,,,,,,N,3,0,1,2,A,-,11,21461,5,N,G,B,B,A,H,-,A,A,0,Y,,,,Y,,N,60,0,1,0,0,1,0,0,0,0,"- ","- ",,,"SAN DIEGO","SAN DIEGO",-117.15748787,32.748389340000003
7142102,2015,2015-12-28,3711,2015-12-08,0830,7281,SANDI,2,5,7,3711,0,0,0,,0,528,"W DATE ST","KETTNER BL",3.00,E,N,A,-,N,,,,,,,,,,N,3,0,1,2,A,-,10,21950,A,N,G,B,B,A,H,-,A,D,0,Y,,,,Y,,-,,0,1,0,0,1,0,0,0,0,"- ","- ",,,"SAN DIEGO","SAN DIEGO",-117.16918028000001,32.72298
7142103,2015,2015-12-28,3711,2015-12-09,1641,7124,,3,5,7,3711,0,0,0,,0,516,"MARKET ST","31ST ST",108.00,E,N,A,-,N,,,,,,,,,,N,3,0,1,2,A,-,11,21950,B,N,A,B,D,A,H,-,A,D,0,Y,,,,Y,,N,60,0,1,0,0,1,0,0,0,0,"- ","- ",,,"SAN DIEGO","SAN DIEGO",-117.12707007,32.711671629999998
7142105,2015,2015-12-28,3711,2015-12-09,2138,7359,,3,5,7,3711,0,0,0,,0,813,UNIVERSITY,FLORIDA,6.00,E,N,A,-,N,,,,,,,,,,N,3,0,1,2,A,-,08,22107,,N,G,B,B,A,H,-,C,A,0,Y,,,,Y,,-,,0,1,0,0,1,0,0,0,0,"- ","- ",,,"SAN DIEGO","SAN DIEGO",-117.14370055000001,32.748440000000002
7142107,2015,2015-12-28,3711,2015-12-10,0743,4684,,4,5,7,3711,0,0,0,,0,115,"GENESEE AV","GOVERNOR DR",0.00,,Y,B,-,N,,,,,,,,,,N,4,0,1,2,A,-,09,21804,A,N,D,G,A,A,H,-,A,A,0,,Y,,,Y,,L,04,0,0,1,0,0,0,1,0,0,"- ","- ",,,"SAN DIEGO","SAN DIEGO",-117.20468,32.854610059999999
7142109,2015,2016-08-10,3711,2015-12-12,1500,6982,,6,5,7,3711,0,0,0,,0,126,"TORREY PINES RD","NATIONAL UNIVERSITY SYSTEM DRWY",0.00,,Y,A,-,N,,,,,,,,,,N,4,0,1,2,A,-,12,21453,A,N,B,G,A,A,H,-,A,A,0,,Y,,,Y,,-,,0,0,1,0,0,0,1,0,0,"- ","- ",,,"SAN DIEGO","SAN DIEGO",-117.2445792,32.910183600000003
7142111,2015,2015-12-28,3711,2015-12-13,1423,7139,SANDI,7,5,7,3711,0,0,0,,0,122,"MISSION BL","EMERALD ST",0.00,,Y,B,-,N,,,,,,,,,,N,4,0,1,2,A,-,08,22107,,N,B,G,A,A,H,-,A,D,0,,Y,,,Y,,-,,0,0,1,0,0,0,1,0,0,"- ","- ",,,"SAN DIEGO","SAN DIEGO",-117.25606003,32.798410089999997
7142161,2015,2015-12-28,3711,2015-12-12,0800,7130,,6,5,7,3711,0,0,0,,0,831,"ORANGE AV","CHAMOUNE AV",33.00,W,N,A,-,N,,,,,,,,,,N,3,0,1,2,A,-,12,22450,A,N,D,G,A,A,H,-,A,D,0,,Y,,,Y,Y,-,,0,1,0,0,0,0,1,0,0,"- ","- ",,,"SAN DIEGO","SAN DIEGO",-117.09667693999999,32.753132020000002
7142164,2015,2015-12-28,3711,2015-12-12,1800,7350,,6,5,7,3711,0,0,0,,0,521,BROADWAY,"11TH AV",0.00,,Y,A,-,N,,,,,,,,,,N,3,0,1,2,A,-,10,21950,A,N,G,B,B,A,H,-,C,A,0,Y,,,,Y,Y,-,,0,1,0,0,1,0,0,0,0,"- ","- ",,,"SAN DIEGO","SAN DIEGO",-117.15473013,32.715740029999999
7142172,2015,2015-12-28,3711,2015-12-10,0722,6857,SANDI,4,5,7,3711,0,0,0,,0,824,"ALTADENA AV","EL CAJON BL",50.00,S,N,A,-,N,,,,,,,,,,N,3,0,1,2,A,-,11,21950,B,N,G,B,D,A,H,-,A,D,0,Y,,,,Y,,N,60,0,1,0,0,1,0,0,0,0,"- ","- ",,,"SAN DIEGO","SAN DIEGO",-117.085752,32.756813049999998
7142178,2015,2016-01-05,3711,2015-12-11,2104,7318,W2,5,5,7,3711,0,0,0,,0,627,"WEST WASHINGTON ST","GOLDFINCH ST",70.00,W,N,C,-,N,,,,,,,,,,N,4,0,1,2,A,-,08,22107,,N,G,B,B,B,H,-,C,A,0,Y,,,,Y,,-,"- ",0,0,1,0,1,0,0,0,0,"- ","- ",,,"SAN DIEGO","SAN DIEGO",-117.17160675,32.749902519999999
7142181,2015,2015-12-28,3711,2015-12-13,1110,6973,,7,5,7,3711,0,0,0,,0,445,"MARKET ST","COTTON ST",152.00,W,N,A,-,N,,,,,,,,,,N,3,0,1,2,A,-,17,22517,,N,B,G,A,A,H,-,A,D,0,,Y,,,Y,,-,,0,1,0,0,0,0,1,0,0,"- ","- ",,,"SAN DIEGO","SAN DIEGO",-117.09546232,32.71143052
7142183,2015,2015-12-28,3711,2015-12-11,1700,6546,,5,5,7,3711,0,0,0,,0,821,"EL CAJON BL","COLLEGE AV",0.00,,Y,C,-,N,,,,,,,,,,,4,0,1,2,A,-,11,21456,B,M,G,B,B,B,H,-,B,A,0,Y,,,,Y,Y,N,60,0,0,1,0,1,0,0,0,0,"- ","- ",,,"SAN DIEGO","SAN DIEGO",-117.06703001,32.761350010000001
7142230,2015,2015-12-28,3711,2015-12-09,0728,6034,,3,5,7,3711,0,0,0,,0,529,"6TH AV","KALMIA ST",0.00,,Y,A,-,N,,,,,,,,,,Y,3,0,1,2,A,-,11,21954,A,N,G,B,B,A,H,-,A,D,0,Y,,,,Y,,N,60,0,1,0,0,1,0,0,0,0,"- ","- ",,,"SAN DIEGO","SAN DIEGO",-117.15941008,32.73034002
7142231,2015,2016-01-06,3711,2015-12-03,2325,7169,,4,5,7,3711,0,0,0,,0,831,"UNIVERSITY AV",45TH,71.00,W,N,A,-,N,,,,,,,,,,Y,2,0,2,2,-,-,"- ",,,N,G,B,F,A,H,-,C,D,0,Y,,,,Y,,-,"- ",1,1,0,0,1,0,0,0,0,"- ","- ",,,"SAN DIEGO","SAN DIEGO",-117.09788014,32.749609999999997
7142359,2015,2015-12-29,3711,2015-12-07,1243,7082,,1,5,7,3711,0,0,0,,0,833,"UNIVERSITY AV","FAIRMOUNT AV",0.00,,Y,A,-,N,,,,,,,,,,N,4,0,1,2,A,-,11,21950,B,N,G,B,B,A,H,-,A,A,0,Y,,,,Y,,N,60,0,0,1,0,1,0,0,0,0,"- ","- ",,,"SAN DIEGO","SAN DIEGO",-117.10090012000001,32.749600039999997
7142360,2015,2015-12-29,3711,2015-12-11,1535,6632,MC2,5,5,7,3711,0,0,0,,0,813,"LANDIS ST","LANDIS ST 3100",7.00,S,N,A,-,N,,,,,,,,,,N,4,0,1,2,A,-,21,22106,,N,D,G,A,A,H,-,A,D,0,,Y,,,Y,,-,,0,0,1,0,0,0,1,0,0,"- ","- ",,,"SAN DIEGO","SAN DIEGO",,
7142813,2015,2016-01-07,3711,2015-12-09,1756,4243,,3,5,7,3711,0,0,0,,0,114,"W ALLY ONONDAGA AV","ONONDAGA AV 4500",117.00,W,N,A,-,N,,,,,,,,,,N,3,0,1,2,A,-,08,22107,,N,B,G,A,A,H,-,D,D,0,,Y,,,Y,,L,04,0,1,0,0,0,0,1,0,0,"- ","- ",,,"SAN DIEGO","SAN DIEGO",,
7144598,2015,2016-01-05,3711,2015-12-11,0609,5838,,5,5,7,3711,0,0,0,,0,835,"FAIRMOUNT AV","HOME AV",0.00,,Y,B,-,N,,,,,,,,,,Y,2,0,1,2,A,-,12,21453,A,F,D,G,A,B,H,-,C,A,0,,Y,,,Y,,L,04,1,0,0,0,0,0,1,0,0,"- ","- ",,,"SAN DIEGO","SAN DIEGO",-117.09974004,32.728880070000002
7144606,2015,2016-01-05,3711,2015-12-14,1715,4495,,1,5,7,3711,0,0,0,,0,627,"WASHINGTON ST","3RD AV",43.00,,N,A,-,N,,,,,,,,,,N,2,0,1,2,A,-,11,21954,A,N,G,B,D,A,H,-,C,D,0,Y,,,,Y,,N,60,1,0,0,0,1,0,0,0,0,"- ","- ",,,"SAN DIEGO","SAN DIEGO",-117.16274005,32.749980000000001
7144614,2015,2016-08-10,3711,2015-12-21,1816,7404,,1,5,7,3711,0,0,0,,0,447,"FAIRMOUNT AV","RIDGEVIEW DR",183.00,N,N,A,-,N,,,,,,,,,,N,4,0,1,2,A,-,11,21954,A,N,G,B,D,A,H,-,D,A,0,Y,,,,Y,,N,60,0,0,1,0,1,0,0,0,0,"- ","- ",,,"SAN DIEGO","SAN DIEGO",-117.0981307,32.726936610000003
7144640,2015,2016-01-05,3705,2015-07-28,0820,EC0278,,2,5,5,3705,0,0,0,,0,007,BROADWAY,"N 2ND",999.00,W,N,A,-,N,,,,,,,,,,Y,2,0,1,2,A,-,11,21954,A,N,G,B,D,A,H,-,A,D,0,Y,,,,Y,,N,60,1,0,0,0,1,0,0,0,0,"- ","- ",,,"SAN DIEGO","EL CAJON",-116.93902962999999,32.807710010000001
7144893,2015,2016-01-07,3706,2015-12-17,1227,ES0354,,4,5,6,3706,0,0,0,,0,055,"PINE ST","6TH AV",0.00,,Y,A,-,N,,,,,,,,,,N,4,0,1,2,A,-,21,22106,,N,G,B,E,A,H,-,A,A,0,Y,,,,Y,Y,D,22,0,0,1,0,1,0,0,0,0,"- ","- ",,,"SAN DIEGO",ESCONDIDO,-117.08372012,33.114420090000003
7144903,2015,2016-01-05,3706,2015-12-12,1040,ES0412,,6,5,6,3706,0,0,0,,0,043,"EL NORTE PKWY","LAS VILLAS WY",370.00,W,N,A,-,N,,,,,,,,,,N,3,0,1,2,A,-,11,21954,A,N,G,B,D,A,H,-,A,D,0,Y,,,,Y,,N,60,0,1,0,0,1,0,0,0,0,"- ","- ",,,"SAN DIEGO",ESCONDIDO,-117.09488619,33.141288410000001
7144907,2015,2016-01-05,3706,2015-12-17,1805,ES0440,,4,5,6,3706,0,0,0,,0,054,"EAST VALLEY PKWY","N ROSE ST",383.00,E,N,A,-,N,,,,,,,,,,N,4,0,1,2,A,-,09,21801,A,N,D,B,A,A,H,-,C,D,0,,,,,Y,,A,01,0,0,1,0,0,0,0,0,0,"- ","- ",,,"SAN DIEGO",ESCONDIDO,-117.05838806,33.134476390000003
7145137,2015,2015-12-29,3711,2015-12-15,0757,5901,,2,5,7,3711,0,0,0,,0,627,"FRONT ST","W ARBOR DR",10.00,N,N,A,-,N,,,,,,,,,,N,3,0,1,2,A,-,09,21802,A,N,G,B,-,A,H,-,A,D,0,Y,,,,Y,,-,,0,1,0,0,1,0,0,0,0,"- ","- ",,,"SAN DIEGO","SAN DIEGO",-117.16498,32.753807389999999
7145276,2015,2015-12-28,3700,2015-11-16,1624,SH0236,,1,5,5,3713,0,0,0,,0,302,"EAST VISTA WAY","ARCADIA AV",0.00,,Y,A,-,N,,,,,,,,,,N,4,0,1,2,A,-,09,21801,A,N,H,G,A,A,H,-,A,A,0,,Y,,,Y,,A,01,0,0,1,0,0,0,1,0,0,"- ","- ",,,"SAN DIEGO",VISTA,-117.22614009,33.224900089999998
7145456,2015,2015-12-31,3708,2015-11-04,1430,LM1217,,3,5,5,3708,0,0,0,,0,003,"DALHART AV","DALLAS ST",0.00,,Y,A,-,N,,,,,,,,,,N,3,0,1,2,A,-,10,21950,A,F,G,B,D,A,H,-,A,D,0,Y,,,,Y,,A,01,0,1,0,0,1,0,0,0,0,"- ","- ",,,"SAN DIEGO","LA MESA",-117.01895005999999,32.790890109999999
7145468,2015,2015-12-31,3708,2015-11-23,1813,LM1167,,1,5,5,3708,0,0,0,,0,002,"PALM AV","FINLEY AV",272.00,N,N,A,-,N,,,,,,,,,,N,3,0,1,2,A,-,03,22350,,N,G,B,E,A,H,-,C,D,0,Y,,,,Y,,A,01,0,1,0,0,1,0,0,0,0,"- ","- ",,,"SAN DIEGO","LA MESA",-117.01793694,32.763187369999997
7145888,2015,2016-01-28,3711,2015-12-14,1600,6825,,1,5,7,3711,0,0,0,,0,243,"MIRAMAR RD","CAMINO RUIZ",1900.00,W,N,A,-,N,,,,,,,,,,N,4,0,1,2,A,-,"- ",,,N,H,G,A,A,H,-,A,D,0,,Y,,,Y,,-,"- ",0,0,1,0,0,0,1,0,0,"- ","- ",,,"SAN DIEGO","SAN DIEGO",-117.13930073,32.891798950000002
7145890,2015,2016-01-27,3711,2015-12-13,0300,7319,SOUTH,7,5,7,3711,0,0,0,,0,712,"VIA ENCANTADORAS","DAIRY MART RD",2.00,E,N,A,-,N,,,,,,,,,,N,3,0,1,2,A,-,17,21712,B,M,A,B,-,A,H,-,C,D,0,Y,,,,Y,Y,N,60,0,1,0,0,1,0,0,0,0,"- ","- ",,,"SAN DIEGO","SAN DIEGO",,
7145895,2015,2016-01-28,3711,2015-12-11,0913,6787,,5,5,7,3711,0,0,0,,0,526,"PARR BL","PARK BL",15.00,E,N,A,-,N,,,,,,,,,,N,3,0,1,2,A,-,"- ",,,N,-,B,E,A,H,-,A,D,0,Y,,,,Y,,N,60,0,1,0,0,1,0,0,0,0,"- ","- ",,,"SAN DIEGO","SAN DIEGO",,
7145955,2015,2016-01-04,3711,2015-12-15,1215,7368,,2,5,7,3711,0,0,0,,0,833,"UNIVERSITY AV","FAIRMOUNT AV",0.00,,Y,A,-,N,,,,,,,,,,N,4,0,1,2,A,-,10,21950,A,N,G,B,B,A,H,-,A,A,0,Y,,,,Y,,D,22,0,0,1,0,1,0,0,0,0,"- ","- ",,,"SAN DIEGO","SAN DIEGO",-117.10090012000001,32.749600039999997
7145959,2015,2016-02-08,3711,2015-12-08,1058,6402,,2,5,7,3711,0,0,0,,0,813,"UNIVERSITY AV","MISSISSIPPI ST",7.00,W,N,A,-,N,,,,,,,,,,N,3,0,1,2,A,-,08,22107,,N,B,G,A,A,H,-,A,A,0,,Y,,,Y,,L,04,0,1,0,0,0,0,1,0,0,"- ","- ",,,"SAN DIEGO","SAN DIEGO",-117.14129269,32.748440000000002
7146084,2015,2016-01-08,3711,2015-12-16,1900,4527,,3,5,7,3711,0,0,0,,0,524,9TH,BROADWAY,12.00,N,N,A,-,N,,,,,,,,,,N,3,0,1,2,A,-,09,21801,A,N,D,G,A,A,H,-,E,A,0,,Y,,,Y,,-,"- ",0,1,0,0,0,0,1,0,0,"- ","- ",,,"SAN DIEGO","SAN DIEGO",-117.15651061,32.715752870000003
7146139,2015,2015-12-30,3711,2015-12-16,1715,7024,,3,5,7,3711,0,0,0,,0,315,"CAMINO DEL RIO S","TEXAS ST",1500.00,E,N,A,-,N,,,,,,,,,,N,3,0,1,2,A,-,11,21950,B,M,G,B,D,A,H,-,D,D,0,Y,,,,Y,Y,N,60,0,1,0,0,1,0,0,0,0,"- ","- ",,,"SAN DIEGO","SAN DIEGO",-117.13603860000001,32.769723710000001
7146147,2015,2017-02-03,3711,2015-12-17,2044,7328,,4,5,7,3711,0,0,0,,0,233,"CARMEL MOUNTAIN RD","RT 15",45.00,E,N,A,-,Y,SD,11,15,-,-,20.428,R,1,N,N,3,0,1,2,A,-,05,21651,B,N,D,G,A,A,H,-,C,A,0,,Y,,,Y,,L,04,0,1,0,0,0,0,1,0,0,"- ",NF,,,"SAN DIEGO","SAN DIEGO",-117.08748370000001,32.976823959999997
7146151,2015,2016-01-08,3711,2015-12-16,1458,7340,"SAN D",3,5,7,3711,0,0,0,,0,613,"EBERS ST","WEST POINT LOMA BL",46.00,S,N,A,-,N,,,,,,,,,,N,3,0,1,2,A,-,08,22107,,M,B,G,A,A,H,-,A,A,0,,Y,,,Y,,-,"- ",0,1,0,0,0,0,1,0,0,"- ","- ",,,"SAN DIEGO","SAN DIEGO",-117.24008061000001,32.75046485
7146155,2015,2016-08-10,3711,2015-12-16,0540,7064,"SAN D",3,5,7,3711,0,0,0,,0,511,"HARBOR DR","BELT ST",0.00,,Y,A,-,N,,,,,,,,,,N,3,0,1,2,A,-,11,21456,B,N,G,B,B,A,H,-,B,A,0,Y,,,,Y,,N,60,0,1,0,0,1,0,0,0,0,"- ","- ",,,"SAN DIEGO","SAN DIEGO",,
7146167,2015,2016-01-07,3708,2015-12-15,1430,LM1217,,2,5,5,3708,0,0,0,,0,001,"MASSACHUSETTS AV","BOULEVARD DR",0.00,,Y,A,-,N,,,,,,,,,,N,3,0,1,2,A,-,09,21802,A,F,B,G,A,A,H,-,A,A,0,,Y,,,Y,,A,01,0,1,0,0,0,0,1,0,0,"- ","- ",,,"SAN DIEGO","LA MESA",-117.04324001000001,32.754360069999997
7146239,2015,2016-01-06,3700,2015-12-07,2222,SH0236,,1,5,5,3713,0,0,0,,0,303,"EAST VISTA WY","OAK DR",0.00,,Y,A,-,N,,,,,,,,,,N,4,0,1,2,A,-,11,21954,A,N,D,B,E,A,H,-,C,A,0,Y,,,,Y,,N,60,0,0,1,0,1,0,0,0,0,"- ","- ",,,"SAN DIEGO",VISTA,-117.22854006999999,33.2134201
7146244,2015,2016-01-11,3701,2015-12-14,1220,5191,3,1,5,5,3701,0,0,0,,0,002,"ROOSEVELT ST","WALNUT AV",27.00,N,N,A,-,N,,,,,,,,,,N,3,0,1,2,A,-,11,21954,A,N,G,B,D,A,H,-,A,D,0,Y,,,,Y,,N,60,0,1,0,0,1,0,0,0,0,"- ","- ",33.15701,-117.34508,"SAN DIEGO",CARLSBAD,-117.34503941,33.156941199999999
7146482,2015,2016-01-04,3711,2015-12-09,0755,5300,,3,5,7,3711,0,0,0,,0,124,"SCENIC PL","CLIFFRIDGE AV",91.00,E,N,A,-,N,,,,,,,,,,N,3,0,1,2,A,-,10,21952,,N,G,B,F,A,H,-,A,D,0,Y,,,,Y,,-,,0,1,0,0,1,0,0,0,0,"- ","- ",,,"SAN DIEGO","SAN DIEGO",-117.24177596,32.859145589999997
7146494,2015,2015-12-31,3711,2015-12-18,1715,7360,,5,5,7,3711,0,0,0,,0,,"LARKDALE AV","AFTON RD",0.00,,Y,-,-,N,,,,,,,,,,,3,0,1,2,D,-,00,,,M,-,G,A,-,-,-,-,-,0,,Y,,,Y,,-,"- ",0,1,0,0,0,0,1,0,0,"- ","- ",,,"SAN DIEGO","SAN DIEGO",-117.14500013,32.801660009999999
7146625,2015,2016-08-10,3700,2015-11-15,1042,SH0316,,7,5,5,3782,0,0,0,,0,221,"RT 101","EAST E ST",134.00,S,N,A,-,N,,,,,,,,,,N,3,0,1,2,A,-,08,22107,,N,D,G,A,A,H,-,A,D,0,,Y,,,Y,,A,01,0,1,0,0,0,0,1,0,0,"- ","- ",,,"SAN DIEGO",ENCINITAS,-117.29362793,33.044285500000001
7146666,2015,2016-01-04,3711,2015-11-18,1604,6366,,3,5,7,3711,0,0,0,,0,242,"BLACK MOUNTAIN RD","GEMINI AV",4.00,S,N,A,-,N,,,,,,,,,,N,4,0,1,3,A,-,17,21451,A,N,G,B,B,A,H,-,A,A,0,Y,Y,,,Y,,D,22,0,0,1,0,1,0,0,0,0,"- ","- ",,,"SAN DIEGO","SAN DIEGO",-117.1251291,32.919299070000001
7147431,2015,2016-01-04,3705,2015-11-16,0620,EC0160,,1,5,5,3705,0,0,0,,0,006,"WING AV","BRADLEY AV",312.00,N,N,A,-,N,,,,,,,,,,Y,4,0,1,2,A,-,08,22107,,N,D,G,A,A,H,-,A,D,0,,Y,,,Y,,L,04,0,0,1,0,0,0,1,0,0,"- ","- ",,,"SAN DIEGO","EL CAJON",-116.96508,32.819382969999999
7147656,2015,2016-01-04,3709,2015-12-03,0735,0369,,4,5,5,3709,0,0,0,,0,023,"EAST 18TH ST","J AV",33.00,E,N,B,-,N,,,,,,,,,,N,3,0,2,3,A,-,02,21654,A,N,G,B,D,A,H,-,C,D,0,Y,,,,Y,,N,60,0,1,1,0,2,0,0,0,0,"- ","- ",,,"SAN DIEGO","NATIONAL CITY",-117.09319906,32.670079690000001
7148113,2015,2016-01-04,3711,2015-11-29,1322,5061,,7,5,7,3711,0,0,0,,0,242,"WESTONHILL DR","CORVOS PL",75.00,N,N,A,-,N,,,,,,,,,,N,2,0,1,2,A,-,11,21954,A,F,G,B,D,A,H,-,A,D,0,Y,,,,Y,,N,60,1,0,0,0,1,0,0,0,0,"- ","- ",,,"SAN DIEGO","SAN DIEGO",-117.13564,32.925225449999999
7148862,2015,2016-01-06,3711,2015-11-25,1215,HB4132,,3,5,7,3711,0,0,0,,0,710,"HARBOR DR","TERMINAL ACCESS RD",0.00,,-,A,-,N,,,,,,,,,,N,4,0,1,3,B,-,22,,,N,G,B,E,-,H,-,A,D,0,Y,,,,Y,,A,01,0,0,1,0,1,0,0,0,0,"- ","- ",,,"SAN DIEGO","SAN DIEGO",,
7148987,2015,2016-02-25,3709,2015-12-10,0835,441,SOUTH,4,5,5,3709,0,0,0,,0,020,"EAST 9TH ST","D AV",0.00,,Y,A,-,N,,,,,,,,,,N,4,0,1,2,A,-,11,21950,B,N,G,B,D,A,H,-,A,A,0,Y,,,,Y,,N,60,0,0,1,0,1,0,0,0,0,"- ","- ",,,"SAN DIEGO","NATIONAL CITY",-117.10248004,32.676130020000002
7149363,2015,2016-01-06,3711,2015-12-21,1355,7008,SANDI,1,5,7,3711,0,0,0,,0,836,"MAPLE AV","FAIRMOUNT AV",0.00,,Y,A,-,N,,,,,,,,,,N,4,0,1,2,A,-,10,21950,A,N,G,B,B,A,H,-,A,A,0,Y,,,,Y,,-,,0,0,1,0,1,0,0,0,0,"- ","- ",,,"SAN DIEGO","SAN DIEGO",-117.10106,32.733360040000001
7149364,2015,2016-01-06,3711,2015-12-26,2243,8892,,6,5,7,3711,0,0,0,,0,521,"15TH ST","J ST",8.00,N,N,A,-,N,,,,,,,,,,N,4,0,1,2,A,-,10,21950,,M,G,B,B,A,H,-,C,A,0,Y,,,,Y,,-,,0,0,1,0,1,0,0,0,0,"- ","- ",,,"SAN DIEGO","SAN DIEGO",-117.15035979,32.709431909999999
7149367,2015,2016-01-06,3711,2015-12-19,1422,6837,,6,5,7,3711,0,0,0,,0,529,"4TH AV",UPAS,3.00,S,N,B,-,N,,,,,,,,,,N,4,0,1,2,A,-,05,21650,1,N,D,G,A,A,H,-,A,D,0,,Y,,,Y,,L,04,0,0,1,0,0,0,1,0,0,"- ","- ",,,"SAN DIEGO","SAN DIEGO",-117.16127,32.740791780000002
7149399,2015,2016-01-06,3711,2015-12-23,1925,6811,SD,3,5,7,3711,0,0,0,,0,838,"EL CAJON BL","33RD ST",250.00,W,N,A,-,N,,,,,,,,,,N,3,0,1,2,A,-,11,21950,B,N,G,B,D,A,H,-,C,D,0,Y,,,,Y,Y,N,60,0,1,0,0,1,0,0,0,0,"- ","- ",,,"SAN DIEGO","SAN DIEGO",-117.12304036,32.755218810000002
7149403,2015,2016-01-06,3711,2015-12-25,0102,5972,,5,5,7,3711,0,0,0,,0,903,"SATURN BL","AVENIDA DEL MEXICO",5.00,N,N,C,-,N,,,,,,,,,,N,3,0,1,2,A,-,10,21950,A,N,G,B,D,B,H,-,C,D,0,Y,,,,Y,,A,01,0,1,0,0,1,0,0,0,0,"- ","- ",,,"SAN DIEGO","SAN DIEGO",-117.09265980000001,32.582903700000003
7149407,2015,2016-08-10,3711,2015-12-12,2030,3815,,6,5,7,3711,0,0,0,,0,115,"NOBEL DR","LEBON DR",162.00,W,N,A,-,N,,,,,,,,,,N,3,0,1,2,A,-,11,21955,,N,G,B,D,A,H,-,C,D,0,Y,,,,Y,Y,N,60,0,1,0,0,1,0,0,0,0,"- ","- ",,,"SAN DIEGO","SAN DIEGO",-117.22540572,32.868508370000001
7149423,2015,2016-08-10,3711,2015-12-25,1830,7257,,5,5,7,3711,0,0,0,,0,524,BROADWAY,"2ND AV",2.00,E,N,A,-,N,,,,,,,,,,N,4,0,1,2,A,-,10,21950,A,M,-,G,A,A,H,-,C,A,0,,Y,,,Y,,-,,0,0,1,0,0,0,1,0,0,"- ","- ",,,"SAN DIEGO","SAN DIEGO",-117.16287353,32.715779769999997
7149427,2015,2016-01-06,3711,2015-12-25,2200,7158,SD,5,5,7,3711,0,0,0,,0,443,"SOUTH 43RD ST","ETA ST",0.00,,N,-,-,N,,,,,,,,,,N,4,0,1,2,A,-,10,21950,A,M,G,B,B,-,H,-,-,D,0,Y,,,,Y,,-,,0,0,1,0,1,0,0,0,0,"- ","- ",,,"SAN DIEGO","SAN DIEGO",-117.10199009999999,32.68670006
7149505,2015,2016-01-07,3703,2015-12-17,1854,1277,,4,5,3,3703,0,0,0,,0,003,"ORANGE AV","GLORIETTA BL",119.00,N,N,A,-,N,,,,,,,,,,N,3,0,1,2,A,-,11,21954,A,N,G,B,D,A,H,-,C,D,0,Y,,,,Y,,N,60,0,1,0,0,1,0,0,0,0,"- ","- ",,,"SAN DIEGO",CORONADO,-117.17692789,32.681184399999999
7150576,2015,2016-08-10,3710,2015-12-23,1634,OC1420,,3,5,6,3710,0,0,0,,0,013,"VISTA WY","EL CAMINO NORTH",15.00,E,N,A,-,N,,,,,,,,,,N,4,0,1,2,A,-,11,21954,A,N,G,B,D,A,H,-,B,D,0,Y,,,,Y,,N,60,0,0,1,0,1,0,0,0,0,"- ","- ",,,"SAN DIEGO",OCEANSIDE,-117.32696772,33.183186540000001
7150580,2015,2016-01-11,3710,2015-12-18,1340,OC1274,,5,5,6,3710,0,0,0,,0,015,"LAS VEGAS",FOUSSAT,121.00,E,N,A,-,N,,,,,,,,,,N,4,0,1,2,A,-,21,22106,,N,G,B,F,A,H,-,A,D,0,Y,,,,Y,,A,07,0,0,1,0,1,0,0,0,0,"- ","- ",,,"SAN DIEGO",OCEANSIDE,-117.34197355000001,33.214993720000002
7150600,2015,2016-01-11,3710,2015-12-15,1216,OC1415,,2,5,6,3710,0,0,0,,0,025,"RANCHO DEL ORO","ESEAGATE WY",5.00,N,N,A,-,N,,,,,,,,,,N,3,0,1,2,A,-,11,21956,,N,G,B,E,A,H,-,A,D,0,Y,,,,Y,,N,60,0,1,0,0,1,0,0,0,0,"- ","- ",,,"SAN DIEGO",OCEANSIDE,-117.31168270000001,33.207233359999996