CASE_ID,ACCIDENT_YEAR,PROC_DATE,JURIS,COLLISION_DATE,COLLISION_TIME,OFFICER_ID,REPORTING_DISTRICT,DAY_OF_WEEK,CHP_SHIFT,POPULATION,CNTY_CITY_LOC,SPECIAL_COND,BEAT_TYPE,CHP_BEAT_TYPE,CITY_DIVISION_LAPD,CHP_BEAT_CLASS,BEAT_NUMBER,PRIMARY_RD,SECONDARY_RD,DISTANCE,DIRECTION,INTERSECTION,WEATHER_1,WEATHER_2,STATE_HWY_IND,CALTRANS_COUNTY,CALTRANS_DISTRICT,STATE_ROUTE,ROUTE_SUFFIX,POSTMILE_PREFIX,POSTMILE,LOCATION_TYPE,RAMP_INTERSECTION,SIDE_OF_HWY,TOW_AWAY,COLLISION_SEVERITY,NUMBER_KILLED,NUMBER_INJURED,PARTY_COUNT,PRIMARY_COLL_FACTOR,PCF_CODE_OF_VIOL,PCF_VIOL_CATEGORY,PCF_VIOLATION,PCF_VIOL_SUBSECTION,HIT_AND_RUN,TYPE_OF_COLLISION,MVIW,PED_ACTION,ROAD_SURFACE,ROAD_COND_1,ROAD_COND_2,LIGHTING,CONTROL_DEVICE,CHP_ROAD_TYPE,PEDESTRIAN_ACCIDENT,BICYCLE_ACCIDENT,MOTORCYCLE_ACCIDENT,TRUCK_ACCIDENT,NOT_PRIVATE_PROPERTY,ALCOHOL_INVOLVED,STWD_VEHTYPE_AT_FAULT,CHP_VEHTYPE_AT_FAULT,COUNT_SEVERE_INJ,COUNT_VISIBLE_INJ,COUNT_COMPLAINT_PAIN,COUNT_PED_KILLED,COUNT_PED_INJURED,COUNT_BICYCLIST_KILLED,COUNT_BICYCLIST_INJURED,COUNT_MC_KILLED,COUNT_MC_INJURED,PRIMARY_RAMP,SECONDARY_RAMP,LATITUDE,LONGITUDE,COUNTY,CITY,POINT_X,POINT_Y
7187052,2016,2016-02-26,3711,2016-02-12,2205,5983,,5,5,7,3711,0,0,0,,0,835,"POPLAR ST","JAMIES WY",20.00,E,N,A,-,N,,,,,,,,,,N,3,0,1,2,A,-,11,21950,B,N,G,B,D,A,H,-,C,D,0,Y,,,,Y,Y,N,60,0,1,0,0,1,0,0,0,0,"- ","- ",,,"SAN DIEGO","SAN DIEGO",-117.10406005,32.735836720000002
7187056,2016,2016-02-26,3711,2016-02-11,1800,7404,,4,5,7,3711,0,0,0,,0,444,"MARKET ST","40TH ST",39.00,W,N,A,-,N,,,,,,,,,,,2,0,1,2,A,-,11,21954,A,N,G,B,D,A,H,-,D,D,0,Y,,,,Y,,-,"- ",1,0,0,0,1,0,0,0,0,"- ","- ",,,"SAN DIEGO","SAN DIEGO",-117.10879633,32.71148762
7187060,2016,2016-02-26,3711,2016-02-03,0742,6423,,3,5,7,3711,0,0,0,,0,433,"63RD ST","BROOKLYN AV",8.00,N,N,A,-,N,,,,,,,,,,N,4,0,2,3,A,-,10,21950,A,N,G,B,B,A,H,-,A,D,0,Y,,,,Y,,-,"- ",0,0,2,0,2,0,0,0,0,"- ","- ",,,"SAN DIEGO","SAN DIEGO",-117.06254016,32.713151910000001
7187075,2016,2016-02-26,3711,2016-02-13,2305,6295,SD,6,5,7,3711,0,0,0,,0,521,"13TH ST","ISLAND AV",0.00,,Y,A,-,N,,,,,,,,,,N,4,0,1,2,A,-,09,21802,A,N,D,G,A,A,H,-,C,A,0,,Y,,,Y,Y,-,,0,0,1,0,0,0,1,0,0,"- ","- ",,,"SAN DIEGO","SAN DIEGO",-117.15281001,32.710460040000001
7187080,2016,2016-02-26,3711,2016-02-12,1140,7010,,5,5,7,3711,0,0,0,,0,528,"INDIA ST","W GRAPE",45.00,N,N,A,-,N,,,,,,,,,,N,3,0,1,2,A,-,11,21955,,N,G,B,D,A,H,-,A,D,0,Y,,,,Y,,N,60,0,1,0,0,1,0,0,0,0,"- ","- ",,,"SAN DIEGO","SAN DIEGO",-117.16904239,32.725525040000001
7187086,2016,2016-02-26,3711,2016-02-08,1155,5747,,1,5,7,3711,0,0,0,,0,615,"GARRISON ST","ROSECRANS ST",0.00,,Y,A,-,N,,,,,,,,,,N,4,0,1,2,A,-,04,21703,,N,B,G,A,A,H,-,A,D,0,,Y,,,Y,,L,04,0,0,1,0,0,0,1,0,0,"- ","- ",,,"SAN DIEGO","SAN DIEGO",-117.22840001,32.725590099999998
7187094,2016,2016-02-26,3711,2016-02-14,1907,7410,W2,7,5,7,3711,0,0,0,,0,625,"SAN DIEGO  AV","WEST WASHINGTON ST",0.00,,Y,A,-,N,,,,,,,,,,N,4,0,1,2,A,-,10,21950,A,N,G,B,B,A,H,-,C,A,0,Y,,,,Y,,-,,0,0,1,0,1,0,0,0,0,"- ","- ",,,"SAN DIEGO","SAN DIEGO",-117.18192007,32.74279001
7187095,2016,2016-02-26,3711,2016-02-13,1041,6044,3711,6,5,7,3711,0,0,0,,0,122,"EMERALD ST","JEWELL ST",6.00,W,N,A,-,N,,,,,,,,,,N,4,0,1,2,A,-,10,21950,A,N,G,B,D,A,H,-,A,A,0,Y,,,,Y,,-,,0,0,1,0,1,0,0,0,0,"- ","- ",,,"SAN DIEGO","SAN DIEGO",-117.2396,32.802129999999998
7187096,2016,2016-02-26,3711,2016-02-14,2130,7391,,7,5,7,3711,0,0,0,,0,523,"5TH AV","F ST",0.00,,Y,A,-,N,,,,,,,,,,N,3,0,1,2,A,-,10,21950,A,N,G,B,B,A,H,-,C,A,0,Y,,,,Y,,A,01,0,1,0,0,1,0,0,0,0,"- ","- ",,,"SAN DIEGO","SAN DIEGO",-117.16015004,32.713620059999997
7187099,2016,2016-02-26,3711,2016-02-14,1709,3696,,7,5,7,3711,0,0,0,,0,121,"MISSION BL","MISSION BL 3150",9.00,N,N,A,-,N,,,,,,,,,,N,3,0,1,2,A,-,09,21801,A,N,A,G,A,A,H,-,A,A,0,,Y,,,Y,,-,,0,1,0,0,0,0,1,0,0,"- ","- ",,,"SAN DIEGO","SAN DIEGO",,
7187100,2016,2016-02-26,3711,2016-02-12,1329,7198,,5,5,7,3711,0,0,0,,0,524,"1ST AV","A ST",9.00,N,N,A,-,N,,,,,,,,,,N,3,0,1,2,A,-,10,21950,A,N,G,B,B,A,H,-,A,A,0,Y,,,,Y,,-,,0,1,0,0,1,0,0,0,0,"- ","- ",,,"SAN DIEGO","SAN DIEGO",-117.16384024,32.718854649999997
7187103,2016,2016-02-26,3711,2016-02-11,1655,5627,,4,5,7,3711,0,0,0,,0,122,"GRAND AV","LAMONT ST",6.00,W,N,A,-,N,,,,,,,,,,N,3,0,1,2,A,-,12,21453,A,N,D,G,A,A,H,-,A,A,0,,Y,,,Y,,-,,0,1,0,0,0,0,1,0,0,"- ","- ",,,"SAN DIEGO","SAN DIEGO",-117.23481798,32.799183710000001
7187114,2016,2016-02-25,3711,2016-02-09,1219,5300,,2,5,7,3711,0,0,0,,0,122,"FIGUEROA BL","BOND ST",132.00,E,N,A,-,N,,,,,,,,,,N,3,0,1,2,A,-,21,22106,,N,H,B,B,A,H,-,A,D,0,Y,,,,Y,,-,,0,1,0,0,1,0,0,0,0,"- ","- ",,,"SAN DIEGO","SAN DIEGO",-117.22036842999999,32.804798210000001
7187116,2016,2016-02-26,3711,2016-02-13,1219,7157,,6,5,7,3711,0,0,0,,0,441,"T ST","S 38TH ST",355.00,W,N,A,-,N,,,,,,,,,,N,3,0,1,2,A,-,11,21950,B,N,G,B,D,A,H,-,A,D,0,Y,,,,Y,,N,60,0,1,0,0,1,0,0,0,0,"- ","- ",,,"SAN DIEGO","SAN DIEGO",-117.11363007,32.698949999999996
7187120,2016,2016-02-26,3711,2016-02-16,1625,4527,SANDI,2,5,7,3711,0,0,0,,0,529,"4TH AV","ELM AV",102.00,N,N,A,-,N,,,,,,,,,,N,3,0,1,2,A,-,08,22107,A,N,C,G,A,A,H,-,A,D,0,,Y,,,Y,,-,"- ",0,1,0,0,0,0,1,0,0,"- ","- ",,,"SAN DIEGO","SAN DIEGO",-117.16115126,32.72435857
7187131,2015,2016-04-06,3700,2015-11-12,1731,SH7690,,4,5,4,3707,0,0,0,,0,704,"IMPERIAL BEACH BL","`11TH ST",0.00,W,N,A,-,N,,,,,,,,,,Y,3,0,1,2,A,-,10,21954,B,N,G,B,D,A,H,-,B,D,0,Y,,,,Y,,A,01,0,1,0,0,1,0,0,0,0,"- ","- ",,,"SAN DIEGO","IMPERIAL BEACH",-117.11062993,32.576540029999997
7187976,2016,2016-02-22,3709,2016-02-06,1607,479,NATIO,6,5,5,3709,0,0,0,,0,021,"EAST PLAZA BL","EUCLID AV",1056.00,E,N,A,-,N,,,,,,,,,,N,3,0,1,2,A,-,10,21950,A,N,D,G,A,A,H,-,A,A,0,,Y,,,Y,,A,07,0,1,0,0,0,0,1,0,0,"- ","- ",,,"SAN DIEGO","NATIONAL CITY",-117.07688267,32.680845890000001
7187985,2016,2017-02-15,3711,2016-02-08,2240,7323,,1,5,7,3711,0,0,0,,0,832,"EL CAJON BL","RT 5",0.00,,Y,A,-,Y,SD,11,15,-,M,5.150,R,1,S,N,3,0,1,2,A,-,11,21456,A,N,D,G,A,A,H,-,C,A,0,,Y,,,Y,Y,L,04,0,1,0,0,0,0,1,0,0,"- ","- ",,,"SAN DIEGO","SAN DIEGO",-117.10897178,32.756888170000003
7188000,2016,2016-02-22,3709,2016-02-08,1059,418,,1,5,5,3709,0,0,0,,0,024,"HIGHLAND AV","EAST 24TH ST",0.00,,Y,A,-,N,,,,,,,,,,N,4,0,1,2,A,-,10,21950,A,N,G,B,B,A,H,-,A,A,0,Y,,,,Y,,A,07,0,0,1,0,1,0,0,0,0,"- ","- ",,,"SAN DIEGO","NATIONAL CITY",-117.09336009,32.66436006
7188273,2016,2016-02-24,3706,2016-01-28,0736,342,ESCON,4,5,6,3706,0,0,0,,0,044,"ROSE ST","VALLEY PKWY",271.00,S,N,A,-,N,,,,,,,,,,N,3,0,1,2,A,-,09,21804,,F,D,G,A,A,H,-,A,D,0,,Y,,,Y,,D,22,0,1,0,0,0,0,1,0,0,"- ","- ",33.133899999999997,-117.05955,"SAN DIEGO",ESCONDIDO,-117.05906577,33.133314759999998
7188409,2016,2016-02-23,3706,2016-02-01,1913,ES0491,,1,5,6,3706,0,0,0,,0,044,"SHERIDAN AV","VISTA VERDE AV",188.00,W,N,A,-,N,,,,,,,,,,N,2,0,1,2,A,-,21,22106,,F,G,B,E,A,H,-,C,D,0,Y,,,,Y,,A,01,1,0,0,0,1,0,0,0,0,"- ","- ",,,"SAN DIEGO",ESCONDIDO,-117.0681254,33.154226209999997
7189236,2016,2016-02-26,3711,2016-02-13,1944,7135,,6,5,7,3711,0,0,0,,0,122,"GARNET AV","GARNET AV 1000",0.00,,Y,A,-,N,,,,,,,,,,N,3,0,1,2,A,-,10,21950,A,N,D,B,B,A,H,-,C,A,0,Y,,,,Y,,-,,0,1,0,0,1,0,0,0,0,"- ","- ",,,"SAN DIEGO","SAN DIEGO",-117.25162446,32.797392430000002
7189976,2016,2016-02-22,3701,2016-02-09,1804,5283,37,2,5,5,3701,0,0,0,,0,002,"CARLSBAD BL","MAPLE AV",9.00,S,N,A,-,N,,,,,,,,,,N,4,0,1,2,A,-,10,21950,A,N,G,B,B,A,H,-,C,A,0,Y,,,,Y,,A,07,0,0,1,0,1,0,0,0,0,"- ","- ",33.151870000000002,-117.34869999999999,"SAN DIEGO",CARLSBAD,-117.34870395,33.151849370000001
7190023,2016,2016-02-23,3711,2016-01-23,1730,6366,,6,5,7,3711,0,0,0,,0,313,"CONVOY CT","RUFFNER ST",640.00,W,N,B,-,N,,,,,,,,,,N,1,1,0,2,A,-,11,21954,A,N,G,B,D,A,H,-,C,D,0,Y,,,,Y,,N,60,0,0,0,1,0,0,0,0,0,"- ","- ",,,"SAN DIEGO","SAN DIEGO",-117.16133656,32.834691960000001
7190033,2016,2016-02-23,3701,2016-02-01,0618,5191,11,1,5,5,3701,0,0,0,,0,003,"EL CAMINIO REAL","MARRON RD",44.00,N,N,A,-,N,,,,,,,,,,Y,1,1,0,2,A,-,11,21954,A,N,G,B,D,B,H,-,C,A,0,Y,,,,Y,,N,60,0,0,0,1,0,0,0,0,0,"- ","- ",33.177880000000002,-117.32653999999999,"SAN DIEGO",CARLSBAD,-117.32668037000001,33.177749329999997
7190052,2016,2018-09-25,3711,2016-02-12,1745,4243,,5,5,7,3711,0,0,0,,0,121,"SAN DIEGO  PL","MISSION BL",62.00,E,N,A,-,N,,,,,,,,,,N,1,1,0,2,A,-,03,22350,,F,G,B,E,A,H,-,B,D,0,Y,,,,Y,Y,A,01,0,0,0,1,0,0,0,0,0,"- ","- ",,,"SAN DIEGO","SAN DIEGO",-117.24852178,32.759848320000003
7190053,2016,2016-03-16,3711,2016-02-14,1706,4656,"SAN D",7,5,7,3711,0,0,0,,0,242,"REAGAN RD","IVORY COAST DR",0.00,,Y,A,-,N,,,,,,,,,,N,1,1,0,2,A,-,03,22350,,N,G,B,B,A,H,-,A,D,0,Y,,,,Y,,A,01,0,0,0,1,0,0,0,0,0,"- ","- ",,,"SAN DIEGO","SAN DIEGO",-117.14333010999999,32.908020030000003
7190058,2016,2016-03-25,3706,2016-02-06,2048,380,ESCON,6,5,6,3706,0,0,0,,0,054,"SAN PASQUAL VALLEY RD","OAK HILL DR",0.00,S,N,A,-,Y,SD,11,78,-,-,19.320,H,-,W,N,1,1,0,2,D,-,00,,,N,G,B,E,A,H,-,C,D,0,Y,,,,Y,,-,"- ",0,0,0,1,0,0,0,0,0,"- ","- ",33.12397,-117.06303,"SAN DIEGO",ESCONDIDO,-117.06187991,33.122891809999999
7190068,2016,2016-03-23,3711,2016-02-20,1756,6366,,6,5,7,3711,0,0,0,,0,312,"SANTO RD","SHIELDS ST",447.00,N,N,A,-,N,,,,,,,,,,N,1,1,2,3,A,-,07,21658,A,F,G,B,F,A,H,-,B,D,0,Y,,,,Y,,A,01,0,1,1,1,1,0,0,0,0,"- ","- ",,,"SAN DIEGO","SAN DIEGO",-117.10441897,32.817155149999998
7190070,2016,2018-09-24,3711,2016-02-14,1701,4495,,7,5,7,3711,0,0,0,,0,512,"IMPERIAL AV","32ND ST",0.00,,Y,A,-,N,,,,,,,,,,N,1,1,0,2,A,-,11,21456,B,N,G,B,B,A,H,-,A,A,0,Y,,,,Y,Y,N,60,0,0,0,1,0,0,0,0,0,"- ","- ",,,"SAN DIEGO","SAN DIEGO",-117.12521004,32.706450080000003
7190082,2016,2018-09-26,3711,2016-03-11,1824,6000,,5,5,7,3711,0,0,0,,0,824,"FAIRMOUNT AV","TALMADGE CANYON ROW",341.00,S,N,B,C,N,,,,,,,,,,Y,1,1,0,2,A,-,11,21954,A,N,G,B,D,B,H,-,E,D,0,Y,,,,Y,Y,N,60,0,0,0,1,0,0,0,0,0,"- ","- ",,,"SAN DIEGO","SAN DIEGO",-117.09682309,32.766096009999998
7190244,2016,2018-09-27,3700,2016-03-04,1157,SH5794,,5,5,5,3781,0,0,0,,0,514,"CUYAMACA ST","TOWN CENTER PKWY",644.00,N,N,A,-,N,,,,,,,,,,N,1,1,1,2,A,-,09,21804,A,N,H,G,A,A,H,-,A,D,0,,Y,,,Y,,L,04,0,1,0,0,0,1,0,0,0,"- ","- ",,,"SAN DIEGO",SANTEE,-116.98372855,32.844683600000003
7190299,2016,2018-09-27,3708,2016-05-10,2023,LM1225,,2,5,5,3708,0,0,0,,0,001,"EL CAJON BL","JESSIE AV",109.00,E,N,A,-,N,,,,,,,,,,Y,1,1,0,2,A,-,11,21950,B,N,G,B,D,A,H,-,C,D,0,Y,,,,Y,,N,60,0,0,0,1,0,0,0,0,0,"- ","- ",,,"SAN DIEGO","LA MESA",-117.03730213999999,32.768478649999999
7190310,2016,2018-09-26,3711,2016-07-18,1905,5985,,1,5,7,3711,0,0,0,,0,122,"INGRAHAM ST","FELSPAR ST",0.00,,Y,A,-,N,,,,,,,,,,N,1,1,0,2,A,-,11,21950,B,N,G,B,B,A,H,-,A,A,0,Y,,,,Y,,N,60,0,0,0,1,0,0,0,0,0,"- ","- ",,,"SAN DIEGO","SAN DIEGO",-117.24114001,32.800670070000002
7190408,2016,2018-09-27,3711,2016-08-23,2245,5600,,2,5,7,3711,0,0,0,,0,627,"5TH AV","ANDERSON PL",89.00,S,N,A,-,N,,,,,,,,,,Y,1,1,0,2,A,-,11,21954,A,F,G,B,D,A,H,-,C,D,0,Y,,,,Y,Y,N,60,0,0,0,1,0,0,0,0,0,"- ","- ",,,"SAN DIEGO","SAN DIEGO",-117.1604,32.743966190000002
7190432,2016,2018-09-26,3711,2016-08-20,0445,6252,,6,5,7,3711,0,0,0,,0,826,"EL CAJON BL","WINONA AV",205.00,E,N,A,-,N,,,,,,,,,,N,1,1,0,2,A,-,11,21954,A,F,G,B,E,A,H,-,D,D,0,Y,,,,Y,,N,60,0,0,0,1,0,0,0,0,0,"- ","- ",,,"SAN DIEGO","SAN DIEGO",-117.08723344000001,32.756736719999999
7190464,2016,2018-09-26,3711,2016-09-11,2230,6146,,7,5,7,3711,0,0,0,,0,111,"LINDA VISTA RD","MESA COLLEGE DR",343.00,N,N,A,-,N,,,,,,,,,,N,1,1,0,4,A,-,11,21950,B,F,G,B,D,A,H,-,C,D,0,Y,,,,Y,Y,N,60,0,0,0,1,0,0,0,0,0,"- ","- ",,,"SAN DIEGO","SAN DIEGO",-117.15765474,32.801651370000002
7190466,2016,2018-09-26,3711,2016-09-16,2155,6146,,5,5,7,3711,0,0,0,,0,813,"EL CAJON BL","KANSAS ST",7.00,W,N,A,-,N,,,,,,,,,,Y,1,1,0,2,A,-,11,21950,B,N,G,B,D,A,H,-,C,D,0,Y,,,,Y,Y,N,60,0,0,0,1,0,0,0,0,0,"- ","- ",,,"SAN DIEGO","SAN DIEGO",-117.13144269,32.755400000000002
7190490,2016,2018-09-27,3709,2016-03-02,1146,494,,3,5,5,3709,0,0,0,,0,023,"SWEETWATER RD","SWEETWATER RD 1600",0.00,,N,A,-,N,,,,,,,,,,Y,1,1,0,2,A,-,11,21950,B,N,G,B,D,A,H,-,C,D,0,Y,,,,Y,Y,N,60,0,0,0,1,0,0,0,0,0,"- ","- ",,,"SAN DIEGO","NATIONAL CITY",-117.08244860000001,32.661383360000002
7190491,2016,2016-10-14,3711,2016-09-27,1212,5985,,2,5,7,3711,0,0,0,,0,529,"5TH AV","HAWTHORN ST",0.00,,Y,A,-,N,,,,,,,,,,N,1,1,0,2,A,-,10,21950,A,N,G,B,B,A,H,-,A,D,0,Y,,,,Y,,A,07,0,0,0,1,0,0,0,0,0,"- ","- ",,,"SAN DIEGO","SAN DIEGO",-117.16027010000001,32.727170119999997
7190492,2016,2016-10-14,3711,2016-09-22,2010,6034,,4,5,7,3711,0,0,0,,0,528,"W DATE ST","W DATE ST 700",18.00,S,N,A,-,N,,,,,,,,,,N,1,1,0,2,A,-,10,21950,A,N,G,B,B,A,H,-,C,A,0,Y,,,,Y,,A,01,0,0,0,1,0,0,0,0,0,"- ","- ",,,"SAN DIEGO","SAN DIEGO",,
7190515,2016,2018-09-26,3702,2016-07-13,0006,CV1116,,3,5,6,3702,0,0,0,,0,011,"4TH AV","E ST",0.00,,Y,A,-,N,,,,,,,,,,Y,1,1,0,2,A,-,11,21456,B,N,G,B,B,A,H,-,C,A,0,Y,,,,Y,,N,60,0,0,0,1,0,0,0,0,0,"- ","- ",,,"SAN DIEGO","CHULA VISTA",-117.08532006,32.643620069999997
7190538,2016,2018-09-26,3706,2016-09-13,2150,318,ESCON,2,5,6,3706,0,0,0,,0,054,"VALLEY PKWY","MIDWAY DR",1109.00,E,N,A,-,N,,,,,,,,,,Y,1,1,0,2,A,-,11,21955,,N,G,B,D,A,H,-,C,D,0,Y,,,,Y,,N,60,0,0,0,1,0,0,0,0,0,"- ","- ",,,"SAN DIEGO",ESCONDIDO,-117.0486569,33.138989520000003
7190543,2016,2018-09-26,3711,2016-10-05,1906,6000,,3,5,7,3711,0,0,0,,0,611,"ROSECRANS ST","CAUBY ST",255.00,S,N,A,-,N,,,,,,,,,,Y,1,1,0,2,A,-,11,21954,A,N,G,B,D,A,H,-,C,D,0,Y,,,,Y,Y,N,60,0,0,0,1,0,0,0,0,0,"- ","- ",,,"SAN DIEGO","SAN DIEGO",-117.20792677999999,32.748035610000002
7190650,2016,2017-01-23,3700,2016-08-19,2058,SH3183,,5,5,5,3713,0,0,0,,0,303,"EAST VISTA WY","ARCADIA AV",424.00,N,N,A,-,N,,,,,,,,,,Y,1,1,1,2,A,-,11,21955,,N,G,B,D,A,H,-,C,D,0,Y,,,,Y,,N,60,0,1,0,1,0,0,0,0,0,"- ","- ",,,"SAN DIEGO",VISTA,-117.22614,33.226061549999997
7190651,2016,2017-01-23,3711,2016-11-08,1744,6366,,2,5,7,3711,0,0,0,,0,313,"BALBOA AV","RUFFIN RD",460.00,W,N,A,-,N,,,,,,,,,,N,1,1,0,2,A,-,11,21954,A,N,G,B,C,A,H,-,C,D,0,Y,,,,Y,,N,60,0,0,0,1,0,0,0,0,0,"- ","- ",,,"SAN DIEGO","SAN DIEGO",-117.1289719,32.822371009999998
7190674,2016,2016-12-22,3706,2016-10-08,0155,342,ESCON,6,5,6,3706,0,0,0,,0,052,"ASH ST","VALLEY PKWY",154.00,S,N,A,-,N,,,,,,,,,,N,1,1,0,2,A,-,11,21954,A,N,G,B,E,A,H,-,C,D,0,Y,,,,Y,Y,N,60,0,0,0,1,0,0,0,0,0,"- ","- ",,,"SAN DIEGO",ESCONDIDO,-117.06684383,33.130085520000002
7190925,2016,2016-08-24,3711,2016-02-01,2130,4310,,1,5,7,3711,0,0,0,,0,122,"DE SOTO ST","GARNET AV",146.00,N,N,A,-,N,,,,,,,,,,N,2,0,1,3,A,-,21,22106,,N,H,B,E,A,H,-,C,D,0,Y,,,,Y,,I,11,1,0,0,0,1,0,0,0,0,"- ","- ",,,"SAN DIEGO","SAN DIEGO",-117.21777231,32.806836509999997
7190987,2016,2016-02-24,3711,2016-01-24,1130,6632,MC2,7,5,7,3711,0,0,0,,0,814,"ADAMS AV","35TH ST",54.00,E,N,A,-,N,,,,,,,,,,N,3,0,1,2,A,-,03,22350,A,N,H,G,A,A,H,-,A,D,0,,Y,,,Y,,L,04,0,1,0,0,0,0,1,0,0,"- ","- ",,,"SAN DIEGO","SAN DIEGO",-117.11714502,32.763325270000003
7191135,2016,2016-02-24,3711,2016-02-11,1710,7321,,4,5,7,3711,0,0,0,,0,122,"BUNKER HILL","W MISSION BAY",300.00,E,N,A,-,N,,,,,,,,,,N,3,0,1,2,A,-,03,22350,,N,G,B,E,A,H,-,A,D,0,Y,,,,Y,,-,,0,1,0,0,1,0,0,0,0,"- ","- ",,,"SAN DIEGO","SAN DIEGO",-117.21557980999999,32.803269229999998
7191159,2016,2016-02-24,3711,2016-02-11,1900,7315,,4,5,7,3711,0,0,0,,0,835,"POPLAR ST","HEATHER ST",85.00,W,N,A,-,N,,,,,,,,,,N,4,0,1,2,A,-,03,22350,,N,G,B,E,A,H,-,C,D,0,Y,,,,Y,,-,,0,0,1,0,1,0,0,0,0,"- ","- ",,,"SAN DIEGO","SAN DIEGO",-117.10190694000001,32.737687200000003
7191209,2015,2017-02-03,3705,2015-11-15,1940,EC0301,,7,5,5,3705,0,0,0,,0,007,"N 2ND","RT 8",0.00,,Y,B,-,Y,SD,11,8,-,-,17.221,R,1,E,N,2,0,1,2,A,-,05,21202,A,N,A,G,A,B,H,-,C,A,0,,Y,,Y,Y,,L,04,1,0,0,0,0,0,1,0,0,"- ","- ",,,"SAN DIEGO","EL CAJON",-116.93801747000001,32.802944650000001
7191350,2016,2016-03-01,3705,2016-02-03,2251,EC0297,,3,5,5,3705,0,0,0,,0,006,"S MARSHALL AV","W PALM AV",147.00,N,N,A,-,N,,,,,,,,,,N,4,0,1,2,A,-,11,21955,,N,D,B,D,A,H,-,D,A,0,Y,,,,Y,,N,60,0,0,1,0,1,0,0,0,0,"- ","- ",,,"SAN DIEGO","EL CAJON",-116.97551332,32.791732580000001
7191605,2016,2016-03-10,3705,2016-02-11,1353,EC0344,,4,5,5,3705,0,0,0,,0,007,"E MAIN","LAVALA LN",2.00,S,N,A,-,N,,,,,,,,,,N,3,0,1,2,A,-,11,21966,,N,G,B,E,A,H,-,A,D,0,Y,,,,Y,,N,60,0,1,0,0,1,0,0,0,0,"- ","- ",,,"SAN DIEGO","EL CAJON",-116.91418136,32.820754639999997
7191640,2016,2016-03-01,3700,2016-01-26,0855,SH0169,,2,5,5,3712,0,0,0,,0,355,"WEST SAN MARCOS BL","KNOLL RD",460.00,W,N,A,-,N,,,,,,,,,,N,4,0,1,2,A,-,08,22107,,N,D,G,A,A,H,-,A,D,0,,Y,,,Y,,A,07,0,0,1,0,0,0,1,0,0,"- ","- ",,,"SAN DIEGO","SAN MARCOS",-117.17566115,33.138172079999997
7191652,2016,2016-03-02,3705,2016-01-29,1917,EC0295,,5,5,5,3705,0,0,0,,0,008,"W LEXINGTON","S SUNSHINE",5.00,W,N,A,-,N,,,,,,,,,,N,4,0,1,2,A,-,10,21950,A,N,G,B,B,A,H,-,C,A,0,Y,,,,Y,,A,01,0,0,1,0,1,0,0,0,0,"- ","- ",,,"SAN DIEGO","EL CAJON",-116.96478621,32.792700119999999
7191664,2016,2016-03-01,3708,2016-01-14,1820,LM1261,,4,5,5,3708,0,0,0,,0,003,"LAKE MURRAY BL","MARENGO AV",471.00,W,N,A,-,N,,,,,,,,,,N,3,0,1,2,A,-,10,21952,,N,G,B,F,A,H,-,B,D,0,Y,,,,Y,,A,01,0,1,0,0,1,0,0,0,0,"- ","- ",,,"SAN DIEGO","LA MESA",-117.02704733,32.784054269999999
7191679,2016,2016-03-01,3705,2016-01-17,1915,EC0361,,7,5,5,3705,0,0,0,,0,008,LINCOLN,"MAIN ST",241.00,S,N,A,-,N,,,,,,,,,,N,3,0,1,2,A,-,11,21950,B,F,G,B,D,A,H,-,C,D,0,Y,,,,Y,Y,N,60,0,1,0,0,1,0,0,0,0,"- ","- ",,,"SAN DIEGO","EL CAJON",-116.95367835,32.794300020000001
7191720,2016,2016-02-29,3709,2016-02-11,1730,403,,4,5,5,3709,0,0,0,,0,020,"D AV","9TH ST",0.00,,Y,A,-,N,,,,,,,,,,N,3,0,1,2,A,-,10,21950,A,F,G,B,D,A,H,-,A,D,0,Y,,,,Y,,A,01,0,1,0,0,1,0,0,0,0,"- ","- ",,,"SAN DIEGO","NATIONAL CITY",-117.10248004,32.676130020000002
7192527,2016,2016-02-24,3706,2016-02-08,1708,342,ESCON,1,5,6,3706,0,0,0,,0,046,"EAST VALLEY PKWY","MIDWAY DR",949.00,E,N,A,-,N,,,,,,,,,,N,4,0,1,2,A,-,11,21954,A,N,G,B,D,A,H,-,B,D,0,Y,,,,Y,,N,60,0,0,1,0,1,0,0,0,0,"- ","- ",,,"SAN DIEGO",ESCONDIDO,-117.04911251,33.138777150000003
7192565,2016,2016-02-23,3706,2016-01-28,1907,ES0406,,4,5,6,3706,0,0,0,,0,042,"VALLEY PKWY","CENTRE CITY PKWY",0.00,,Y,A,-,N,,,,,,,,,,N,4,0,1,2,A,-,11,21456,B,N,G,B,B,A,H,-,C,A,0,Y,,,,Y,,N,60,0,0,1,0,1,0,0,0,0,"- ","- ",,,"SAN DIEGO",ESCONDIDO,-117.08737010999999,33.119960050000003
7192965,2016,2016-03-08,3700,2016-02-05,0850,SH2439,,5,5,5,3713,0,0,0,,0,307,"SERVICE PL","SANTA FE AV",5.00,S,N,A,-,N,,,,,,,,,,N,3,0,1,2,A,-,10,21950,A,N,G,B,B,A,H,-,A,D,0,Y,,,,Y,,D,22,0,1,0,0,1,0,0,0,0,"- ","- ",,,"SAN DIEGO",VISTA,-117.22597,33.188450000000003