CASE_ID,ACCIDENT_YEAR,PROC_DATE,JURIS,COLLISION_DATE,COLLISION_TIME,OFFICER_ID,REPORTING_DISTRICT,DAY_OF_WEEK,CHP_SHIFT,POPULATION,CNTY_CITY_LOC,SPECIAL_COND,BEAT_TYPE,CHP_BEAT_TYPE,CITY_DIVISION_LAPD,CHP_BEAT_CLASS,BEAT_NUMBER,PRIMARY_RD,SECONDARY_RD,DISTANCE,DIRECTION,INTERSECTION,WEATHER_1,WEATHER_2,STATE_HWY_IND,CALTRANS_COUNTY,CALTRANS_DISTRICT,STATE_ROUTE,ROUTE_SUFFIX,POSTMILE_PREFIX,POSTMILE,LOCATION_TYPE,RAMP_INTERSECTION,SIDE_OF_HWY,TOW_AWAY,COLLISION_SEVERITY,NUMBER_KILLED,NUMBER_INJURED,PARTY_COUNT,PRIMARY_COLL_FACTOR,PCF_CODE_OF_VIOL,PCF_VIOL_CATEGORY,PCF_VIOLATION,PCF_VIOL_SUBSECTION,HIT_AND_RUN,TYPE_OF_COLLISION,MVIW,PED_ACTION,ROAD_SURFACE,ROAD_COND_1,ROAD_COND_2,LIGHTING,CONTROL_DEVICE,CHP_ROAD_TYPE,PEDESTRIAN_ACCIDENT,BICYCLE_ACCIDENT,MOTORCYCLE_ACCIDENT,TRUCK_ACCIDENT,NOT_PRIVATE_PROPERTY,ALCOHOL_INVOLVED,STWD_VEHTYPE_AT_FAULT,CHP_VEHTYPE_AT_FAULT,COUNT_SEVERE_INJ,COUNT_VISIBLE_INJ,COUNT_COMPLAINT_PAIN,COUNT_PED_KILLED,COUNT_PED_INJURED,COUNT_BICYCLIST_KILLED,COUNT_BICYCLIST_INJURED,COUNT_MC_KILLED,COUNT_MC_INJURED,PRIMARY_RAMP,SECONDARY_RAMP,LATITUDE,LONGITUDE,COUNTY,CITY,POINT_X,POINT_Y
7192997,2016,2016-03-08,3706,2016-02-09,1119,374,ESCON,2,5,6,3706,0,0,0,,0,044,"ASH ST","LINCOLN AV",263.00,S,N,A,-,N,,,,,,,,,,N,3,0,1,2,A,-,08,22107,,N,H,G,A,A,H,-,A,D,0,,Y,,,Y,,L,04,0,1,0,0,0,0,1,0,0,"- ","- ",33.139060000000001,-117.07295999999999,"SAN DIEGO",ESCONDIDO,-117.07244391,33.138456980000001
7193207,2016,2016-03-03,3700,2016-02-07,2125,SH0817,,7,5,5,3713,0,0,0,,0,305,"NORTH SANTA FE AV","WEST LOS ANGELES DR",6.00,S,N,A,-,N,,,,,,,,,,N,3,0,1,2,D,-,00,,,N,G,B,B,A,H,-,C,A,0,Y,,,,Y,Y,-,"- ",0,1,0,0,1,0,0,0,0,"- ","- ",,,"SAN DIEGO",VISTA,-117.24499018,33.211403560000001
7194369,2016,2016-03-10,3711,2016-02-06,1010,HB5798,,6,5,7,3711,0,0,0,,0,503,"HARBOR ISLAND DR","HARBOR DR",14.30,S,N,A,-,N,,,,,,,,,,N,4,0,1,2,A,-,09,21804,A,N,D,G,A,A,H,-,A,A,0,,Y,,Y,Y,,L,04,0,0,1,0,0,0,1,0,0,"- ","- ",,,"SAN DIEGO","SAN DIEGO",-117.19519372000001,32.729250950000001
7194461,2016,2016-03-03,3711,2016-02-13,2028,7027,,6,5,7,3711,0,0,0,,0,122,"INGRAHAM ST","FORTUNA AV",1320.00,N,N,A,-,N,,,,,,,,,,N,2,0,1,2,D,-,00,,,N,G,B,D,A,H,-,C,D,0,Y,,Y,,Y,Y,-,"- ",1,0,0,0,1,0,0,0,0,"- ","- ",,,"SAN DIEGO","SAN DIEGO",-117.23964524,32.795848290000002
7194594,2016,2016-03-03,3711,2016-02-19,1855,4849,SANDI,5,5,7,3711,0,0,0,,0,529,"CEDAR ST","3RD AV",0.00,,Y,A,-,N,,,,,,,,,,N,4,0,1,2,A,-,11,21950,B,N,-,B,B,A,H,-,C,A,0,Y,,,,Y,,-,,0,0,1,0,1,0,0,0,0,"- ","- ",,,"SAN DIEGO","SAN DIEGO",-117.16204011000001,32.721980029999997
7194626,2016,2016-03-03,3711,2016-02-21,1237,6422,SDPD,7,5,7,3711,0,0,0,,0,529,DATE,4TH,26.00,E,N,A,-,N,,,,,,,,,,N,4,0,1,2,A,-,08,22107,,N,-,B,D,A,H,-,A,A,0,Y,,,,Y,,-,,0,0,1,0,1,0,0,0,0,"- ","- ",,,"SAN DIEGO","SAN DIEGO",-117.16105576,32.723031499999998
7194634,2016,2016-03-03,3711,2016-02-14,1642,4495,,7,5,7,3711,0,0,0,,0,512,"SOUTH 28TH ST","LOGAN AV",0.00,,Y,A,-,N,,,,,,,,,,N,3,0,2,3,A,-,10,21950,A,N,G,B,B,A,H,-,A,A,0,Y,,,,Y,,A,01,0,2,0,0,2,0,0,0,0,"- ","- ",,,"SAN DIEGO","SAN DIEGO",-117.13382012,32.696960079999997
7195570,2016,2016-08-24,3710,2016-02-08,1645,OC1413,,1,5,6,3710,0,0,0,,0,030,LONNIE,THUNDER,15.00,W,N,A,-,N,,,,,,,,,,N,4,0,2,2,A,-,11,21954,A,N,A,B,D,A,H,-,B,D,0,Y,,,,Y,,N,60,0,0,2,0,1,0,0,0,0,"- ","- ",,,"SAN DIEGO",OCEANSIDE,-117.28822887,33.194300730000002
7195599,2016,2017-02-10,3711,2016-02-16,0750,7403,,2,5,7,3711,0,0,0,,0,324,"NAVAJO RD","RT 125",6.00,E,N,A,-,Y,SD,11,125,-,-,19.542,R,3,S,N,3,0,1,2,A,-,10,21950,A,N,H,G,A,A,H,-,A,A,0,,Y,,,Y,,-,,0,1,0,0,0,0,1,0,0,"- ",SO,,,"SAN DIEGO","SAN DIEGO",-117.00562484,32.799841659999998
7195631,2016,2017-02-10,3703,2016-01-29,0945,1137,,5,5,3,3703,0,0,0,,0,003,"RT 75","CORONADO CAYS BL",0.00,,Y,A,-,Y,SD,11,75,-,-,13.993,I,6,N,N,3,0,1,2,A,-,09,21800,A,N,D,G,A,A,H,-,A,D,0,,Y,,,Y,,A,01,0,1,0,0,0,0,1,0,0,"- ","- ",,,"SAN DIEGO",CORONADO,-117.13773694,32.625146270000002
7195878,2016,2016-03-24,3700,2016-01-02,0956,SH4791,,6,5,5,3782,0,0,0,,0,241,"SAN ELIJO  AV","SAN ELIJO AV 2100",0.00,,N,A,-,N,,,,,,,,,,N,3,0,1,2,A,-,00,21760,B,N,H,G,A,A,H,-,A,D,0,,Y,,,Y,,D,22,0,1,0,0,0,0,1,0,0,"- ","- ",,,"SAN DIEGO",ENCINITAS,-117.28251,33.021093
7195924,2016,2016-03-04,3700,2016-01-29,1318,SH0728,,5,5,2,3704,0,0,0,,0,291,"VIA DE LA VALLE","SOLANA CIR",0.00,,Y,A,-,N,,,,,,,,,,N,3,0,1,2,A,-,03,22350,,N,D,G,A,A,B,D,A,D,0,,Y,,,Y,,L,04,0,1,0,0,0,0,1,0,0,"- ","- ",,,"SAN DIEGO","DEL MAR",-117.26436009,32.980370039999997
7195967,2016,2016-08-26,3700,2016-01-15,2009,SH7713,,5,5,5,3782,0,0,0,,0,221,"RT 101","D ST",0.00,,Y,A,-,N,,,,,,,,,,N,4,0,1,3,A,-,10,21950,A,N,G,B,B,B,H,-,C,A,0,Y,,,,Y,,A,01,0,0,1,0,1,0,0,0,0,"- ","- ",,,"SAN DIEGO",ENCINITAS,-117.29386,33.045990009999997
7195975,2016,2016-03-04,3700,2016-01-20,0558,SH4791,,3,5,5,3782,0,0,0,,0,242,"MACKINNON AV","FAITH AV",0.00,,Y,C,-,N,,,,,,,,,,N,2,0,1,2,A,-,03,22350,,F,G,G,A,B,H,-,C,D,0,,Y,,,Y,Y,A,01,1,0,0,0,0,0,1,0,0,"- ","- ",,,"SAN DIEGO",ENCINITAS,-117.27724000000001,33.035230069999997
7195991,2016,2016-08-26,3700,2016-01-25,1831,SH5502,,1,5,5,3782,0,0,0,,0,214,"RT 101","MARCHETA ST",946.00,S,N,A,-,N,,,,,,,,,,Y,2,0,1,2,A,-,11,21954,A,N,G,B,E,A,H,-,D,D,0,Y,,,,Y,,N,60,1,0,0,0,1,0,0,0,0,"- ","- ",,,"SAN DIEGO",ENCINITAS,-117.29532749000001,33.052128670000002
7196169,2016,2016-03-09,3711,2016-02-11,0737,5198,,4,5,7,3711,0,0,0,,0,124,"LA JOLLA BL","WESTBOURNE ST",0.00,,Y,A,-,N,,,,,,,,,,N,2,0,1,2,A,-,05,21650,A,N,G,B,B,A,H,-,A,D,0,Y,,,,Y,,D,22,1,0,0,0,1,0,0,0,0,"- ","- ",,,"SAN DIEGO","SAN DIEGO",-117.27695005,32.832900019999997
7196185,2016,2016-03-08,3711,2016-02-19,1928,6989,WESTE,5,5,7,3711,0,0,0,,0,624,"WASHINGTON ST","CLEVELAND AV",8.00,W,N,A,-,N,,,,,,,,,,N,3,0,1,2,A,-,10,21950,A,N,G,B,B,A,H,-,C,A,0,Y,,,,Y,,D,22,0,1,0,0,1,0,0,0,0,"- ","- ",,,"SAN DIEGO","SAN DIEGO",-117.14935331,32.752210400000003
7196205,2016,2016-03-10,3711,2016-02-18,1526,7030,,4,5,7,3711,0,0,0,,0,611,"FARRAGUT RD","CUSHING RD",1.00,E,N,A,-,N,,,,,,,,,,N,3,0,1,2,A,-,03,22350,,N,C,G,A,A,H,-,A,D,0,,Y,,,Y,,L,04,0,1,0,0,0,0,1,0,0,"- ","- ",,,"SAN DIEGO","SAN DIEGO",-117.21686731,32.732268470000001
7196207,2015,2016-03-09,3711,2015-12-30,1028,5572,,3,5,7,3711,0,0,0,,0,321,"FAIRMONT AV",".ALVARADO CANYON RD",0.00,,Y,A,-,N,,,,,,,,,,N,3,0,1,2,A,-,10,21950,A,N,G,B,-,A,H,-,A,A,0,Y,,,,Y,,A,01,0,1,0,0,1,0,0,0,0,"- ","- ",,,"SAN DIEGO","SAN DIEGO",-117.10155002,32.78020008
7196247,2016,2016-03-02,3711,2016-02-19,1622,7030,,5,5,7,3711,0,0,0,,0,627,"UNIVERSITY AV","CENTRE ST",0.00,,Y,A,-,N,,,,,,,,,,N,3,0,1,2,A,-,03,22350,,N,D,G,A,A,H,-,A,D,0,,Y,,,Y,,L,04,0,1,0,0,0,0,1,0,0,"- ","- ",,,"SAN DIEGO","SAN DIEGO",-117.14838005,32.748410069999998
7196255,2016,2016-03-02,3711,2016-02-18,1110,6945,,4,5,7,3711,0,0,0,,0,712,"BORDER VILLAGE RD","EAST SAN YSIDRO BL",21.00,W,N,B,-,N,,,,,,,,,,N,3,0,1,2,A,-,10,21950,A,N,G,B,B,A,H,-,A,A,0,Y,,,,Y,,-,"- ",0,1,0,0,1,0,0,0,0,"- ","- ",,,"SAN DIEGO","SAN DIEGO",-117.03896179,32.551155520000002
7196259,2016,2016-03-02,3711,2016-01-20,1836,7317,"SAN D",3,5,7,3711,0,0,0,,0,115,"GENESEE AV","APRIL CT",600.00,W,N,A,-,N,,,,,,,,,,N,3,0,1,2,A,-,09,21801,A,N,G,G,A,A,H,-,C,D,0,,Y,,,Y,,-,,0,1,0,0,0,0,1,0,0,"- ","- ",,,"SAN DIEGO","SAN DIEGO",-117.2041,32.850160000000002
7196281,2016,2016-03-02,3711,2016-02-19,0443,6949,,5,5,7,3711,0,0,0,,0,528,"FRONT ST","BEECH ST",12.00,S,N,A,-,N,,,,,,,,,,N,4,0,1,2,A,-,10,21950,A,N,G,B,B,A,H,-,C,A,0,Y,,,,Y,,A,01,0,0,1,0,1,0,0,0,0,"- ","- ",,,"SAN DIEGO","SAN DIEGO",-117.16475,32.720867130000002
7196283,2016,2016-03-02,3711,2016-02-19,1400,7059,,5,5,7,3711,0,0,0,,0,441,"ROOKWOOD DR","CATANIA ST",200.00,,N,A,-,N,,,,,,,,,,N,4,0,1,2,A,-,10,21950,A,N,B,B,B,A,H,-,A,D,0,Y,,,,Y,,-,,0,0,1,0,1,0,0,0,0,"- ","- ",,,"SAN DIEGO","SAN DIEGO",,
7196290,2016,2016-03-02,3711,2016-02-17,0843,005628,,3,5,7,3711,0,0,0,,0,111,"DIANE AV","CLAIREMONT MESA BL",0.00,,Y,A,-,N,,,,,,,,,,N,4,0,1,2,A,-,10,21950,A,N,G,B,B,A,H,-,A,A,0,Y,,,,Y,,A,01,0,0,1,0,1,0,0,0,0,"- ","- ",,,"SAN DIEGO","SAN DIEGO",-117.18705011999999,32.834530030000003
7196294,2016,2016-03-02,3711,2016-02-17,1021,6146,,3,5,7,3711,0,0,0,,0,514,"MARKET ST","24TH ST",0.00,,Y,A,-,N,,,,,,,,,,N,3,0,1,2,A,-,10,21950,A,N,G,B,B,A,H,-,A,A,0,Y,,,,Y,,A,01,0,1,0,0,1,0,0,0,0,"- ","- ",,,"SAN DIEGO","SAN DIEGO",-117.14244005,32.711580099999999
7196314,2016,2016-03-02,3711,2016-02-17,1405,5555,,3,5,7,3711,0,0,0,,0,525,"BROADWAY CIR","2ND AV",10.00,E,N,A,-,N,,,,,,,,,,N,4,0,1,2,A,-,10,21950,A,N,G,B,D,A,H,-,A,D,0,Y,,,,Y,,-,,0,0,1,0,1,0,0,0,0,"- ","- ",,,"SAN DIEGO","SAN DIEGO",-117.16284763,32.715778839999999
7196317,2016,2016-03-02,3711,2016-02-23,1126,7297,,2,5,7,3711,0,0,0,,0,315,"NORTHSIDE DR","FENTON PKWY MARKETPLACE",0.00,,Y,A,-,N,,,,,,,,,,N,4,0,1,2,A,-,10,21950,A,N,G,B,B,A,H,-,A,A,0,Y,,,,Y,,-,,0,0,1,0,1,0,0,0,0,"- ","- ",,,"SAN DIEGO","SAN DIEGO",-117.12664067999999,32.782900669999997
7196484,2016,2017-02-10,3700,2016-01-06,2257,SH2558,,3,5,5,3712,0,0,0,,0,355,"RANCHO SANTA FE RD","RT 78",79.00,S,N,C,-,Y,SD,11,78,-,-,12.299,R,4,E,N,2,0,1,2,A,-,07,21658,A,N,C,G,A,B,H,-,C,A,0,,Y,,,Y,,A,01,1,0,0,0,0,0,1,0,0,"- ","- ",,,"SAN DIEGO","SAN MARCOS",-117.17417294000001,33.136939810000001
7196653,2016,2016-03-09,3700,2016-01-25,0646,SH2505,,1,5,5,3712,0,0,0,,0,359,"WEST SAN MARCOS BL","PARK PL",1.00,W,N,A,-,N,,,,,,,,,,N,3,0,1,2,A,-,10,21952,,N,G,B,F,A,H,-,A,D,0,Y,,,,Y,,A,01,0,1,0,0,1,0,0,0,0,"- ","- ",,,"SAN DIEGO","SAN MARCOS",-117.18594311,33.135379190000002
7196827,2016,2017-02-10,3703,2016-02-17,1447,1247,,3,5,3,3703,0,0,0,,0,003,"TARAWA RD","RT 75",0.00,,Y,B,-,Y,SD,11,75,-,-,17.705,I,6,N,N,4,0,1,2,A,-,09,21803,A,N,D,G,A,A,H,-,A,A,0,,Y,,,Y,,L,04,0,0,1,0,0,0,1,0,0,"- ","- ",,,"SAN DIEGO",CORONADO,-117.16682278,32.672568830000003
7197880,2016,2016-03-11,3709,2016-02-21,0005,449,NATIO,7,5,5,3709,0,0,0,,0,024,"HIGHLAND AV","24TH ST",0.00,,Y,A,-,N,,,,,,,,,,N,4,0,1,2,A,-,05,21651,A,N,B,G,A,A,H,-,A,A,0,,Y,,,Y,,L,04,0,0,1,0,0,0,1,0,0,"- ","- ",,,"SAN DIEGO","NATIONAL CITY",-117.09336009,32.66436006
7198729,2016,2016-03-09,3700,2016-02-25,0740,SH2505,,4,5,5,3712,0,0,0,,0,355,"SECURITY PL","SOUTH RANCHO SANTA FE RD",0.00,,Y,A,-,N,,,,,,,,,,N,3,0,1,2,A,-,10,21950,A,F,G,B,B,A,H,-,A,D,0,Y,,,,Y,,-,,0,1,0,0,1,0,0,0,0,"- ","- ",,,"SAN DIEGO","SAN MARCOS",-117.20647006999999,33.134290059999998
7198839,2016,2016-03-09,3711,2016-02-23,1117,6146,,2,5,7,3711,0,0,0,,0,313,"FARNHAM ST","RUFFIN RD",265.00,E,N,A,-,N,,,,,,,,,,N,4,0,1,2,A,-,09,21804,A,N,B,G,A,A,H,-,A,D,0,,Y,,,Y,,A,07,0,0,1,0,0,0,1,0,0,"- ","- ",,,"SAN DIEGO","SAN DIEGO",-117.12579048000001,32.832804690000003
7198840,2016,2016-03-09,3711,2016-02-24,1610,7018,,3,5,7,3711,0,0,0,,0,322,"MISSION GORGE RD","ZION AV",2.00,N,N,A,-,N,,,,,,,,,,N,3,0,1,2,A,-,09,21800,A,N,D,G,A,A,H,-,A,A,0,,Y,,,Y,,-,"- ",0,1,0,0,0,0,1,0,0,"- ","- ",,,"SAN DIEGO","SAN DIEGO",-117.0975787,32.792955370000001
7198848,2016,2016-03-09,3711,2016-02-25,1710,7394,,4,5,7,3711,0,0,0,,0,242,"POLARIS DR",LIBRA,10.00,S,N,A,-,N,,,,,,,,,,N,3,0,1,2,A,-,11,21950,B,N,G,B,D,A,-,-,-,D,0,Y,,,,Y,,N,60,0,1,0,0,1,0,0,0,0,"- ","- ",,,"SAN DIEGO","SAN DIEGO",-117.13167964,32.920652609999998
7198856,2016,2016-03-09,3711,2016-02-26,1404,6468,3711,5,5,7,3711,0,0,0,,0,611,"SPORTS ARENA BL","WING ST",0.00,,Y,A,-,N,,,,,,,,,,N,3,0,1,2,A,-,05,21650,1,N,B,G,A,A,H,-,A,D,0,,Y,,,Y,,L,04,0,1,0,0,0,0,1,0,0,"- ","- ",38.451949999999997,-117.12533999999999,"SAN DIEGO","SAN DIEGO",,
7198858,2016,2016-03-09,3711,2016-02-22,0700,7340,"SAN D",1,5,7,3711,0,0,0,,0,315,"TEXAS ST","CAMINO DEL RIO S",0.00,,Y,A,-,N,,,,,,,,,,N,4,0,1,2,A,-,12,21453,A,M,G,B,B,A,H,-,B,A,0,Y,,,,Y,Y,A,01,0,0,1,0,1,0,0,0,0,"- ","- ",,,"SAN DIEGO","SAN DIEGO",-117.13927009,32.767300079999998
7198859,2016,2016-03-11,3711,2016-02-26,2210,7329,,5,5,7,3711,0,0,0,,0,712,"CAMINO DE LA PLAZA","SIPES LN",81.00,W,N,A,-,N,,,,,,,,,,,3,0,1,2,A,-,10,21954,B,M,G,B,D,A,H,-,C,D,0,Y,,,,Y,,-,,0,1,0,0,1,0,0,0,0,"- ","- ",,,"SAN DIEGO","SAN DIEGO",-117.04611781,32.544636769999997
7198941,2015,2016-03-28,3702,2015-12-30,1500,CV1126,,3,5,6,3702,0,0,0,,0,042,"FALLING STAR DR","MORNING STAR DR",0.00,,Y,A,-,N,,,,,,,,,,N,4,0,1,2,A,-,03,22350,,N,D,G,A,A,H,-,A,D,0,,Y,,,Y,,L,04,0,0,1,0,0,0,1,0,0,"- ","- ",,,"SAN DIEGO","CHULA VISTA",-116.95359001,32.625190089999997
7199226,2016,2016-03-11,3711,2016-02-12,0705,6774,,5,5,7,3711,0,0,0,,0,511,"HARBOR DR","CESAR E CHAVEZ PKWY",12.00,N,N,A,-,N,,,,,,,,,,Y,2,0,1,2,A,-,11,21453,D,F,G,B,B,A,H,-,A,A,0,Y,,,,Y,,N,60,1,0,0,0,1,0,0,0,0,"- ","- ",,,"SAN DIEGO","SAN DIEGO",-117.14749014,32.698230760000001
7199325,2016,2016-03-15,3706,2016-02-19,1506,ES0485,,5,5,6,3706,0,0,0,,0,044,"VISTA AV","LEHNER AV",0.00,,Y,A,-,N,,,,,,,,,,N,3,0,1,2,A,-,11,21954,A,N,G,B,D,A,H,-,A,D,0,Y,,,,Y,,N,60,0,1,0,0,1,0,0,0,0,"- ","- ",,,"SAN DIEGO",ESCONDIDO,-117.08734002,33.15427004
7199445,2015,2016-03-11,3710,2015-07-05,1358,OC1355,,7,5,6,3710,0,0,0,,0,016,MISSION,"OCEAN POINTE",573.00,W,N,B,-,N,,,,,,,,,,Y,1,1,0,2,D,-,00,,,N,G,B,D,A,H,-,A,D,0,Y,,,,Y,,-,"- ",0,0,0,1,0,0,0,0,0,"- ","- ",,,"SAN DIEGO",OCEANSIDE,-117.33815253,33.220521699999999
7199450,2015,2016-03-18,3710,2015-09-26,1935,OC1355,,6,5,6,3710,0,0,0,,0,010,"SAN DIEGO  AV","HIGGINS ST",0.00,,Y,A,-,N,,,,,,,,,,N,1,1,0,2,A,-,10,21950,A,N,G,B,B,A,H,-,C,D,0,Y,,,,Y,,A,01,0,0,0,1,0,0,0,0,0,"- ","- ",,,"SAN DIEGO",OCEANSIDE,-117.37095005,33.204390070000002
7199521,2015,2016-03-28,3700,2015-10-23,1958,SH2560,,5,5,5,3713,0,0,0,,0,305,"W BOBIER DR","DORSEY ST",181.00,E,N,A,-,N,,,,,,,,,,Y,1,1,0,2,A,-,11,21954,A,N,G,B,D,A,H,-,C,D,0,Y,,,,Y,Y,N,60,0,0,0,1,0,0,0,0,0,"- ","- ",,,"SAN DIEGO",VISTA,-117.24803005,33.221142659999998
7199626,2016,2016-05-25,3700,2016-02-08,2014,SH0817,,1,5,5,3713,0,0,0,,0,308,"NORTH EMERALD DR","JONATHON PL",0.00,,Y,A,-,N,,,,,,,,,,N,1,1,0,2,A,-,11,21954,A,N,G,B,D,A,H,-,C,A,0,Y,,,,Y,,N,60,0,0,0,1,0,0,0,0,0,"- ","- ",,,"SAN DIEGO",VISTA,-117.27948003,33.19649004
7199632,2016,2016-05-23,3700,2016-04-02,1923,SH0817,,6,5,5,3713,0,0,0,,0,308,"NORTH MELROSE DR","OLIVE AV",500.00,S,N,A,-,N,,,,,,,,,,N,1,1,0,2,A,-,11,21954,A,N,G,B,D,A,H,-,C,D,0,Y,,,,Y,Y,N,60,0,0,0,1,0,0,0,0,0,"- ","- ",,,"SAN DIEGO",VISTA,-117.25489381,33.203423200000003
7199639,2015,2016-05-24,3710,2015-05-27,2050,OC1363,,3,5,6,3710,0,0,0,,0,033,"RT 76",FRAZEE,871.00,E,N,A,-,Y,SD,11,76,-,R,5.780,H,-,W,Y,1,1,0,2,A,-,01,21200,5,N,A,G,A,A,H,-,C,D,0,,Y,,,Y,Y,L,04,0,0,0,0,0,1,0,0,0,"- ","- ",,,"SAN DIEGO",OCEANSIDE,-117.29608532,33.24099167
7199662,2016,2018-09-27,3701,2016-03-16,1001,5291,38,3,5,5,3701,0,0,0,,0,002,"CARLSBAD BL","TIERRA DEL ORO ST",2125.00,N,N,A,-,N,,,,,,,,,,Y,1,1,0,2,A,-,07,21658,A,N,C,G,A,A,H,-,A,D,0,,Y,,,Y,,L,04,0,0,0,0,0,1,0,0,0,"- ","- ",33.138660000000002,-117.3391,"SAN DIEGO",CARLSBAD,-117.33906257,33.138579350000001
7199666,2016,2018-09-27,3711,2016-05-08,2114,4310,,7,5,7,3711,0,0,0,,0,123,"MISSION BAY DR","NORTH MISSION BAY DR",70.00,N,N,A,-,Y,SD,11,5,-,R,22.745,R,4,S,Y,1,1,0,2,A,I,"- ",,,N,G,B,E,A,H,-,C,D,0,Y,,,,Y,Y,N,60,0,0,0,1,0,0,0,0,0,"- ","- ",,,"SAN DIEGO","SAN DIEGO",-117.20993995000001,32.797251770000003
7199677,2016,2016-06-23,3711,2016-05-11,2058,5600,,3,5,7,3711,0,0,0,,0,712,"DAIRY MART RD","WEST SAN YSIDRO BL",333.00,N,N,A,-,N,,,,,,,,,,Y,1,1,0,2,A,-,11,21954,A,N,G,B,D,A,H,-,D,D,0,Y,,,,Y,,N,60,0,0,0,1,0,0,0,0,0,"- ","- ",,,"SAN DIEGO","SAN DIEGO",-117.06243411,32.560541860000001
7199706,2016,2018-09-27,3711,2016-04-30,2053,6686,"SAN D",6,5,7,3711,0,0,0,,0,622,"LINDA VISTA RD","BRUNNER ST",98.00,E,N,A,-,N,,,,,,,,,,N,1,1,0,2,A,-,10,21950,A,N,A,B,D,A,H,-,C,D,0,Y,,,,Y,Y,N,60,0,0,0,1,0,0,0,0,0,"- ","- ",,,"SAN DIEGO","SAN DIEGO",-117.18955016,32.769727199999998
7199744,2015,2016-06-28,3705,2015-10-10,1838,EC0295,,6,5,5,3705,0,0,0,,0,009,"E WASHINGTON",DOROTHY,973.00,E,N,A,-,N,,,,,,,,,,Y,1,1,0,2,A,-,11,21954,A,N,G,B,D,A,H,-,B,D,0,Y,,,,Y,,N,60,0,0,0,1,0,0,0,0,0,"- ","- ",,,"SAN DIEGO","EL CAJON",-116.93050543,32.787667880000001
7199746,2015,2016-07-18,3705,2015-08-11,1604,EC0295,,2,5,5,3705,0,0,0,,0,010,"W MADISON",COMPTON,80.00,E,N,A,-,N,,,,,,,,,,Y,1,1,0,2,A,-,09,21804,A,N,H,G,A,A,H,-,A,D,0,,Y,,,Y,,L,04,0,0,0,0,0,1,0,0,0,"- ","- ",,,"SAN DIEGO","EL CAJON",-116.96476058,32.800690000000003
7199752,2015,2017-03-29,3705,2015-12-24,1745,EC0337,,4,5,5,3705,0,0,0,,0,007,NARANCA,"N 2ND",3.00,W,N,B,-,N,,,,,,,,,,Y,1,1,1,3,A,-,10,21950,A,N,G,B,B,A,H,-,C,A,0,Y,Y,,,Y,Y,D,22,1,0,0,1,0,0,1,0,0,"- ","- ",,,"SAN DIEGO","EL CAJON",-116.93579973,32.803909939999997
7199820,2016,2018-09-27,3705,2016-01-05,1839,EC0344,,2,5,5,3705,0,0,0,,0,006,"N MARSHALL",ARNELE,10.00,N,N,C,-,N,,,,,,,,,,N,1,1,0,2,A,-,11,21456,B,N,G,B,B,B,H,-,C,A,0,Y,,,,Y,Y,N,60,0,0,0,1,0,0,0,0,0,"- ","- ",,,"SAN DIEGO","EL CAJON",-116.97551029,32.803967389999997
7199828,2016,2016-09-14,3702,2016-03-14,2138,CV0986,,1,5,6,3702,0,0,0,,0,024,"HILLTOP DR","HOLIDAY CT",15.00,N,N,A,-,N,,,,,,,,,,Y,1,1,0,3,A,-,01,23153,A,F,G,B,E,A,H,-,C,D,0,Y,,,,Y,Y,D,22,0,0,0,1,0,0,0,0,0,"- ","- ",,,"SAN DIEGO","CHULA VISTA",-117.05152921,32.596931079999997
7199918,2017,2017-02-15,3711,2017-01-19,0716,5600,,4,5,7,3711,0,0,0,,0,438,"ALBEMARLE ST","SEA BREEZE DR",201.00,W,N,B,C,N,,,,,,,,,,N,1,1,0,4,A,-,05,21650,,F,G,B,E,B,H,-,B,D,0,Y,,,,Y,,A,01,0,0,0,1,0,0,0,0,0,"- ","- ",,,"SAN DIEGO","SAN DIEGO",-117.06292888,32.677629279999998
7199966,2017,2017-07-26,3711,2017-02-16,0606,6252,,4,5,7,3711,0,0,0,,0,242,"MIRA MESA BL","WESTMORE RD",14.00,E,N,A,-,N,,,,,,,,,,Y,1,1,1,3,A,-,12,21453,A,N,G,B,B,A,H,-,C,A,0,Y,,,,Y,,A,01,1,0,0,1,1,0,0,0,0,"- ","- ",,,"SAN DIEGO","SAN DIEGO",-117.12993602,32.916235479999997
7200040,2015,2017-05-01,3710,2015-10-22,0703,OC0754,,4,5,6,3710,0,0,0,,0,009,"SOUTH COAST HWY","GODFREY ST",713.00,S,N,A,-,N,,,,,,,,,,Y,1,1,0,2,A,-,09,21804,A,N,D,G,A,A,H,-,A,D,0,,Y,,,Y,,-,,0,0,0,0,0,1,0,0,0,"- ","- ",,,"SAN DIEGO",OCEANSIDE,-117.36721999,33.181148450000002
7200078,2017,2019-04-08,3711,2017-03-17,0903,6764,,5,5,7,3711,0,0,0,,0,242,"WESTONHILL DR","HARLINGTON DR",100.00,N,N,A,-,N,,,,,,,,,,N,1,1,0,2,A,-,10,21954,B,N,G,B,D,A,H,-,A,D,0,Y,,,,Y,,A,01,0,0,0,1,0,0,0,0,0,"- ","- ",,,"SAN DIEGO","SAN DIEGO",-117.13563000000001,32.913993929999997
7200095,2017,2017-05-12,3711,2017-04-05,2015,6686,,3,5,7,3711,0,0,0,,0,446,"4TH ST","SOLOLA  AV",229.00,N,N,A,-,N,,,,,,,,,,N,1,1,0,2,A,-,00,21954,,F,A,B,D,A,H,-,C,D,0,Y,,,,Y,,N,60,0,0,0,1,0,0,0,0,0,"- ","- ",,,"SAN DIEGO","SAN DIEGO",-117.09376912,32.6942272