CASE_ID,ACCIDENT_YEAR,PROC_DATE,JURIS,COLLISION_DATE,COLLISION_TIME,OFFICER_ID,REPORTING_DISTRICT,DAY_OF_WEEK,CHP_SHIFT,POPULATION,CNTY_CITY_LOC,SPECIAL_COND,BEAT_TYPE,CHP_BEAT_TYPE,CITY_DIVISION_LAPD,CHP_BEAT_CLASS,BEAT_NUMBER,PRIMARY_RD,SECONDARY_RD,DISTANCE,DIRECTION,INTERSECTION,WEATHER_1,WEATHER_2,STATE_HWY_IND,CALTRANS_COUNTY,CALTRANS_DISTRICT,STATE_ROUTE,ROUTE_SUFFIX,POSTMILE_PREFIX,POSTMILE,LOCATION_TYPE,RAMP_INTERSECTION,SIDE_OF_HWY,TOW_AWAY,COLLISION_SEVERITY,NUMBER_KILLED,NUMBER_INJURED,PARTY_COUNT,PRIMARY_COLL_FACTOR,PCF_CODE_OF_VIOL,PCF_VIOL_CATEGORY,PCF_VIOLATION,PCF_VIOL_SUBSECTION,HIT_AND_RUN,TYPE_OF_COLLISION,MVIW,PED_ACTION,ROAD_SURFACE,ROAD_COND_1,ROAD_COND_2,LIGHTING,CONTROL_DEVICE,CHP_ROAD_TYPE,PEDESTRIAN_ACCIDENT,BICYCLE_ACCIDENT,MOTORCYCLE_ACCIDENT,TRUCK_ACCIDENT,NOT_PRIVATE_PROPERTY,ALCOHOL_INVOLVED,STWD_VEHTYPE_AT_FAULT,CHP_VEHTYPE_AT_FAULT,COUNT_SEVERE_INJ,COUNT_VISIBLE_INJ,COUNT_COMPLAINT_PAIN,COUNT_PED_KILLED,COUNT_PED_INJURED,COUNT_BICYCLIST_KILLED,COUNT_BICYCLIST_INJURED,COUNT_MC_KILLED,COUNT_MC_INJURED,PRIMARY_RAMP,SECONDARY_RAMP,LATITUDE,LONGITUDE,COUNTY,CITY,POINT_X,POINT_Y
8012147,2016,2016-04-05,3705,2016-03-09,1746,EC0337,,3,5,5,3705,0,0,0,,0,010,BROADWAY,BALLANTYNE,587.00,E,N,A,-,N,,,,,,,,,,N,4,0,1,2,A,-,05,21650,1,N,D,G,A,A,H,-,A,D,0,,Y,,,Y,,L,04,0,0,1,0,0,0,1,0,0,"- ","- ",,,"SAN DIEGO","EL CAJON",-116.95623644,32.807690000000001
8012424,2016,2016-04-08,3711,2016-03-20,1035,HB4132,,7,5,7,3711,0,0,0,,0,504,"NORTH HARBOR DR","WEST GRAPE ST",59.00,N,N,A,-,N,,,,,,,,,,N,3,0,1,2,B,-,22,,,N,B,G,A,A,H,-,A,A,0,,Y,,,Y,,L,04,0,1,0,0,0,0,1,0,0,"- ","- ",,,"SAN DIEGO","SAN DIEGO",-117.17323854,32.72427982
8013639,2016,2017-02-10,3700,2016-02-19,1117,SH2659,,5,5,5,3712,0,0,0,,0,355,"WEST SAN MARCOS BL","RT 78",283.00,E,N,A,-,Y,SD,11,78,-,-,12.033,R,4,W,N,4,0,1,2,A,-,06,21751,,N,G,B,E,A,H,-,A,D,0,Y,,,,Y,,A,01,0,0,1,0,1,0,0,0,0,"- ",EO,,,"SAN DIEGO","SAN MARCOS",-117.17818923999999,33.138605910000003
8014788,2016,2016-05-24,3711,2016-04-16,1449,4656,SANDI,6,5,7,3711,0,0,0,,0,521,BROADWAY,"14TH ST",0.00,,Y,A,-,N,,,,,,,,,,N,3,0,2,3,A,-,10,21950,A,N,G,B,B,A,H,-,A,A,0,Y,,,,Y,,J,48,0,2,0,0,2,0,0,0,0,"- ","- ",,,"SAN DIEGO","SAN DIEGO",-117.15194001,32.715760099999997
8014836,2016,2016-04-06,3711,2016-03-14,2214,4310,,1,5,7,3711,0,0,0,,0,122,"GARNET AV","MISSION BAY DR",169.00,W,N,A,-,N,,,,,,,,,,N,2,0,1,2,A,-,11,21954,A,N,G,B,D,A,H,-,C,D,0,Y,,,,Y,Y,N,60,1,0,0,0,1,0,0,0,0,"- ","- ",,,"SAN DIEGO","SAN DIEGO",-117.2195017,32.806037140000001
8014869,2016,2016-08-24,3711,2016-03-22,1041,5929,,2,5,7,3711,0,0,0,,0,123,"MISSION BAY DR","MISSION BAY DR 2601",0.00,,-,A,-,N,,,,,,,,,,N,3,0,1,2,A,-,09,21801,A,N,D,G,A,A,H,-,A,D,0,,Y,,,Y,,-,,0,1,0,0,0,0,1,0,0,"- ","- ",,,"SAN DIEGO","SAN DIEGO",,
8014878,2016,2016-04-06,3711,2016-03-16,1141,6193,,3,5,7,3711,0,0,0,,0,712,"BOLTON HALL RD","BORDER VILLAGE RD",95.00,S,N,A,-,N,,,,,,,,,,N,4,0,1,2,A,-,10,21952,,N,H,B,F,A,H,-,A,D,0,Y,,,,Y,,A,01,0,0,1,0,1,0,0,0,0,"- ","- ",,,"SAN DIEGO","SAN DIEGO",-117.03908,32.550789999999999
8016326,2016,2016-04-15,3711,2016-04-02,1700,8192,,6,5,7,3711,0,0,0,,0,825,"EL CAJON BL","42ND ST",0.00,,Y,A,-,N,,,,,,,,,,N,3,0,1,2,A,-,08,22107,,M,D,G,A,A,G,-,A,A,0,,Y,,,Y,,-,99,0,1,0,0,0,0,1,0,0,"- ","- ",,,"SAN DIEGO","SAN DIEGO",-117.10504003,32.755210060000003
8016334,2016,2016-04-15,3711,2016-04-01,2105,7404,,5,5,7,3711,0,0,0,,0,712,"SUNSET LN","SOUTH VISTA AV",0.00,,Y,A,-,N,,,,,,,,,,N,3,0,1,2,A,-,10,21950,A,N,G,B,D,A,H,-,D,D,0,Y,,,,Y,,A,01,0,1,0,0,1,0,0,0,0,"- ","- ",,,"SAN DIEGO","SAN DIEGO",-117.04854003,32.558170029999999
8016345,2016,2017-02-18,3711,2016-04-04,1635,4421,,1,5,7,3711,0,0,0,,0,933,"CARMEL VALLEY RD","RT 5",24.00,W,N,A,-,Y,SD,11,5,-,R,32.790,R,4,S,,3,0,1,2,A,-,03,22350,,N,D,G,A,A,H,-,A,A,0,,Y,,,Y,,L,04,0,1,0,0,0,0,1,0,0,"- ","- ",,,"SAN DIEGO","SAN DIEGO",-117.24106236,32.930542680000002
8016353,2016,2016-04-15,3711,2016-04-02,1046,7453,,6,5,7,3711,0,0,0,,0,521,"7TH AV","ISLAND AV",0.00,,Y,A,-,N,,,,,,,,,,N,4,0,1,2,A,-,10,21950,A,N,G,B,B,A,H,-,A,D,0,Y,,,,Y,,A,01,0,0,1,0,1,0,0,0,0,"- ","- ",,,"SAN DIEGO","SAN DIEGO",-117.15834009,32.7104401
8016355,2016,2016-04-13,3700,2016-03-19,0925,SH2619,,6,5,5,3712,0,0,0,,0,355,"DESCANSO AV","LAS FLORES",136.00,E,N,A,-,N,,,,,,,,,,N,3,0,1,2,A,-,08,22107,,N,G,B,F,A,H,-,A,D,0,Y,,,,Y,,A,01,0,1,0,0,1,0,0,0,0,"- ","- ",,,"SAN DIEGO","SAN MARCOS",-117.20274557,33.150338570000002
8016365,2016,2017-02-18,3711,2016-04-04,1750,5672,,1,5,7,3711,0,0,0,,0,311,"AERO DR","RT 15",0.00,,Y,A,-,Y,SD,11,15,-,R,8.205,R,4,S,N,3,0,1,2,A,-,"- ",,,N,D,G,A,A,H,-,A,A,0,,Y,,,Y,,-,,0,1,0,0,0,0,1,0,0,"- ",SO,,,"SAN DIEGO","SAN DIEGO",-117.11396993,32.808064139999999
8017362,2016,2016-04-19,3711,2016-04-07,1313,6546,,4,5,7,3711,0,0,0,,0,627,"UNIVERSITY AV","RICHMOND ST",9.00,E,N,C,-,N,,,,,,,,,,N,3,0,1,2,A,-,10,21950,A,N,G,B,B,B,H,-,A,A,0,Y,,,,Y,,-,,0,1,0,0,1,0,0,0,0,"- ","- ",,,"SAN DIEGO","SAN DIEGO",-117.15121083,32.748559999999998
8017405,2016,2016-04-19,3711,2016-04-10,0926,6268,,7,5,7,3711,0,0,0,,0,832,"COPELAND AV","EL CAJON BL",0.00,,Y,B,-,N,,,,,,,,,,,4,0,1,2,A,-,09,21804,A,N,G,B,D,A,H,-,A,D,0,Y,,,,Y,,-,,0,0,1,0,1,0,0,0,0,"- ","- ",,,"SAN DIEGO","SAN DIEGO",-117.10404002999999,32.755210060000003
8017411,2016,2016-04-18,3711,2016-04-07,0842,5498,,4,5,7,3711,0,0,0,,0,541,"IMPERIAL AV","13TH ST",0.00,,Y,B,C,N,,,,,,,,,,N,4,0,1,2,A,-,10,21950,A,N,G,B,B,B,H,-,A,A,0,Y,,,,Y,,A,01,0,0,1,0,1,0,0,0,0,"- ","- ",,,"SAN DIEGO","SAN DIEGO",-117.15277004000001,32.706280020000001
8017415,2016,2016-04-18,3711,2016-04-05,2335,7447,,2,5,7,3711,0,0,0,,0,234,"MATINAL RD","POBLADO RD",504.00,N,N,A,-,N,,,,,,,,,,N,3,0,1,2,A,-,08,22107,,M,G,B,E,A,H,-,C,D,0,Y,,,,Y,,-,,0,1,0,0,1,0,0,0,0,"- ","- ",,,"SAN DIEGO","SAN DIEGO",-117.08703692,33.031155040000002
8017653,2016,2016-04-20,3705,2016-04-04,1715,EC0337,,1,5,5,3705,0,0,0,,0,008,"W LEXINGTON","VAN HOUTEN",93.00,W,N,A,-,N,,,,,,,,,,N,4,0,1,2,A,-,05,21650,1,N,D,G,A,A,H,-,A,D,0,,Y,,,Y,,L,04,0,0,1,0,0,0,1,0,0,"- ","- ",,,"SAN DIEGO","EL CAJON",-116.96643118,32.792697449999999
8017675,2016,2016-04-21,3705,2016-04-10,1153,EC0337,,7,5,5,3705,0,0,0,,0,009,"E MADISON",ORLANDO,13.00,W,N,B,-,N,,,,,,,,,,N,3,0,1,2,A,-,08,22107,,N,D,G,A,B,H,-,A,D,0,,Y,,,Y,,L,04,0,1,0,0,0,0,1,0,0,"- ","- ",,,"SAN DIEGO","EL CAJON",-116.94018215,32.800159999999998
8017769,2016,2016-04-29,3700,2016-02-23,2220,SH7341,,2,5,4,3780,0,0,0,,0,416,"GARDEN RD","CLAIRE DR",50.00,W,N,A,-,N,,,,,,,,,,N,4,0,1,2,A,-,00,21760,,N,B,G,A,A,H,-,C,D,0,,Y,,,Y,,D,22,0,0,1,0,0,0,1,0,0,"- ","- ",,,"SAN DIEGO",POWAY,-117.02248243,32.956268809999997
8017785,2016,2016-04-26,3702,2016-04-09,1512,CV1060,,6,5,6,3702,0,0,0,,0,013,"I ST","BROADWAY AV",150.00,E,N,A,-,N,,,,,,,,,,N,3,0,1,2,A,-,09,21804,A,N,D,B,-,A,H,-,A,D,0,Y,,,,Y,,D,22,0,1,0,0,1,0,0,0,0,"- ","- ",,,"SAN DIEGO","CHULA VISTA",-117.08764961999999,32.627620559999997
8017789,2016,2016-06-09,3702,2016-04-11,1422,CV1031,,1,5,6,3702,0,0,0,,0,014,"HILLTOP DR","EAST WHITNEY ST",0.00,,Y,A,-,N,,,,,,,,,,Y,4,0,1,2,A,-,08,22107,,N,D,G,A,A,H,-,A,D,0,,Y,,Y,Y,,F,26,0,0,1,0,0,0,1,0,0,"- ","- ",,,"SAN DIEGO","CHULA VISTA",-117.06426008,32.635970039999997
8017859,2016,2017-02-14,3702,2016-03-24,1018,CV0984,,4,5,6,3702,0,0,0,,0,032,"OTAY LAKES RD","RT 125",150.00,E,N,A,-,Y,SD,11,125,-,-,4.272,R,4,N,N,3,0,1,2,D,-,00,,,N,C,G,A,A,H,-,A,D,0,,Y,,,Y,,-,"- ",0,1,0,0,0,0,1,0,0,"- ",NO,,,"SAN DIEGO","CHULA VISTA",-116.97070628,32.649398669999997
8017921,2016,2016-04-22,3702,2016-04-02,1628,CV1107,,6,5,6,3702,0,0,0,,0,041,"EAST PALOMAR ST","HERITAGE RD",0.00,,Y,A,-,N,,,,,,,,,,N,3,0,1,2,A,-,05,21650,,M,H,G,A,A,H,-,A,A,0,,Y,,,Y,,L,04,0,1,0,0,0,0,1,0,0,"- ","- ",,,"SAN DIEGO","CHULA VISTA",-117.00460007,32.621180119999998
8017925,2016,2016-04-22,3702,2016-04-03,1820,CV1061,,7,5,6,3702,0,0,0,,0,032,"RIVERCREEK CT","ROLLING RIDGE RD",115.00,S,N,A,-,N,,,,,,,,,,N,4,0,1,2,A,-,11,21954,A,N,G,B,D,A,H,-,B,D,0,Y,,,,Y,,N,60,0,0,1,0,1,0,0,0,0,"- ","- ",,,"SAN DIEGO","CHULA VISTA",-116.97769,32.663510000000002
8017927,2016,2016-04-22,3702,2016-03-16,0700,CV0506,,3,5,6,3702,0,0,0,,0,042,"SANTA VICTORIA","CALLE AVILA",0.00,,Y,A,-,N,,,,,,,,,,N,4,0,1,3,A,-,03,22350,,N,G,B,B,A,H,-,A,A,0,Y,,,,Y,,A,01,0,0,1,0,1,0,0,0,0,"- ","- ",,,"SAN DIEGO","CHULA VISTA",-116.98759011,32.620440100000003
8017931,2016,2016-04-22,3702,2016-03-23,1312,CV1031,,3,5,6,3702,0,0,0,,0,041,"MEDICAL CENTER CT","MEDICAL CENTER DR",978.00,E,N,A,-,N,,,,,,,,,,Y,4,0,1,2,A,-,09,21801,A,N,D,G,A,A,H,-,A,D,0,,Y,,,Y,,L,04,0,0,1,0,0,0,1,0,0,"- ","- ",,,"SAN DIEGO","CHULA VISTA",-117.02406196,32.618544610000001
8017935,2016,2016-04-27,3702,2016-03-18,1436,CV1012,,5,5,6,3702,0,0,0,,0,023,"EAST NAPLES ST","MONSERATE AV",0.00,,Y,A,-,N,,,,,,,,,,N,4,0,2,3,A,-,09,21801,A,N,G,B,B,A,H,-,A,D,0,Y,,,,Y,,A,07,0,0,2,0,2,0,0,0,0,"- ","- ",,,"SAN DIEGO","CHULA VISTA",-117.04922003999999,32.619310089999999
8017937,2016,2016-04-22,3702,2016-04-06,1224,CV1060,,3,5,6,3702,0,0,0,,0,011,"E ST","WOODLAWN AV",0.00,,Y,A,-,N,,,,,,,,,,N,4,0,1,2,A,-,11,21456,B,N,G,B,B,A,H,-,A,A,0,Y,,,,Y,,N,60,0,0,1,0,1,0,0,0,0,"- ","- ",,,"SAN DIEGO","CHULA VISTA",-117.09758013,32.64019012
8017941,2016,2016-04-22,3702,2016-04-11,1410,CV0673,,1,5,6,3702,0,0,0,,0,024,"TREMONT ST","ALBANY AV",27.00,W,N,A,-,N,,,,,,,,,,N,3,0,1,2,A,-,11,21954,A,N,G,B,E,A,D,-,A,A,0,Y,,,,Y,,N,60,0,1,0,0,1,0,0,0,0,"- ","- ",,,"SAN DIEGO","CHULA VISTA",-117.05820736,32.597869590000002
8017943,2016,2016-04-25,3702,2016-03-18,1334,CV1004,,5,5,6,3702,0,0,0,,0,013,"H ST","3RD AV",135.00,W,N,A,-,N,,,,,,,,,,N,4,0,1,2,A,-,11,21954,A,N,G,B,D,A,H,-,A,A,0,Y,,,,Y,,N,60,0,0,1,0,1,0,0,0,0,"- ","- ",,,"SAN DIEGO","CHULA VISTA",-117.07764489,32.634283830000001
8017956,2016,2016-04-25,3702,2016-03-16,1130,CV1179,,3,5,6,3702,0,0,0,,0,021,"ACCESS WAY","PALOMAR ST",0.00,,-,A,-,N,,,,,,,,,,N,3,0,1,2,A,-,05,21202,A,N,D,G,A,A,H,-,A,A,0,,Y,,,Y,,L,04,0,1,0,0,0,0,1,0,0,TO,"- ",,,"SAN DIEGO","CHULA VISTA",,
8017963,2016,2016-04-22,3702,2016-03-02,0700,CV1037,,3,5,6,3702,0,0,0,,0,042,"LA MEDIA RD","EAST PALOMAR ST",0.00,,Y,B,-,N,,,,,,,,,,N,4,0,1,2,A,-,03,22350,,N,D,G,A,A,H,-,B,A,0,,Y,,,Y,,A,01,0,0,1,0,0,0,1,0,0,"- ","- ",,,"SAN DIEGO","CHULA VISTA",-116.98821001,32.632270030000001
8017972,2016,2016-04-25,3702,2016-03-10,1430,CV1079,,4,5,6,3702,0,0,0,,0,024,"EAST PALOMAR ST","OLEANDER AV",850.00,E,N,A,-,N,,,,,,,,,,N,3,0,1,2,A,-,10,21952,,N,G,B,D,A,H,-,A,D,0,Y,,,,Y,,A,01,0,1,0,0,1,0,0,0,0,"- ","- ",,,"SAN DIEGO","CHULA VISTA",-117.03097067,32.615023720000003
8017976,2016,2016-04-22,3702,2016-03-02,1600,CV1122,,3,5,6,3702,0,0,0,,0,021,BROADWAY,"NAPLES ST",29.00,S,N,A,-,N,,,,,,,,,,N,4,0,1,3,A,-,12,21453,A,N,C,B,B,A,H,-,A,A,0,Y,,,,Y,,A,01,0,0,1,0,1,0,0,0,0,"- ","- ",,,"SAN DIEGO","CHULA VISTA",-117.08140193,32.610154199999997
8017984,2016,2016-04-25,3702,2016-03-05,1200,CV1080,,6,5,6,3702,0,0,0,,0,013,"L ST",BROADWAY,166.00,W,N,A,-,N,,,,,,,,,,N,3,0,1,2,A,-,11,21954,A,N,G,B,D,A,H,-,A,A,0,Y,,,,Y,,N,60,0,1,0,0,1,0,0,0,0,"- ","- ",,,"SAN DIEGO","CHULA VISTA",-117.08458976999999,32.617016399999997
8017988,2016,2016-04-25,3702,2016-03-18,2215,CV1032,,5,5,6,3702,0,0,0,,0,023,"EAST ORANGE AV","MELROSE AV",340.00,W,N,A,-,N,,,,,,,,,,N,3,0,1,2,A,-,09,21804,A,N,D,G,A,A,H,-,C,D,0,,Y,,,Y,,L,04,0,1,0,0,0,0,1,0,0,"- ","- ",,,"SAN DIEGO","CHULA VISTA",-117.0398895,32.604209849999997
8018270,2016,2016-04-27,3710,2016-04-05,0725,OC0891,,2,5,6,3710,0,0,0,,0,030,LEWIS,"THUNDER DR",0.00,,Y,A,-,N,,,,,,,,,,N,4,0,1,2,A,-,11,21954,A,F,G,B,D,A,H,-,A,A,0,Y,,,,Y,,N,60,0,0,1,0,1,0,0,0,0,"- ","- ",,,"SAN DIEGO",OCEANSIDE,-117.28814,33.195750080000003
8018394,2016,2016-04-26,3710,2016-03-23,2140,OC1398,,3,5,6,3710,0,0,0,,0,030,"LOS ARBOLITOS",FREDRICKS,0.00,,Y,A,-,N,,,,,,,,,,N,4,0,2,3,A,-,03,22350,,N,G,B,B,A,H,-,B,A,0,Y,,,,Y,,A,01,0,0,2,0,1,0,0,0,0,"- ","- ",,,"SAN DIEGO",OCEANSIDE,-117.33529009999999,33.228080110000001
8020413,2016,2016-04-13,3711,2016-03-19,1134,6252,,6,5,7,3711,0,0,0,,0,122,"HORNBLEND ST","MISSION BL",5.00,W,N,A,-,N,,,,,,,,,,N,2,0,1,3,A,-,12,22450,A,N,D,G,A,A,A,-,A,A,0,,Y,,,Y,Y,L,04,1,0,0,0,0,0,1,0,0,"- ","- ",,,"SAN DIEGO","SAN DIEGO",-117.25523567,32.795656460000004
8020417,2016,2016-04-13,3711,2016-03-25,0910,4759,SD,5,5,7,3711,0,0,0,,0,122,"BAYARD ST","GARNET AV",29.00,N,N,B,-,N,,,,,,,,,,N,4,0,1,2,A,-,10,21950,A,N,G,B,B,A,H,-,A,A,0,Y,,,,Y,,-,,0,0,1,0,1,0,0,0,0,"- ","- ",,,"SAN DIEGO","SAN DIEGO",-117.2537023,32.797047190000001
8020429,2016,2016-04-13,3711,2016-03-22,1144,4965,SD,2,5,7,3711,0,0,0,,0,615,"NIMITZ BL","LOCUST ST",0.00,E,N,A,-,N,,,,,,,,,,N,3,0,1,2,A,-,03,22350,,N,C,G,A,A,H,-,A,D,0,,Y,,,Y,,L,04,0,1,0,0,0,0,1,0,0,"- ","- ",,,"SAN DIEGO","SAN DIEGO",-117.22685002,32.729150019999999
8020469,2016,2016-04-13,3711,2016-03-29,1947,6037,,2,5,7,3711,0,0,0,,0,446,"47TH ST","LOGAN AV",9.00,N,N,B,-,N,,,,,,,,,,N,3,0,1,2,A,-,11,21456,B,N,G,B,B,A,H,-,C,A,0,Y,,,,Y,,N,60,0,1,0,0,1,0,0,0,0,"- ","- ",,,"SAN DIEGO","SAN DIEGO",-117.09374946,32.69681465
8020561,2016,2016-08-24,3708,2016-03-10,1234,LM1225,,4,5,5,3708,0,0,0,,0,001,"EL CAJON BL","BALTIMORE DR",380.00,W,N,A,-,N,,,,,,,,,,N,3,0,1,2,A,-,11,21950,B,N,G,B,E,A,H,-,A,D,0,Y,,,,Y,,N,60,0,1,0,0,1,0,0,0,0,"- ","- ",,,"SAN DIEGO","LA MESA",-117.0262409,32.76949475
8020770,2016,2016-04-14,3709,2016-03-28,2227,492,3709,1,5,5,3709,0,0,0,,0,020,"A AV","7TH ST",7.11,S,N,A,-,N,,,,,,,,,,N,4,0,1,2,A,-,10,21950,A,N,G,B,-,A,H,-,C,D,0,Y,,,,Y,,A,01,0,0,1,0,1,0,0,0,0,"- ","- ",,,"SAN DIEGO","NATIONAL CITY",-117.10621243,32.676951610000003
8020882,2016,2016-08-24,3711,2016-03-16,0632,5485,,3,5,7,3711,0,0,0,,0,903,"PALM AV","HAWAII AV",0.00,E,N,A,-,N,,,,,,,,,,N,4,0,1,2,B,-,22,,,N,-,B,B,A,H,-,B,A,0,Y,,,,Y,,N,60,0,0,1,0,1,0,0,0,0,"- ","- ",,,"SAN DIEGO","SAN DIEGO",-117.06636004000001,32.583750090000002
8020920,2016,2016-04-15,3711,2016-03-29,0509,7386,,2,5,7,3711,0,0,0,,0,524,"10TH AV","B ST",0.00,N,N,A,-,N,,,,,,,,,,N,3,0,1,2,A,-,03,22350,A,N,G,B,B,A,H,-,C,A,0,Y,,,,Y,,A,01,0,1,0,0,1,0,0,0,0,"- ","- ",,,"SAN DIEGO","SAN DIEGO",-117.15562011999999,32.717820029999999
8020921,2016,2016-04-21,3711,2016-03-29,1101,7372,,2,5,7,3711,0,0,0,,0,242,"CAMINO RUIZ","JADE COAST DR",456.00,S,N,A,-,N,,,,,,,,,,Y,2,0,2,3,A,-,03,22350,,N,G,B,F,A,H,-,A,-,0,Y,,,,Y,,-,,1,1,0,0,1,0,0,0,0,"- ","- ",,,"SAN DIEGO","SAN DIEGO",-117.14364854,32.900713209999999
8020922,2016,2016-08-24,3711,2016-03-25,2038,7212,,5,5,7,3711,0,0,0,,0,518,"BEECH ST","FERN ST",15.00,W,N,A,-,N,,,,,,,,,,N,4,0,2,3,A,-,12,22450,A,N,G,B,B,A,H,-,C,D,0,Y,,,,Y,,-,,0,0,2,0,2,0,0,0,0,"- ","- ",,,"SAN DIEGO","SAN DIEGO",-117.1293886,32.72130945
8020925,2016,2016-04-15,3711,2016-03-16,2037,6513,,3,5,7,3711,0,0,0,,0,233,"CARMEL MOUNTAIN RD","VIA SAN MARCO",0.00,,Y,A,-,N,,,,,,,,,,N,2,0,1,2,A,-,11,21950,B,N,G,B,B,A,H,-,C,D,0,Y,,,,Y,,N,60,1,0,0,0,1,0,0,0,0,"- ","- ",,,"SAN DIEGO","SAN DIEGO",-117.09688013,32.968710020000003
8021335,2016,2017-02-18,3703,2016-04-02,0816,1118,,6,5,3,3703,0,0,0,,0,003,"RT 75","8TH ST",0.00,,Y,A,-,Y,SD,11,75,-,-,19.160,I,5,N,N,4,0,1,2,A,-,11,21950,B,N,G,B,B,A,H,-,A,A,0,Y,,,,Y,,A,01,0,0,1,0,1,0,0,0,0,"- ","- ",,,"SAN DIEGO",CORONADO,-117.17811471,32.688729410000001
8021356,2016,2016-04-19,3703,2016-04-02,1705,1185,,6,5,3,3703,0,0,0,,0,002,"8TH ST","D AV",0.00,,N,A,-,N,,,,,,,,,,N,4,0,1,2,A,-,09,21804,,N,D,G,A,A,H,-,A,D,0,,Y,,,Y,,L,04,0,0,1,0,0,0,1,0,0,"- ","- ",,,"SAN DIEGO",CORONADO,-117.17937010999999,32.689250090000002
8021357,2016,2016-04-19,3703,2016-04-01,1802,1310,,5,5,3,3703,0,0,0,,0,001,"2ND ST","ORANGE AV",0.00,,Y,A,-,N,,,,,,,,,,N,3,0,1,2,A,-,09,21800,A,N,D,G,A,A,H,-,A,A,0,,Y,,,Y,,L,04,0,1,0,0,0,0,1,0,0,"- ","- ",,,"SAN DIEGO",CORONADO,-117.17325009,32.697360119999999
8021510,2016,2016-04-14,3706,2016-03-31,1748,393,ESPD,4,5,6,3706,0,0,0,,0,042,"MISSION AV","HICKORY ST",110.00,E,N,A,-,N,,,,,,,,,,N,3,0,1,2,D,-,00,,,N,B,G,A,A,H,-,A,D,0,,Y,,,Y,,-,"- ",0,1,0,0,0,0,1,0,0,"- ","- ",,,"SAN DIEGO",ESCONDIDO,-117.07947331,33.132162610000002
8022041,2016,2016-04-18,3711,2016-03-30,1805,7048,,3,5,7,3711,0,0,0,,0,124,"TORREY PINES RD",ARDATH,1056.00,N,N,A,-,N,,,,,,,,,,N,3,0,1,2,A,-,"- ",,,N,D,G,A,A,H,-,A,D,0,,Y,,,Y,,-,,0,1,0,0,0,0,1,0,0,"- ","- ",,,"SAN DIEGO","SAN DIEGO",-117.24721404,32.85154352
8022240,2016,2016-04-20,3711,2016-04-05,0840,6742,,2,5,7,3711,0,0,0,,0,813,"PARK BL","UNIVERSITY AV",0.00,,Y,A,-,N,,,,,,,,,,N,3,0,1,2,A,-,11,21456,B,N,G,B,B,A,H,-,A,A,0,Y,,,,Y,,N,60,0,1,0,0,1,0,0,0,0,"- ","- ",,,"SAN DIEGO","SAN DIEGO",-117.14641001,32.74845002
8022344,2016,2016-04-20,3711,2016-02-12,2043,5600,,5,5,7,3711,0,0,0,,0,841,"COLLEGE AV","STREAMVIEW DR",0.00,,Y,A,-,N,,,,,,,,,,N,2,0,1,2,A,-,12,21453,A,F,G,B,B,A,H,-,C,A,0,Y,,,,Y,,-,99,1,0,0,0,1,0,0,0,0,"- ","- ",,,"SAN DIEGO","SAN DIEGO",-117.05877009,32.745510070000002
8022655,2016,2016-04-20,3706,2016-03-24,2035,318,ESCON,4,5,6,3706,0,0,0,,0,045,"QUINCE ST","WASHINGTON AV",2.00,N,N,A,-,N,,,,,,,,,,Y,2,0,1,2,A,-,12,21453,A,N,D,G,A,A,H,-,C,A,0,,Y,,,Y,Y,L,04,1,0,0,0,0,0,1,0,0,"- ","- ",,,"SAN DIEGO",ESCONDIDO,-117.09196221000001,33.12444515
8022730,2016,2017-02-18,3706,2016-04-06,1546,322,ESCON,3,5,6,3706,0,0,0,,0,045,"HALE AV","RT 15",0.00,,Y,B,-,Y,SD,11,15,-,S,30.854,R,1,N,N,4,0,1,2,A,-,05,21650,,N,D,G,A,A,H,-,A,A,0,,Y,,,Y,,L,04,0,0,1,0,0,0,1,0,0,"- ","- ",,,"SAN DIEGO",ESCONDIDO,-117.10017080999999,33.117573270000001
8022842,2016,2016-08-26,3702,2016-02-13,2109,CV1081,,6,5,6,3702,0,0,0,,0,011,"E ST","RT 5",200.00,E,N,A,-,N,,,,,,,,,,N,2,0,1,2,A,-,11,21954,A,N,G,B,D,A,H,-,C,D,0,Y,,,Y,Y,,N,60,1,0,0,0,1,0,0,0,0,"- ",SF,,,"SAN DIEGO","CHULA VISTA",-117.09947396,32.639648010000002
8023043,2016,2016-04-22,3702,2016-02-28,2000,CV1151,,7,5,6,3702,0,0,0,,0,021,"PALOMAR ST","ORANGE AV",0.00,,Y,A,-,N,,,,,,,,,,N,3,0,1,2,A,-,10,21950,A,M,B,B,D,A,H,-,C,A,0,Y,,,,Y,,A,07,0,1,0,0,1,0,0,0,0,"- ","- ",,,"SAN DIEGO","CHULA VISTA",-117.07767006,32.603640110000001
8023050,2016,2016-04-27,3702,2016-02-07,1743,CV0617,,7,5,6,3702,0,0,0,,0,021,BROADWAY,"NAPLES ST",70.00,N,N,A,-,N,,,,,,,,,,N,3,0,1,3,A,-,11,21954,A,N,G,B,D,A,H,-,A,D,0,Y,,,,Y,Y,N,60,0,1,0,0,1,0,0,0,0,"- ","- ",,,"SAN DIEGO","CHULA VISTA",-117.08150093,32.610412099999998
8023066,2016,2016-04-22,3702,2016-02-18,1400,CV0968,,4,5,6,3702,0,0,0,,0,011,"MCINTOSH ST","DATE AV",150.00,W,N,A,-,N,,,,,,,,,,N,4,0,1,2,A,-,11,21954,A,N,G,B,E,A,H,-,A,A,0,Y,,,,Y,,N,60,0,0,1,0,1,0,0,0,0,"- ","- ",,,"SAN DIEGO","CHULA VISTA",-117.0926003,32.647318990000002