CASE_ID,ACCIDENT_YEAR,PROC_DATE,JURIS,COLLISION_DATE,COLLISION_TIME,OFFICER_ID,REPORTING_DISTRICT,DAY_OF_WEEK,CHP_SHIFT,POPULATION,CNTY_CITY_LOC,SPECIAL_COND,BEAT_TYPE,CHP_BEAT_TYPE,CITY_DIVISION_LAPD,CHP_BEAT_CLASS,BEAT_NUMBER,PRIMARY_RD,SECONDARY_RD,DISTANCE,DIRECTION,INTERSECTION,WEATHER_1,WEATHER_2,STATE_HWY_IND,CALTRANS_COUNTY,CALTRANS_DISTRICT,STATE_ROUTE,ROUTE_SUFFIX,POSTMILE_PREFIX,POSTMILE,LOCATION_TYPE,RAMP_INTERSECTION,SIDE_OF_HWY,TOW_AWAY,COLLISION_SEVERITY,NUMBER_KILLED,NUMBER_INJURED,PARTY_COUNT,PRIMARY_COLL_FACTOR,PCF_CODE_OF_VIOL,PCF_VIOL_CATEGORY,PCF_VIOLATION,PCF_VIOL_SUBSECTION,HIT_AND_RUN,TYPE_OF_COLLISION,MVIW,PED_ACTION,ROAD_SURFACE,ROAD_COND_1,ROAD_COND_2,LIGHTING,CONTROL_DEVICE,CHP_ROAD_TYPE,PEDESTRIAN_ACCIDENT,BICYCLE_ACCIDENT,MOTORCYCLE_ACCIDENT,TRUCK_ACCIDENT,NOT_PRIVATE_PROPERTY,ALCOHOL_INVOLVED,STWD_VEHTYPE_AT_FAULT,CHP_VEHTYPE_AT_FAULT,COUNT_SEVERE_INJ,COUNT_VISIBLE_INJ,COUNT_COMPLAINT_PAIN,COUNT_PED_KILLED,COUNT_PED_INJURED,COUNT_BICYCLIST_KILLED,COUNT_BICYCLIST_INJURED,COUNT_MC_KILLED,COUNT_MC_INJURED,PRIMARY_RAMP,SECONDARY_RAMP,LATITUDE,LONGITUDE,COUNTY,CITY,POINT_X,POINT_Y
8096628,2016,2016-08-11,3711,2016-07-27,1935,6501,MC,3,5,7,3711,0,0,0,,0,813,"UNIVERSITY AV","BANCROFT ST",0.00,,-,A,-,N,,,,,,,,,,,3,0,1,2,A,-,08,22107,,N,B,G,A,A,H,-,B,D,0,,Y,,,Y,,-,,0,1,0,0,0,0,1,0,0,"- ","- ",,,"SAN DIEGO","SAN DIEGO",-117.12394008,32.74850009
8096629,2016,2016-09-27,3711,2016-07-26,2107,6996,,2,5,7,3711,0,0,0,,0,438,"SEA BREEZE DR","LAUDER ST",180.00,N,N,A,-,N,,,,,,,,,,Y,3,0,1,3,A,-,03,22350,,M,B,B,E,A,H,-,D,D,0,Y,,,,Y,,-,,0,1,0,0,1,0,0,0,0,"- ","- ",,,"SAN DIEGO","SAN DIEGO",-117.06215294,32.677398119999999
8096658,2016,2016-08-11,3711,2016-08-02,1447,5762,,2,5,7,3711,0,0,0,,0,326,"54TH ST","CHAPARRAL WY",145.00,W,N,A,-,N,,,,,,,,,,N,3,0,1,2,A,-,03,22350,,N,C,G,A,A,H,-,A,D,0,,Y,,,Y,,L,04,0,1,0,0,0,0,1,0,0,"- ","- ",,,"SAN DIEGO","SAN DIEGO",-117.07992525,32.767439619999998
8096669,2016,2016-08-11,3711,2016-07-20,1955,6242,,3,5,7,3711,0,0,0,,0,834,"VAN DYKE AV","UNIVERSITY AV",115.00,N,N,A,-,N,,,,,,,,,,N,3,0,1,2,A,-,03,22350,,M,A,G,A,A,H,-,C,A,0,,Y,,,Y,,-,,0,1,0,0,0,0,1,0,0,"- ","- ",,,"SAN DIEGO","SAN DIEGO",-117.10320179999999,32.749974999999999
8096691,2016,2016-08-11,3706,2016-08-02,1554,393,ESPD,2,5,6,3706,0,0,0,,0,041,"GAMBLE ST","EL NORTE PKWY",6.00,N,N,A,-,N,,,,,,,,,,N,3,0,2,2,A,-,05,21650,1,N,D,G,A,A,H,-,A,A,0,,Y,,,Y,,L,04,0,2,0,0,0,0,1,0,0,"- ","- ",33.141370000000002,-117.08441000000001,"SAN DIEGO",ESCONDIDO,-117.08438626,33.141285570000001
8096697,2016,2016-08-11,3711,2016-08-02,1734,6811,,2,5,7,3711,0,0,0,,0,824,"EL CAJON BL","DAYTON ST",0.00,,Y,A,-,N,,,,,,,,,,N,3,0,1,2,A,-,00,21760,C,M,B,G,A,A,H,-,A,A,0,,Y,,,Y,,-,,0,1,0,0,0,0,1,0,0,"- ","- ",,,"SAN DIEGO","SAN DIEGO",-117.07742008,32.758120099999999
8096870,2016,2016-08-12,3710,2016-06-02,1950,OC1382,,4,5,6,3710,0,0,0,,0,006,"N MYERS",PIERVIEW,0.00,,Y,A,-,N,,,,,,,,,,N,4,0,1,2,A,-,10,21950,A,F,G,B,B,A,H,-,C,D,0,Y,,,,Y,,A,01,0,0,1,0,1,0,0,0,0,"- ","- ",,,"SAN DIEGO",OCEANSIDE,-117.38296004999999,33.195090030000003
8097062,2016,2016-08-12,3709,2016-07-24,2158,491,,7,5,5,3709,0,0,0,,0,023,"SWEETWATER RD","PASEO DE PAZ",0.00,,Y,A,-,N,,,,,,,,,,Y,2,0,1,2,A,-,10,21950,A,N,G,B,D,-,H,-,C,D,0,Y,,,,Y,,A,01,1,0,0,0,1,0,0,0,0,"- ","- ",,,"SAN DIEGO","NATIONAL CITY",-117.06004005,32.65846011
8097205,2016,2016-08-15,3711,2016-08-02,1551,5955,,2,5,7,3711,0,0,0,,0,512,"SAMPSON ST","IRVING AV",148.00,S,N,A,-,N,,,,,,,,,,N,3,0,1,2,A,-,11,21950,B,N,G,B,D,A,H,-,A,D,0,Y,,,,Y,,N,60,0,1,0,0,1,0,0,0,0,"- ","- ",,,"SAN DIEGO","SAN DIEGO",-117.13724512,32.700147260000001
8097229,2016,2016-08-15,3711,2016-08-03,1730,7345,,3,5,7,3711,0,0,0,,0,114,"CLAIREMONT MESA BL","CLAIREMONT MESA BL 3766",0.00,,Y,A,-,N,,,,,,,,,,N,3,0,1,2,A,-,21,22106,,F,G,B,-,A,H,-,A,D,0,Y,,,,Y,,-,,0,1,0,0,1,0,0,0,0,"- ","- ",,,"SAN DIEGO","SAN DIEGO",-117.20656157000001,32.827715189999999
8097245,2016,2016-08-15,3711,2016-08-03,0140,6382,,3,5,7,3711,0,0,0,,0,622,"PACIFIC RIDGE DRWY","LINDA VISTA RD",246.00,S,N,A,-,N,,,,,,,,,,N,4,0,1,2,A,-,11,21950,B,N,G,B,D,A,H,-,C,A,0,Y,,,,Y,,N,60,0,0,1,0,1,0,0,0,0,"- ","- ",,,"SAN DIEGO","SAN DIEGO",-117.18556737999999,32.770728679999998
8097486,2016,2016-08-16,3711,2016-07-22,2147,6366,,5,5,7,3711,0,0,0,,0,511,"MAIN ST","CESAR E CHAVEZ PKWY",358.00,W,N,A,-,N,,,,,,,,,,N,3,0,1,2,A,-,03,22350,,N,B,G,A,A,H,-,C,D,0,,Y,,,Y,,L,04,0,1,0,0,0,0,1,0,0,"- ","- ",,,"SAN DIEGO","SAN DIEGO",-117.14750285,32.699635989999997
8097587,2016,2016-08-15,3711,2016-07-27,1748,6402,,3,5,7,3711,0,0,0,,0,523,"MARKET ST","4TH AV",3.00,E,N,A,-,N,,,,,,,,,,N,4,0,1,2,D,-,00,,,N,G,B,B,A,H,-,A,A,0,Y,,,,Y,,-,"- ",0,0,1,0,1,0,0,0,0,"- ","- ",,,"SAN DIEGO","SAN DIEGO",-117.16105029000001,32.711470319999997
8097591,2016,2016-08-17,3711,2016-07-22,0316,6513,,5,5,7,3711,0,0,0,,0,231,"POWAY RD","SPRINGHURST DR",452.00,E,N,A,-,N,,,,,,,,,,N,2,0,1,2,A,-,"- ",,A,N,G,B,E,A,H,-,C,D,0,Y,,,,Y,,N,60,1,0,0,0,1,0,0,0,0,"- ","- ",,,"SAN DIEGO","SAN DIEGO",-117.07710256999999,32.947666550000001
8097601,2016,2016-08-16,3708,2016-07-31,2154,LM1250,,7,5,5,3708,0,0,0,,0,001,"POMONA AV","WEST POINT AV",21.00,S,N,A,-,N,,,,,,,,,,N,2,0,1,1,A,-,01,21200,5,N,E,G,A,A,C,-,C,D,0,,Y,,,Y,Y,L,04,1,0,0,0,0,0,1,0,0,"- ","- ",,,"SAN DIEGO","LA MESA",-117.03826791,32.759682869999999
8098334,2016,2016-08-05,3702,2016-06-23,0841,CV0815,,4,5,6,3702,0,0,0,,0,012,"G ST","WOODLAWN AV",90.00,W,N,A,-,N,,,,,,,,,,N,4,0,1,2,A,-,21,22106,,N,D,G,A,A,H,-,A,A,0,,Y,,,Y,,A,01,0,0,1,0,0,0,1,0,0,"- ","- ",,,"SAN DIEGO","CHULA VISTA",-117.09552764,32.633096010000003
8098350,2016,2016-08-05,3702,2016-06-21,0115,CV1158,,2,5,6,3702,0,0,0,,0,024,"3RD AV","ZENITH ST",54.00,S,N,A,-,N,,,,,,,,,,N,2,0,1,2,A,-,01,23152,A,N,G,B,C,A,H,-,C,D,0,Y,,,,Y,Y,A,07,1,0,0,0,1,0,0,0,0,"- ","- ",,,"SAN DIEGO","CHULA VISTA",-117.0645129,32.595652110000003
8098414,2016,2016-08-05,3702,2016-06-07,2115,CV1171,,2,5,6,3702,0,0,0,,0,024,"MAIN ST",HILLTOP,360.00,E,N,A,-,N,,,,,,,,,,N,4,0,1,2,A,-,11,21954,A,N,G,B,D,A,H,-,D,D,0,Y,,,,Y,,N,60,0,0,1,0,1,0,0,0,0,"- ","- ",,,"SAN DIEGO","CHULA VISTA",-117.05037532,32.594720000000002
8098422,2016,2016-08-05,3702,2016-06-01,1608,CV1094,,3,5,6,3702,0,0,0,,0,012,BROADWAY,"H ST",0.00,,Y,A,-,N,,,,,,,,,,N,2,0,1,2,A,-,05,21202,A,N,B,G,A,A,H,-,A,A,0,,Y,,,Y,,L,04,1,0,0,0,0,0,1,0,0,"- ","- ",,,"SAN DIEGO","CHULA VISTA",-117.08946007999999,32.630960109999997
8098466,2016,2016-08-05,3702,2016-06-16,1700,CV1106,,4,5,6,3702,0,0,0,,0,024,"MAIN ST","DATE ST",0.00,,Y,A,-,N,,,,,,,,,,N,3,0,1,2,A,-,08,22107,,F,B,G,A,A,H,-,A,D,0,,Y,,,Y,,A,01,0,1,0,0,0,0,1,0,0,"- ","- ",,,"SAN DIEGO","CHULA VISTA",-117.04820005000001,32.594690020000002
8098951,2016,2016-08-12,3700,2016-06-26,0900,SH2397,,7,5,5,3713,0,0,0,,0,306,"NORTH SANTA FE AV","E EAST DR",0.00,,Y,A,-,N,,,,,,,,,,N,4,0,1,2,A,-,10,21950,A,N,G,B,B,A,H,-,A,A,0,Y,,,,Y,,D,22,0,0,1,0,1,0,0,0,0,"- ","- ",,,"SAN DIEGO",VISTA,-117.24482007,33.214020099999999
8099405,2016,2016-08-09,3700,2016-07-23,0900,SH2439,,6,5,5,3713,0,0,0,,0,311,"CIVIC CENTER DR","VISTA VILLAGE DR",9.00,S,N,A,-,N,,,,,,,,,,N,4,0,1,2,A,-,10,21950,A,N,G,B,B,A,H,-,A,A,0,Y,,,,Y,,A,01,0,0,1,0,1,0,0,0,0,"- ","- ",,,"SAN DIEGO",VISTA,-117.23712441000001,33.205305789999997
8099437,2016,2016-08-09,3700,2016-07-15,1825,SH3183,,5,5,5,3713,0,0,0,,0,313,"SOUTH MELROSE DR","CANNON RD",814.00,N,N,A,-,N,,,,,,,,,,N,3,0,1,2,A,-,01,21200,5,N,A,G,A,A,H,-,A,D,0,,Y,,,Y,,L,04,0,1,0,0,0,0,1,0,0,"- ","- ",,,"SAN DIEGO",VISTA,-117.25328982000001,33.173744820000003
8099729,2016,2017-01-24,3703,2016-07-29,1439,1247,,5,5,3,3703,0,0,0,,0,001,"ALAMEDA BL","4TH ST",0.00,,Y,A,-,Y,SD,11,282,-,-,0.690,I,5,W,N,3,0,1,2,A,-,09,21804,,N,D,G,A,A,H,-,A,A,0,,Y,,,Y,,A,08,0,1,0,0,0,0,1,0,0,"- ","- ",,,"SAN DIEGO",CORONADO,-117.18375705,32.698240679999998
8099843,2016,2016-08-11,3700,2016-06-29,1342,SH0029,,3,5,5,3713,0,0,0,,0,317,"LA MIRADA DR","SYCAMORE AV",4.00,E,N,A,-,N,,,,,,,,,,N,3,0,1,2,A,-,11,21456,B,N,G,B,B,A,H,-,A,A,0,Y,,,,Y,,N,60,0,1,0,0,1,0,0,0,0,"- ","- ",,,"SAN DIEGO",VISTA,-117.2261077,33.151646380000003
8100088,2016,2017-01-21,3703,2016-08-04,1921,1233,,4,5,3,3703,0,0,0,,0,001,"B AV","3RD ST",6.00,N,N,A,-,Y,SD,11,75,-,R,19.850,I,5,S,N,3,0,1,2,A,-,10,21950,A,N,H,G,A,A,H,-,B,A,0,,Y,,,Y,,A,01,0,1,0,0,0,0,1,0,0,"- ","- ",,,"SAN DIEGO",CORONADO,-117.17170861,32.694955659999998
8100265,2016,2016-08-15,3703,2016-08-05,1703,1289,,5,5,3,3703,0,0,0,,0,002,"8TH ST","F AV",0.00,,Y,A,-,N,,,,,,,,,,N,3,0,1,2,A,-,12,22450,A,N,D,G,A,A,H,-,A,A,0,,Y,,,Y,,L,04,0,1,0,0,0,0,1,0,0,"- ","- ",,,"SAN DIEGO",CORONADO,-117.18160003,32.690180009999999
8100314,2016,2016-08-15,3706,2016-08-02,0537,374,ESCON,2,5,6,3706,0,0,0,,0,046,"VALLEY CENTER RD","LAKE WOHLFORD RD",868.00,N,N,A,-,N,,,,,,,,,,N,2,0,1,2,A,-,11,21956,,N,G,B,E,A,H,-,D,D,0,Y,,,,Y,,N,60,1,0,0,0,1,0,0,0,0,"- ","- ",33.160420000000002,-117.03041,"SAN DIEGO",ESCONDIDO,-117.02981681,33.16275418
8100460,2016,2016-08-15,3706,2016-07-30,2137,487,ESCON,6,5,6,3706,0,0,0,,0,044,"VALLEY PKWY","MIDWAY DR",695.00,W,N,A,-,N,,,,,,,,,,N,3,0,1,2,A,-,08,22107,,N,C,G,A,-,H,-,C,D,0,,Y,,,Y,Y,L,04,0,1,0,0,0,0,1,0,0,"- ","- ",33.137560000000001,-117.05184,"SAN DIEGO",ESCONDIDO,-117.05379416,33.13659518
8100864,2016,2016-08-16,3700,2016-06-05,0119,SH2573,,7,5,5,3782,0,0,0,,0,241,"CHESTERFIELD DR","CHESTERFIELD DR 126",0.00,,Y,A,-,N,,,,,,,,,,N,4,0,2,3,A,-,21,22106,,F,G,B,E,A,H,-,C,A,0,Y,,,,Y,Y,D,23,0,0,2,0,1,0,0,0,0,"- ","- ",,,"SAN DIEGO",ENCINITAS,-117.280993,33.019787999999998
8100872,2016,2016-08-16,3700,2016-06-18,1846,SH2573,,6,5,3,3783,0,0,0,,0,273,"S HWY 101","VIA DE LA VALLE",8.00,N,N,A,-,N,,,,,,,,,,Y,2,0,2,3,A,-,01,23153,A,F,G,G,A,A,H,-,A,A,0,,Y,,,Y,Y,A,01,2,0,0,0,0,0,2,0,0,"- ","- ",,,"SAN DIEGO","SOLANA BEACH",-117.26901343,32.980261730000002
8100943,2016,2016-08-16,3701,2016-07-30,1630,5482,3701,6,5,5,3701,0,0,0,,0,002,"HARDING ST","OAK AV",0.00,,Y,A,-,N,,,,,,,,,,N,3,0,1,2,A,-,12,22450,A,N,D,G,A,A,H,-,A,A,0,,Y,,,Y,Y,L,04,0,1,0,0,0,0,1,0,0,"- ","- ",33.161090000000002,-117.34336,"SAN DIEGO",CARLSBAD,-117.34369012000001,33.160850099999998
8100951,2016,2016-08-16,3701,2016-07-27,2006,5457,3701,3,5,5,3701,0,0,0,,0,002,"CARLSBAD BL","CARLSBAD BL 3971",15.00,E,N,A,-,N,,,,,,,,,,N,3,0,1,2,A,-,11,21954,A,N,B,B,D,A,H,-,B,D,0,Y,,,,Y,,N,60,0,1,0,0,1,0,0,0,0,"- ","- ",,,"SAN DIEGO",CARLSBAD,,
8100959,2016,2016-08-16,3701,2016-07-30,0927,5438,27,6,5,5,3701,0,0,0,,0,004,"WOODSTOCK ST","CAPE COD CIR",0.00,,Y,A,-,N,,,,,,,,,,N,3,0,1,2,A,-,09,21803,A,N,D,G,A,A,H,-,A,D,0,,Y,,,Y,,L,04,0,1,0,0,0,0,1,0,0,"- ","- ",33.164270000000002,-117.29714,"SAN DIEGO",CARLSBAD,-117.29714002999999,33.164160099999997
8101378,2016,2016-08-18,3711,2016-07-29,1358,7248,,5,5,7,3711,0,0,0,,0,611,"ROSECRANS ST","N EVERGREEN",10.00,S,N,A,-,N,,,,,,,,,,N,3,0,1,2,A,-,11,21456,B,N,G,G,A,A,H,-,A,A,0,,Y,,,Y,,L,04,0,1,0,0,0,0,1,0,0,"- ","- ",,,"SAN DIEGO","SAN DIEGO",-117.20937665,32.747164400000003
8101441,2016,2016-09-07,3711,2016-08-09,0545,7468,,2,5,7,3711,0,0,0,,0,512,"OCEAN VIEW BL","31ST ST",0.00,,Y,B,-,N,,,,,,,,,,,4,0,1,2,A,-,10,21950,A,M,G,B,B,A,H,-,B,D,0,Y,,,,Y,,-,99,0,0,1,0,1,0,0,0,0,"- ","- ",,,"SAN DIEGO","SAN DIEGO",-117.12734011000001,32.701190009999998
8101485,2016,2016-08-17,3711,2016-08-07,0114,7119,,7,5,7,3711,0,0,0,,0,517,"BROADWAY AV","25TH ST",3.00,S,N,A,-,N,,,,,,,,,,N,4,0,1,2,A,-,11,21456,B,N,G,B,B,A,H,-,C,A,0,Y,,,,Y,,N,60,0,0,1,0,1,0,0,0,0,"- ","- ",,,"SAN DIEGO","SAN DIEGO",-117.14028,32.715820000000001
8101513,2016,2016-08-17,3711,2016-08-04,1050,5747,,4,5,7,3711,0,0,0,,0,615,"SCOTT ST","CANON ST",1.00,N,N,A,-,N,,,,,,,,,,N,4,0,1,2,A,-,10,21950,A,N,A,B,B,A,H,-,A,D,0,Y,,,,Y,,-,,0,0,1,0,1,0,0,0,0,"- ","- ",,,"SAN DIEGO","SAN DIEGO",-117.23081817000001,32.720892259999999
8101517,2016,2016-09-02,3711,2016-08-09,1427,5985,,2,5,7,3711,0,0,0,,0,838,"EL CAJON BL","36TH ST",0.00,,Y,A,-,N,,,,,,,,,,N,4,0,1,2,A,-,05,21650,1,N,H,G,A,A,H,-,A,A,0,,Y,,,Y,,L,04,0,0,1,0,0,0,1,0,0,"- ","- ",,,"SAN DIEGO","SAN DIEGO",-117.11578006000001,32.755290010000003
8101528,2016,2016-08-18,3711,2016-08-07,0959,5133,,7,5,7,3711,0,0,0,,0,451,"54TH ST","REDWOOD ST",68.00,S,N,A,-,N,,,,,,,,,,N,3,0,1,1,A,-,03,22350,,N,H,G,A,A,H,-,A,D,0,,Y,,,Y,,L,04,0,1,0,0,0,0,1,0,0,"- ","- ",,,"SAN DIEGO","SAN DIEGO",-117.07982155000001,32.737493749999999
8101539,2016,2016-08-18,3711,2016-08-07,0159,6366,,7,5,7,3711,0,0,0,,0,122,"GRAND AV","GRAND AV 1400",0.00,,N,A,-,N,,,,,,,,,,N,3,0,1,2,A,-,11,21950,B,M,G,B,D,A,H,-,C,D,0,Y,,,,Y,Y,N,60,0,1,0,0,1,0,0,0,0,"- ","- ",,,"SAN DIEGO","SAN DIEGO",-117.24397033,32.79712112
8101547,2016,2016-08-18,3711,2016-08-04,0512,6857,,4,5,7,3711,0,0,0,,0,831,"POLK AV","HIGHLAND AV",15.00,W,N,A,-,N,,,,,,,,,,N,4,0,1,2,A,-,00,21050,A,N,G,B,D,A,H,-,B,D,0,Y,,,,Y,,-,99,0,0,1,0,1,0,0,0,0,"- ","- ",,,"SAN DIEGO","SAN DIEGO",-117.09875862,32.751400449999998
8102508,2016,2016-08-18,3705,2016-08-03,1503,EC0292,,3,5,5,3705,0,0,0,,0,007,"TERRA LN","E MADISON AV",669.00,N,N,A,-,N,,,,,,,,,,Y,4,0,1,3,A,-,01,23152,A,F,G,B,E,A,H,-,A,D,0,Y,,,,Y,Y,A,01,0,0,1,0,1,0,0,0,0,"- ","- ",,,"SAN DIEGO","EL CAJON",-116.91993094999999,32.80202105
8102670,2016,2016-08-18,3710,2016-07-22,2351,OC1408,,5,5,6,3710,0,0,0,,0,006,"N TREMONT ST","PIER VIEW WY",0.00,,Y,A,-,N,,,,,,,,,,N,4,0,1,2,A,-,10,21950,A,F,D,B,B,A,H,-,C,D,0,Y,,,,Y,,-,,0,0,1,0,1,0,0,0,0,"- ","- ",,,"SAN DIEGO",OCEANSIDE,-117.38102009000001,33.196250059999997
8103022,2016,2016-08-19,3706,2016-08-04,0615,464,EPD,4,5,6,3706,0,0,0,,0,044,"VALLEY PKWY","ASH ST",0.00,,Y,A,-,N,,,,,,,,,,N,4,0,1,2,A,-,10,21950,A,F,G,B,B,A,H,-,A,A,0,Y,,,,Y,,A,01,0,0,1,0,1,0,0,0,0,"- ","- ",33.130450000000003,-117.06713999999999,"SAN DIEGO",ESCONDIDO,-117.0670501,33.13047005
8103049,2016,2016-08-19,3706,2016-08-09,1910,322,EPD,2,5,6,3706,0,0,0,,0,044,"WASHINGTON AV","HARDING ST",0.00,,Y,A,-,N,,,,,,,,,,N,4,0,1,2,A,-,09,21800,A,N,H,G,A,A,H,-,A,A,0,,Y,,,Y,,A,01,0,0,1,0,0,0,1,0,0,"- ","- ",33.13447,-117.06568,"SAN DIEGO",ESCONDIDO,-117.06569011000001,33.134430010000003
8103053,2016,2016-08-19,3706,2016-08-13,1905,493,EPD,6,5,6,3706,0,0,0,,0,042,"ESCONDIDO BL","MISSION AV",209.00,S,N,A,-,N,,,,,,,,,,N,4,0,1,2,A,-,05,21650,1,N,H,G,A,A,H,-,A,D,0,,Y,,,Y,,L,04,0,0,1,0,0,0,1,0,0,"- ","- ",33.129170000000002,-117.08928,"SAN DIEGO",ESCONDIDO,-117.08914181999999,33.128550689999997
8103395,2016,2016-09-28,3702,2016-08-20,1620,CV1098,,6,5,6,3702,0,0,0,,0,012,"H ST","H ST 500 BLOCK",4.00,W,N,A,-,N,,,,,,,,,,N,4,0,1,2,A,-,10,21952,,N,G,B,B,A,H,-,A,D,0,Y,,,,Y,,A,01,0,0,1,0,1,0,0,0,0,"- ","- ",,,"SAN DIEGO","CHULA VISTA",,
8103403,2016,2016-09-28,3702,2016-08-23,0725,CV0984,,2,5,6,3702,0,0,0,,0,041,"SANTA ALICIA AV","GOLD RUN RD",0.00,,Y,A,-,N,,,,,,,,,,N,3,0,1,2,A,-,09,21801,A,N,H,G,A,A,H,-,A,D,0,,Y,,,Y,,A,01,0,1,0,0,0,0,1,0,0,"- ","- ",,,"SAN DIEGO","CHULA VISTA",-116.99181006000001,32.624630019999998
8103802,2016,2016-09-29,3702,2016-08-18,1325,CV1060,,4,5,6,3702,0,0,0,,0,013,"J ST","COLORADO AV",0.00,,Y,A,-,N,,,,,,,,,,N,4,0,1,2,A,-,05,21650,1,N,D,G,A,A,H,-,A,A,0,,Y,,,Y,,L,04,0,0,1,0,0,0,1,0,0,"- ","- ",,,"SAN DIEGO","CHULA VISTA",-117.09202001,32.622620040000001
8104331,2016,2016-08-23,3700,2016-08-10,1230,SH2439,,3,5,5,3713,0,0,0,,0,317,"BUSINESS PARK DR","PARK CENTER DR",20.00,N,N,A,-,N,,,,,,,,,,N,3,0,1,2,A,-,08,22100,A,N,D,G,A,A,H,-,A,A,0,,Y,,Y,Y,,F,25,0,1,0,0,0,0,1,0,0,"- ","- ",,,"SAN DIEGO",VISTA,-117.23234347,33.143352999999998
8104592,2016,2016-09-27,3705,2016-07-11,2049,EC0308,,1,5,5,3705,0,0,0,,0,009,4TH,"GRANITE HILLS DR",63.00,N,N,A,-,N,,,,,,,,,,N,4,0,2,3,A,-,11,21954,A,N,G,B,D,A,H,-,D,D,0,Y,,,,Y,,N,60,0,0,2,0,2,0,0,0,0,"- ","- ",,,"SAN DIEGO","EL CAJON",-116.9181,32.796542529999996
8104619,2016,2016-08-23,3710,2016-07-30,0830,OC1018,,6,5,6,3710,0,0,0,,0,009,"SOUTH COAST HWY",EATON,0.00,,Y,A,-,N,,,,,,,,,,N,3,0,1,2,A,-,09,21801,A,F,D,G,A,A,H,-,A,A,0,,Y,,,Y,,-,99,0,1,0,0,0,0,1,0,0,"- ","- ",,,"SAN DIEGO",OCEANSIDE,-117.35829007,33.170580029999996
8104684,2016,2016-10-11,3711,2016-08-11,1004,5887,SANDI,4,5,7,3711,0,0,0,,0,712,"CALLE PRIMERA","CALLE PRIMERA 130",10.00,S,N,A,-,N,,,,,,,,,,N,3,0,1,2,A,I,"- ",,,N,G,B,E,A,H,-,A,D,0,Y,,,,Y,,N,60,0,1,0,0,1,0,0,0,0,"- ","- ",,,"SAN DIEGO","SAN DIEGO",,
8104688,2016,2016-08-26,3711,2016-08-11,2155,6203,,4,5,7,3711,0,0,0,,0,833,"DWIGHT ST","FAIRMOUNT AV",0.00,,Y,A,-,N,,,,,,,,,,N,4,0,1,2,A,-,12,21453,A,M,G,B,B,A,H,-,C,A,0,Y,,,,Y,,-,,0,0,1,0,1,0,0,0,0,"- ","- ",,,"SAN DIEGO","SAN DIEGO",-117.10098004,32.74401005
8104720,2016,2016-09-21,3711,2016-08-13,1500,7417,,6,5,7,3711,0,0,0,,0,451,"54TH FRONTAGE ST","STREAMVIEW DR",140.00,S,N,A,-,N,,,,,,,,,,N,3,0,1,2,A,-,00,83,B,N,G,B,E,A,H,-,A,D,0,Y,,,,Y,,N,60,0,1,0,0,1,0,0,0,0,"- ","- ",,,"SAN DIEGO","SAN DIEGO",-117.07931757,32.742658460000001
8104727,2016,2016-08-29,3711,2016-08-13,1515,5046,,6,5,7,3711,0,0,0,,0,231,"SABRE SPRINGS PKWY","SABRE SPRINGS PKWY 13538",0.00,,N,A,-,N,,,,,,,,,,N,3,0,1,2,C,-,18,,,N,H,B,-,A,H,-,A,D,0,Y,,,,Y,,-,"- ",0,1,0,0,1,0,0,0,0,"- ","- ",,,"SAN DIEGO","SAN DIEGO",-117.09134281,32.962934509999997
8104869,2016,2016-08-24,3700,2016-07-15,1700,SH0013,,5,5,4,3780,0,0,0,,0,410,"POWAY RD","COMMUNITY RD",826.00,W,N,A,-,N,,,,,,,,,,N,4,0,1,2,A,-,09,21804,B,N,D,G,A,A,H,-,A,D,0,,Y,,,Y,,L,04,0,0,1,0,0,0,1,0,0,"- ","- ",,,"SAN DIEGO",POWAY,-117.04349323,32.956411359999997
8105136,2016,2016-08-29,3700,2016-07-27,0702,SH7709,,3,5,4,3780,0,0,0,,0,416,"STOWE DR","KIRKHAM RD",436.00,E,N,A,-,N,,,,,,,,,,N,4,0,1,2,A,-,00,21760,,N,B,G,A,A,H,-,A,D,0,,Y,,Y,Y,,F,26,0,0,1,0,0,0,1,0,0,"- ","- ",,,"SAN DIEGO",POWAY,-117.05037217,32.942412779999998
8105140,2016,2016-09-27,3700,2016-07-13,0825,SH5620,,3,5,4,3780,0,0,0,,0,411,"POWAY RD","COMMUNITY RD",560.00,E,N,A,-,N,,,,,,,,,,N,4,0,1,2,A,-,08,22107,,N,D,G,A,A,H,-,A,D,0,,Y,,,Y,,D,22,0,0,1,0,0,0,1,0,0,"- ","- ",,,"SAN DIEGO",POWAY,-117.03899134,32.956343920000002
8105383,2016,2016-08-24,3711,2016-08-15,1825,6925,,1,5,7,3711,0,0,0,,0,312,"GURNARD ST","SANTO RD",7.00,W,N,A,-,N,,,,,,,,,,N,4,0,1,2,A,-,10,21950,A,N,G,B,D,A,H,-,A,D,0,Y,,,,Y,,-,"- ",0,0,1,0,1,0,0,0,0,"- ","- ",,,"SAN DIEGO","SAN DIEGO",-117.10524270000001,32.80785032
8105384,2016,2016-08-26,3711,2016-08-16,2017,6529,"SAN D",2,5,7,3711,0,0,0,,0,447,"FEDERAL BL","48TH ST",3.00,W,N,A,-,N,,,,,,,,,,N,4,0,1,2,A,-,03,22350,,M,G,B,C,A,H,-,C,D,0,Y,,,,Y,,-,,0,0,1,0,1,0,0,0,0,"- ","- ",,,"SAN DIEGO","SAN DIEGO",-117.09202972,32.721260000000001