CASE_ID,ACCIDENT_YEAR,PROC_DATE,JURIS,COLLISION_DATE,COLLISION_TIME,OFFICER_ID,REPORTING_DISTRICT,DAY_OF_WEEK,CHP_SHIFT,POPULATION,CNTY_CITY_LOC,SPECIAL_COND,BEAT_TYPE,CHP_BEAT_TYPE,CITY_DIVISION_LAPD,CHP_BEAT_CLASS,BEAT_NUMBER,PRIMARY_RD,SECONDARY_RD,DISTANCE,DIRECTION,INTERSECTION,WEATHER_1,WEATHER_2,STATE_HWY_IND,CALTRANS_COUNTY,CALTRANS_DISTRICT,STATE_ROUTE,ROUTE_SUFFIX,POSTMILE_PREFIX,POSTMILE,LOCATION_TYPE,RAMP_INTERSECTION,SIDE_OF_HWY,TOW_AWAY,COLLISION_SEVERITY,NUMBER_KILLED,NUMBER_INJURED,PARTY_COUNT,PRIMARY_COLL_FACTOR,PCF_CODE_OF_VIOL,PCF_VIOL_CATEGORY,PCF_VIOLATION,PCF_VIOL_SUBSECTION,HIT_AND_RUN,TYPE_OF_COLLISION,MVIW,PED_ACTION,ROAD_SURFACE,ROAD_COND_1,ROAD_COND_2,LIGHTING,CONTROL_DEVICE,CHP_ROAD_TYPE,PEDESTRIAN_ACCIDENT,BICYCLE_ACCIDENT,MOTORCYCLE_ACCIDENT,TRUCK_ACCIDENT,NOT_PRIVATE_PROPERTY,ALCOHOL_INVOLVED,STWD_VEHTYPE_AT_FAULT,CHP_VEHTYPE_AT_FAULT,COUNT_SEVERE_INJ,COUNT_VISIBLE_INJ,COUNT_COMPLAINT_PAIN,COUNT_PED_KILLED,COUNT_PED_INJURED,COUNT_BICYCLIST_KILLED,COUNT_BICYCLIST_INJURED,COUNT_MC_KILLED,COUNT_MC_INJURED,PRIMARY_RAMP,SECONDARY_RAMP,LATITUDE,LONGITUDE,COUNTY,CITY,POINT_X,POINT_Y
8114574,2016,2016-09-12,3702,2016-08-10,1449,CV0410,,3,5,6,3702,0,0,0,,0,042,"WOLF CANYON LP","TAPSTRY ST",0.00,,Y,A,-,N,,,,,,,,,,N,3,0,1,2,A,-,05,21460,A,N,D,G,A,A,H,-,A,D,0,,Y,,,Y,,L,04,0,1,0,0,0,0,1,0,0,"- ","- ",,,"SAN DIEGO","CHULA VISTA",-116.97337002,32.612480099999999
8114578,2016,2016-09-12,3702,2016-08-01,0003,CV1111,,1,5,6,3702,0,0,0,,0,023,"TELEGRAPH CANYON RD","ELKS LN",10.00,E,N,A,-,N,,,,,,,,,,N,2,0,1,2,A,-,11,21453,D,N,G,B,D,A,H,-,C,A,0,Y,,,,Y,,N,60,1,0,0,0,1,0,0,0,0,"- ","- ",,,"SAN DIEGO","CHULA VISTA",-117.03434276999999,32.627375190000002
8114580,2016,2016-09-09,3702,2016-07-23,0840,CV1079,,6,5,6,3702,0,0,0,,0,021,"BAY BL","STELLA ST",18.00,N,N,A,-,N,,,,,,,,,,N,3,0,1,2,A,-,05,21650,1,N,D,G,A,A,H,-,A,D,0,,Y,,,Y,,L,04,0,1,0,0,0,0,1,0,0,"- ","- ",,,"SAN DIEGO","CHULA VISTA",-117.0924231,32.603688959999999
8114590,2016,2016-09-12,3702,2016-08-03,0754,CV0815,,3,5,6,3702,0,0,0,,0,014,"N GLOVER AV","C ST",27.00,N,N,A,-,N,,,,,,,,,,N,3,0,1,2,A,-,09,21802,A,N,D,G,A,A,H,-,A,A,0,,Y,,,Y,,A,01,0,1,0,0,0,0,1,0,0,"- ","- ",,,"SAN DIEGO","CHULA VISTA",-117.08609647,32.651213069999997
8114592,2016,2016-09-09,3702,2016-07-20,2205,CV1038,,3,5,6,3702,0,0,0,,0,021,BROADWAY,"OXFORD ST",24.00,N,N,A,-,N,,,,,,,,,,Y,2,0,1,2,A,-,01,23152,A,F,G,B,B,A,H,-,C,A,0,Y,,,,Y,Y,A,01,1,0,0,0,1,0,0,0,0,"- ","- ",,,"SAN DIEGO","CHULA VISTA",-117.08008409999999,32.60680249
8114594,2016,2016-09-12,3702,2016-08-01,0230,CV1160,,1,5,6,3702,0,0,0,,0,013,"BAY BL","J ST",0.00,,Y,A,-,N,,,,,,,,,,Y,3,0,1,2,A,-,12,22450,A,N,B,G,A,A,H,-,C,A,0,,Y,,,Y,Y,A,01,0,1,0,0,0,0,1,0,0,"- ","- ",,,"SAN DIEGO","CHULA VISTA",-117.09474003,32.621870020000003
8114645,2016,2016-09-13,3700,2016-07-15,0630,SH4791,,5,5,5,3782,0,0,0,,0,221,"SAN ELIJO  AV","SANTA FE DR",0.00,,Y,A,-,N,,,,,,,,,,Y,3,0,1,2,A,-,09,21800,C,N,D,G,A,A,H,-,B,D,0,,,,,Y,,D,22,0,1,0,0,0,0,0,0,0,"- ","- ",,,"SAN DIEGO",ENCINITAS,-117.29113005000001,33.036180039999998
8114672,2016,2016-09-12,3710,2016-08-17,0835,OC1274,,3,5,6,3710,0,0,0,,0,015,"MISSION AV",COPPERWOOD,213.00,W,N,A,-,N,,,,,,,,,,N,4,0,1,2,A,-,09,21804,A,N,D,G,A,A,H,-,A,A,0,,Y,,,Y,,L,04,0,0,1,0,0,0,1,0,0,"- ","- ",,,"SAN DIEGO",OCEANSIDE,-117.34171537,33.218018389999997
8115087,2016,2016-11-03,3711,2016-08-16,1733,7266,,2,5,7,3711,0,0,0,,0,624,"WASHINGTON ST","LINCOLN AV",100.00,W,N,A,-,N,,,,,,,,,,N,4,0,1,2,A,-,11,21954,A,N,G,B,D,A,H,-,A,A,0,Y,,,,Y,,N,60,0,0,1,0,1,0,0,0,0,"- ","- ",,,"SAN DIEGO","SAN DIEGO",-117.15074146000001,32.751640459999997
8115091,2016,2016-09-01,3711,2016-08-23,1746,6532,,2,5,7,3711,0,0,0,,0,615,"ROSECRANS ST",INGELOW,48.00,S,N,A,-,N,,,,,,,,,,N,4,0,1,2,A,-,11,21954,A,N,G,B,D,A,H,-,A,D,0,Y,,,,Y,,N,60,0,0,1,0,1,0,0,0,0,"- ","- ",,,"SAN DIEGO","SAN DIEGO",-117.22746832,32.72669174
8115435,2016,2016-09-02,3700,2016-08-17,1955,SH0021,,3,5,5,3713,0,0,0,,0,308,"WEST VISTA WY","NORTH EMERALD DR",0.00,,Y,A,-,N,,,,,,,,,,N,3,0,1,2,A,-,08,22107,,N,D,G,A,A,H,-,A,A,0,,Y,,,Y,Y,A,01,0,1,0,0,0,0,1,0,0,"- ","- ",,,"SAN DIEGO",VISTA,-117.27956005,33.189180049999997
8116907,2016,2016-09-07,3705,2016-08-25,1712,EC0295,,4,5,5,3705,0,0,0,,0,006,FESLER,"N MARSHALL",307.00,W,N,A,-,N,,,,,,,,,,N,3,0,1,2,A,-,11,21954,A,N,G,B,D,A,H,-,A,D,0,Y,,,,Y,,N,60,0,1,0,0,1,0,0,0,0,"- ","- ",,,"SAN DIEGO","EL CAJON",-116.97659562,32.808759999999999
8117044,2016,2016-09-08,3711,2016-08-26,1732,4243,,5,5,7,3711,0,0,0,,0,116,"CLAIREMONT DR","BURGENER BL",341.00,N,N,A,-,N,,,,,,,,,,N,4,0,1,2,A,-,09,21804,A,N,G,B,E,A,H,-,A,D,0,Y,,,,Y,,A,07,0,0,1,0,1,0,0,0,0,"- ","- ",,,"SAN DIEGO","SAN DIEGO",-117.19353389,32.795120279999999
8117047,2016,2016-11-08,3711,2016-08-21,1712,7238,,7,5,7,3711,0,0,0,,0,614,"CABLE ST","VOLTAIRE ST",21.00,S,N,A,-,N,,,,,,,,,,N,3,0,1,2,A,-,00,21958,A,N,G,B,B,A,H,-,A,D,0,Y,,,,Y,,A,01,0,1,0,0,1,0,0,0,0,"- ","- ",,,"SAN DIEGO","SAN DIEGO",-117.24491834,32.750912460000002
8117051,2016,2016-09-07,3711,2016-08-24,1833,7397,,3,5,7,3711,0,0,0,,0,627,"5TH AV","WALNUT AV",0.00,,Y,A,-,N,,,,,,,,,,N,3,0,1,2,A,-,09,21801,A,N,D,G,A,A,H,-,A,D,0,,Y,,,Y,,-,,0,1,0,0,0,0,1,0,0,"- ","- ",,,"SAN DIEGO","SAN DIEGO",-117.1603801,32.741480019999997
8117064,2016,2016-09-08,3711,2016-08-24,2248,8861,,3,5,7,3711,0,0,0,,0,627,"UNIVERSITY AV","CENTRE ST",15.00,E,N,A,-,N,,,,,,,,,,N,4,0,1,2,A,-,03,22350,,N,H,G,A,A,H,-,C,A,0,,Y,,,Y,,L,04,0,0,1,0,0,0,1,0,0,"- ","- ",,,"SAN DIEGO","SAN DIEGO",-117.14833138,32.74841
8117089,2016,2017-02-18,3711,2016-08-26,1658,7485,,5,5,7,3711,0,0,0,,0,931,"MIRA MESA BL","RT 805",50.00,W,N,A,-,Y,SD,11,805,-,-,27.215,R,3,S,N,2,0,1,2,A,-,08,22101,D,N,G,G,A,A,H,-,A,A,0,,Y,,,Y,,L,04,1,0,0,0,0,0,1,0,0,"- ","- ",,,"SAN DIEGO","SAN DIEGO",-117.20814492,32.891606780000004
8117095,2016,2016-09-08,3711,2016-08-25,1905,6621,SD,4,5,7,3711,0,0,0,,0,122,"GRAND AV","MISSION BL",350.00,E,N,A,-,N,,,,,,,,,,N,4,0,1,2,B,-,22,,,N,G,G,A,A,H,-,A,A,0,,Y,,,Y,,L,04,0,0,1,0,0,0,1,0,0,"- ","- ",,,"SAN DIEGO","SAN DIEGO",-117.2538237,32.794959149999997
8117165,2016,2016-09-08,3710,2016-08-25,1340,OC1063,,4,5,6,3710,0,0,0,,0,011,"OCEANSIDE BL","STATE TREE DR",435.00,E,N,A,-,N,,,,,,,,,,N,4,0,1,2,A,-,08,22107,,F,G,B,F,A,H,-,A,D,0,Y,,,,Y,,D,22,0,0,1,0,1,0,0,0,0,"- ","- ",,,"SAN DIEGO",OCEANSIDE,-117.35767693,33.192862589999997
8117713,2016,2016-09-08,3700,2016-08-04,0633,SH2505,,4,5,5,3712,0,0,0,,0,350,"WEST SAN MARCOS BL","TIGER WY",0.00,,Y,A,-,N,,,,,,,,,,N,3,0,1,2,A,-,05,21202,A,N,B,G,A,A,H,-,A,D,0,,Y,,,Y,,L,04,0,1,0,0,0,0,1,0,0,"- ","- ",,,"SAN DIEGO","SAN MARCOS",-117.16720011,33.140410080000002
8118101,2016,2016-09-09,3711,2016-08-29,1504,5515,,1,5,7,3711,0,0,0,,0,624,"MADISON AV","ALABAMA ST",6.00,W,N,A,-,N,,,,,,,,,,N,3,0,1,2,A,-,08,22107,,N,B,G,A,A,H,-,A,D,0,,Y,,,Y,,A,01,0,1,0,0,0,0,1,0,0,"- ","- ",,,"SAN DIEGO","SAN DIEGO",-117.14258945,32.76097
8118106,2016,2016-09-12,3711,2016-08-26,1753,8192,,5,5,7,3711,0,0,0,,0,811,"34TH ST","ADAMS AV",40.00,N,N,A,-,N,,,,,,,,,,N,3,0,1,2,A,-,08,22107,,N,D,G,A,A,H,-,A,D,0,,Y,,,Y,,L,04,0,1,0,0,0,0,1,0,0,"- ","- ",,,"SAN DIEGO","SAN DIEGO",-117.12065616,32.763479519999997
8118137,2016,2016-09-09,3711,2016-08-28,1758,6986,,7,5,7,3711,0,0,0,,0,233,"RANCHO PENASQUITOS BL","PASEO MONTRIL",350.00,E,N,A,-,N,,,,,,,,,,N,3,0,1,2,A,-,03,22350,,N,D,G,A,A,H,-,A,D,0,,Y,,,Y,,L,04,0,1,0,0,0,0,1,0,0,"- ","- ",,,"SAN DIEGO","SAN DIEGO",-117.10752001,32.950760039999999
8119251,2016,2016-09-14,3700,2016-07-13,2052,SH7236,,3,5,5,3782,0,0,0,,0,214,"N COAST HWY 101","A ST",180.00,N,N,A,-,N,,,,,,,,,,N,4,0,1,2,A,-,11,21956,A,N,G,B,E,A,H,-,D,D,0,Y,,,,Y,Y,N,60,0,0,1,0,1,0,0,0,0,"- ","- ",,,"SAN DIEGO",ENCINITAS,-117.29446064,33.050422580000003
8119263,2016,2016-09-14,3700,2016-07-23,1843,SH7236,,6,5,5,3782,0,0,0,,0,214,"LEUCADIA BL","HYGEIA AV",15.00,W,N,A,-,N,,,,,,,,,,Y,3,0,1,2,A,-,01,23152,B,N,G,B,B,A,H,-,A,A,0,Y,,,,Y,Y,A,01,0,1,0,0,1,0,0,0,0,"- ","- ",,,"SAN DIEGO",ENCINITAS,-117.29847866,33.064933240000002
8119271,2016,2016-09-14,3700,2016-07-09,1458,SH4791,,6,5,5,3782,0,0,0,,0,221,"S COAST HWY 101","S COAST HWY 101 1163",0.00,,N,A,-,N,,,,,,,,,,N,3,0,1,2,A,-,08,22107,,N,B,G,A,A,H,-,A,A,0,,Y,,,Y,,A,01,0,1,0,0,0,0,1,0,0,"- ","- ",,,"SAN DIEGO",ENCINITAS,-117.29241500000001,33.037000999999997
8119275,2016,2016-11-08,3700,2016-07-08,2032,SH7236,,5,5,5,3782,0,0,0,,0,241,"SAN ELIJO  AV","VERDI AV",401.00,N,N,A,-,N,,,,,,,,,,N,4,0,1,2,A,-,11,21956,A,N,G,B,E,A,H,-,D,D,0,Y,,,,Y,,N,60,0,0,1,0,1,0,0,0,0,"- ","- ",,,"SAN DIEGO",ENCINITAS,-117.28750504999999,33.02879489
8119358,2016,2016-09-15,3702,2016-08-02,1530,CV1052,,2,5,6,3702,0,0,0,,0,014,"I ST","HILLTOP DR",0.00,,Y,A,-,N,,,,,,,,,,N,4,0,1,2,A,-,10,21950,A,N,G,B,B,A,H,-,A,A,0,Y,,,,Y,,D,22,0,0,1,0,1,0,0,0,0,"- ","- ",,,"SAN DIEGO","CHULA VISTA",-117.06363008,32.63435011
8119488,2016,2016-09-13,3708,2016-08-04,1040,LM1217,,4,5,5,3708,0,0,0,,0,001,"UNIVERSITY AV","LA MESA BL",337.00,W,N,A,-,N,,,,,,,,,,N,3,0,1,2,A,-,05,21651,A,N,D,G,A,A,H,-,A,A,0,,Y,,,Y,,L,04,0,1,0,0,0,0,1,0,0,"- ","- ",,,"SAN DIEGO","LA MESA",-117.02722794,32.764273590000002
8119703,2016,2016-10-18,3702,2016-07-22,1907,CV0979,,5,5,6,3702,0,0,0,,0,014,"BONITA RD","00 BLOCK BONITA RD",9.00,N,N,A,-,N,,,,,,,,,,N,3,0,2,3,A,-,08,22107,,N,G,B,B,A,H,-,A,A,0,Y,,,,Y,,A,01,0,2,0,0,2,0,0,0,0,"- ","- ",,,"SAN DIEGO","CHULA VISTA",,
8119717,2016,2016-09-13,3702,2016-08-16,0630,CV1088,,2,5,6,3702,0,0,0,,0,042,"WOLF CANYON LP","WOLFSDORF WY",36.00,E,N,A,-,N,,,,,,,,,,N,3,0,1,2,A,-,10,21950,A,N,G,B,B,A,H,-,A,D,0,Y,,,,Y,,A,01,0,1,0,0,1,0,0,0,0,"- ","- ",,,"SAN DIEGO","CHULA VISTA",-116.97742848999999,32.615148529999999
8119742,2016,2016-09-13,3702,2016-08-18,1219,CV0604,,4,5,6,3702,0,0,0,,0,022,"4TH AV","NAPLES ST",90.00,N,N,A,-,N,,,,,,,,,,N,2,0,1,2,A,-,07,21658,A,N,D,G,A,A,H,-,A,A,0,,Y,,,Y,,L,04,1,0,0,0,0,0,1,0,0,"- ","- ",,,"SAN DIEGO","CHULA VISTA",-117.07326471,32.612743119999998
8119750,2016,2016-09-13,3709,2016-08-23,1450,CV1171,,2,5,5,3709,0,0,0,,0,200,"EAST 30TH ST","M AV",3.00,E,N,A,-,N,,,,,,,,,,N,2,0,1,2,A,-,12,22450,A,F,G,B,B,A,H,-,A,A,0,Y,,,,Y,,-,99,1,0,0,0,1,0,0,0,0,"- ","- ",,,"SAN DIEGO","NATIONAL CITY",-117.08622081999999,32.6605627
8120221,2016,2016-09-13,3703,2016-08-26,1410,1137,,5,5,3,3703,0,0,0,,0,002,"8TH ST","D AV",0.00,,Y,A,-,N,,,,,,,,,,N,3,0,1,2,A,-,09,21802,A,N,D,G,A,A,H,-,A,D,0,,Y,,,Y,,L,04,0,1,0,0,0,0,1,0,0,"- ","- ",,,"SAN DIEGO",CORONADO,-117.17937010999999,32.689250090000002
8120301,2016,2016-09-23,3701,2016-09-02,0251,5458,71,5,5,5,3701,0,0,0,,0,006,"AVENIDA ENCINAS","RAINTREE DR",228.00,N,N,A,-,N,,,,,,,,,,N,2,0,1,2,A,-,11,21966,,F,G,B,E,A,H,-,C,D,0,Y,,,Y,Y,,N,60,1,0,0,0,1,0,0,0,0,"- ","- ",,,"SAN DIEGO",CARLSBAD,-117.31379249,33.105058530000001
8121160,2016,2016-09-23,3710,2016-09-01,0707,OC1211,,4,5,6,3710,0,0,0,,0,032,"RANCHO DEL ORO DR","VIA RANCHO RD",216.00,S,N,B,-,N,,,,,,,,,,N,3,0,1,2,B,-,22,,,N,D,G,A,A,H,-,A,A,0,,Y,,,Y,,L,04,0,1,0,0,0,0,1,0,0,"- ","- ",,,"SAN DIEGO",OCEANSIDE,-117.31917003,33.219188529999997
8122125,2016,2016-09-15,3711,2016-08-29,2212,6146,,1,5,7,3711,0,0,0,,0,521,"11TH AV","MARKET ST",9.00,N,N,A,-,N,,,,,,,,,,Y,3,0,1,2,A,-,09,21804,A,N,D,G,A,A,H,-,C,A,0,,Y,,,Y,,L,04,0,1,0,0,0,0,1,0,0,"- ","- ",,,"SAN DIEGO","SAN DIEGO",-117.15466047,32.71154465
8122149,2016,2016-11-14,3711,2016-08-24,2117,7066,,3,5,7,3711,0,0,0,,0,432,"EUCLID AV","IMPERIAL AV",0.00,,Y,A,-,N,,,,,,,,,,N,3,0,1,2,A,-,11,21456,B,M,G,B,B,A,H,-,C,A,0,Y,,,,Y,,N,60,0,1,0,0,1,0,0,0,0,"- ","- ",,,"SAN DIEGO","SAN DIEGO",-117.08500002,32.704510059999997
8122151,2016,2016-09-15,3711,2016-08-31,1840,6698,,3,5,7,3711,0,0,0,,0,841,"ALAMO DR","UNIVERSITY AV",18.00,S,N,A,-,N,,,,,,,,,,N,4,0,1,2,A,-,11,21950,B,N,G,B,D,A,H,-,A,A,0,Y,,,,Y,,N,60,0,0,1,0,1,0,0,0,0,"- ","- ",,,"SAN DIEGO","SAN DIEGO",-117.05396,32.755330000000001
8122161,2016,2016-09-14,3711,2016-09-02,0655,5983,,5,5,7,3711,0,0,0,,0,326,"MONTEZUMA RD","COLLWOOD BL",386.00,W,N,B,-,N,,,,,,,,,,N,3,0,1,3,A,-,17,22517,,N,D,G,A,A,H,-,A,D,0,,Y,,,Y,,A,01,0,1,0,0,0,0,1,0,0,"- ","- ",,,"SAN DIEGO","SAN DIEGO",-117.08719533999999,32.769733420000001
8122187,2016,2016-09-19,3711,2016-09-03,1315,5813,UNIVE,6,5,7,3711,0,0,0,,0,115,"GOVERNOR DR","GENESEE AV",0.00,,Y,A,-,N,,,,,,,,,,N,4,0,1,2,D,-,00,,,M,G,B,B,A,H,-,A,A,0,Y,,,,Y,,-,"- ",0,0,1,0,1,0,0,0,0,"- ","- ",,,"SAN DIEGO","SAN DIEGO",-117.20468,32.854610059999999
8122191,2016,2016-09-14,3711,2016-09-02,0130,7341,,5,5,7,3711,0,0,0,,0,122,"MISSION BAY DR","DAMON AV",0.00,,Y,A,-,N,,,,,,,,,,N,4,0,1,2,A,-,12,21453,A,M,G,B,B,A,H,-,C,A,0,Y,,,,Y,Y,-,,0,0,1,0,1,0,0,0,0,"- ","- ",,,"SAN DIEGO","SAN DIEGO",-117.21939007,32.807550040000002
8122211,2016,2016-09-19,3711,2016-09-04,0402,7485,,7,5,7,3711,0,0,0,,0,321,"REFLECTION DR","AMBROSIA DR",0.00,,Y,B,-,N,,,,,,,,,,N,4,0,1,2,D,-,00,,,M,G,B,B,A,H,-,C,D,0,Y,,,,Y,Y,-,"- ",0,0,1,0,1,0,0,0,0,"- ","- ",,,"SAN DIEGO","SAN DIEGO",-117.10930001,32.791760070000002
8122296,2016,2016-09-14,3711,2016-09-03,0229,7428,SDPD,6,5,7,3711,0,0,0,,0,122,"GRAND AV","INGRAHAM ST",0.00,,Y,A,-,N,,,,,,,,,,N,2,0,1,2,A,-,11,21953,,N,G,B,B,A,H,-,C,A,0,Y,,Y,,Y,Y,N,60,1,0,0,0,1,0,0,0,0,"- ","- ",,,"SAN DIEGO","SAN DIEGO",-117.24028,32.797930030000003
8122326,2016,2017-01-21,3711,2016-08-31,1737,6999,SD,3,5,7,3711,0,0,0,,0,936,"CAMINO DEL SUR","RT 56",0.00,,Y,A,-,Y,SD,11,56,-,-,5.892,R,4,E,N,3,0,1,2,A,-,10,21950,A,N,-,G,A,A,H,-,A,-,0,,Y,,,Y,,-,,0,1,0,0,0,0,1,0,0,"- ","- ",,,"SAN DIEGO","SAN DIEGO",-117.15604227999999,32.960526880000003
8122345,2016,2016-09-15,3711,2016-08-31,0640,6040,SDPD,3,5,7,3711,0,0,0,,0,814,"ADAMS AV",CHEROKEE,8.00,E,N,A,-,N,,,,,,,,,,N,3,0,1,2,A,-,10,21950,A,N,B,B,B,A,H,-,A,A,0,Y,,,,Y,,-,,0,1,0,0,1,0,0,0,0,"- ","- ",,,"SAN DIEGO","SAN DIEGO",-117.11409412,32.763318560000002
8122349,2016,2016-09-15,3711,2016-08-31,2151,6389,,3,5,7,3711,0,0,0,,0,529,"HAWTHORN ST","HAWTHORN ST  100",8.00,N,N,A,-,N,,,,,,,,,,N,3,0,1,2,A,-,10,21950,A,N,G,B,B,A,G,-,C,-,0,Y,,,,Y,,-,,0,1,0,0,1,0,0,0,0,"- ","- ",,,"SAN DIEGO","SAN DIEGO",,
8122353,2016,2016-09-15,3711,2016-08-27,1106,7301,,6,5,7,3711,0,0,0,,0,614,"NIMITZ BL","WEST POINT LOMA",250.00,N,N,A,-,N,,,,,,,,,,N,4,0,1,2,A,-,04,21703,,N,C,G,A,A,H,-,A,D,0,,Y,,,Y,,L,04,0,0,1,0,0,0,1,0,0,"- ","- ",,,"SAN DIEGO","SAN DIEGO",-117.23641451,32.751878099999999
8123002,2016,2016-09-19,3711,2016-08-26,2130,7443,,5,5,7,3711,0,0,0,,0,523,"ISLAND AV","5TH AV",0.00,,Y,A,-,N,,,,,,,,,,N,4,0,1,2,A,-,11,21954,A,N,G,B,D,A,H,-,C,A,0,Y,,,,Y,,N,60,0,0,1,0,1,0,0,0,0,"- ","- ",,,"SAN DIEGO","SAN DIEGO",-117.16011011000001,32.710430049999999
8123061,2016,2016-09-16,3710,2016-07-24,2325,OC1355,,7,5,6,3710,0,0,0,,0,031,"LAKE BL","WAVERLY RD",275.00,W,N,A,-,N,,,,,,,,,,Y,2,0,1,2,A,-,11,21956,,N,G,B,D,A,H,-,C,D,0,Y,,,,Y,,N,60,1,0,0,0,1,0,0,0,0,"- ","- ",,,"SAN DIEGO",OCEANSIDE,-117.26748483999999,33.175489949999999
8123464,2016,2016-09-19,3711,2016-09-01,0014,5600,,4,5,7,3711,0,0,0,,0,327,"MONTEZUMA RD","CAMPUS DR",74.00,E,N,A,-,N,,,,,,,,,,Y,3,0,1,2,A,-,11,21950,B,N,G,B,E,A,H,-,C,A,0,Y,,,,Y,,N,60,0,1,0,0,1,0,0,0,0,"- ","- ",,,"SAN DIEGO","SAN DIEGO",-117.06700015,32.770714529999999
8123781,2016,2016-09-19,3703,2016-08-23,0720,1270,,2,5,3,3703,0,0,0,,0,002,"D AV","8TH ST",0.00,,Y,A,-,N,,,,,,,,,,N,3,0,1,2,A,-,12,22450,A,N,B,G,A,A,H,-,A,A,0,,Y,,,Y,Y,L,04,0,1,0,0,0,0,1,0,0,"- ","- ",,,"SAN DIEGO",CORONADO,-117.17937010999999,32.689250090000002
8124908,2016,2016-09-21,3711,2016-09-12,1650,7491,,1,5,7,3711,0,0,0,,0,525,"STATE ST",BROADWAY,108.00,S,N,A,-,N,,,,,,,,,,N,3,0,1,2,A,-,08,22107,,N,B,G,A,A,H,-,A,A,0,,Y,,,Y,,L,04,0,1,0,0,0,0,1,0,0,"- ","- ",,,"SAN DIEGO","SAN DIEGO",-117.16649825,32.715464150000003
8124928,2016,2016-09-21,3711,2016-09-13,1436,6532,,2,5,7,3711,0,0,0,,0,611,"SPORTS ARENA BL","ROSECRANS ST",1320.00,E,N,A,-,N,,,,,,,,,,N,3,0,1,2,A,-,00,20002,,M,G,B,E,A,H,-,A,D,0,Y,,,,Y,,-,,0,1,0,0,1,0,0,0,0,"- ","- ",,,"SAN DIEGO","SAN DIEGO",-117.20493999999999,32.751530000000002
8124977,2016,2016-09-21,3711,2016-09-07,1615,5972,,3,5,7,3711,0,0,0,,0,713,"OCEAN VIEW HILLS PKWY","OTAY MESA RD",0.00,,Y,A,-,N,,,,,,,,,,N,3,0,1,2,A,-,12,21453,A,N,G,G,A,A,H,-,A,A,0,,Y,,,Y,,L,04,0,1,0,0,0,0,1,0,0,"- ","- ",,,"SAN DIEGO","SAN DIEGO",-117.01430013,32.568520069999998
8124981,2016,2016-09-21,3711,2016-09-09,2240,4576,,5,5,7,3711,0,0,0,,0,313,"SHAWLINE ST","CLAIREMONT MESA BL",128.00,N,N,A,-,N,,,,,,,,,,N,4,0,1,2,A,-,09,21804,A,M,D,G,A,A,H,-,C,D,0,,Y,,,Y,Y,-,99,0,0,1,0,0,0,1,0,0,"- ","- ",,,"SAN DIEGO","SAN DIEGO",-117.16383521,32.833000609999999
8125001,2016,2016-09-21,3711,2016-09-01,1514,5985,,4,5,7,3711,0,0,0,,0,445,"HILLTOP DR","46TH ST",141.00,W,N,A,-,N,,,,,,,,,,N,2,0,1,2,A,-,11,21954,A,N,G,B,D,A,H,-,A,D,0,Y,,,,Y,,N,60,1,0,0,0,1,0,0,0,0,"- ","- ",,,"SAN DIEGO","SAN DIEGO",-117.09615685,32.715062160000002
8125018,2016,2017-02-06,3711,2016-09-11,1824,7413,MIDCI,7,5,7,3711,0,0,0,,0,837,"BEECH ST","HOME AV",100.00,W,N,A,-,N,,,,,,,,,,N,4,0,1,3,A,-,11,21950,B,N,G,B,E,A,H,-,A,D,0,Y,,Y,,Y,,N,60,0,0,1,0,1,0,0,0,0,"- ","- ",,,"SAN DIEGO","SAN DIEGO",-117.11005172,32.720770260000002
8125026,2016,2016-09-21,3711,2016-09-08,0844,7158,SANDI,4,5,7,3711,0,0,0,,0,442,"36TH ST","NATIONAL AV",0.00,,Y,B,-,N,,,,,,,,,,N,3,0,1,2,A,-,10,21950,A,N,G,B,B,A,H,-,A,A,0,Y,,,,Y,,-,,0,1,0,0,1,0,0,0,0,"- ","- ",,,"SAN DIEGO","SAN DIEGO",-117.1167501,32.696010110000003
8125030,2016,2016-09-21,3711,2016-09-08,1425,7417,,4,5,7,3711,0,0,0,,0,443,"ETA ST","S 40TH ST",25.00,E,N,A,-,N,,,,,,,,,,N,4,0,3,4,A,-,21,22106,,M,A,B,E,A,H,-,A,D,0,Y,,,,Y,Y,-,,0,0,3,0,3,0,0,0,0,"- ","- ",,,"SAN DIEGO","SAN DIEGO",-117.10793903,32.686640769999997
8125038,2016,2016-09-21,3711,2016-09-09,2320,7478,,5,5,7,3711,0,0,0,,0,614,"CABLE ST","SARATOGA  AV",0.00,,Y,A,-,N,,,,,,,,,,N,3,0,2,3,A,-,11,21950,B,N,G,B,B,A,H,-,C,D,0,Y,,,,Y,Y,-,,0,1,1,0,2,0,0,0,0,"- ","- ",,,"SAN DIEGO","SAN DIEGO",-117.24787009000001,32.747490120000002
8125484,2016,2016-10-03,3703,2016-09-12,1440,1247,,1,5,3,3703,0,0,0,,0,001,"6TH ST","A AV",0.00,,Y,A,-,N,,,,,,,,,,N,2,0,1,2,A,-,09,21802,A,N,D,G,A,A,H,-,A,A,0,,Y,,,Y,,L,04,1,0,0,0,0,0,1,0,0,"- ","- ",,,"SAN DIEGO",CORONADO,-117.17308011999999,32.690170070000001
8125564,2016,2016-10-03,3706,2016-09-11,2100,492,ESCON,7,5,6,3706,0,0,0,,0,045,"AUTOPARK WY","CITRACADO PKWY",0.00,,Y,A,-,N,,,,,,,,,,N,3,0,1,2,A,-,08,22101,D,N,H,G,A,A,H,-,C,A,0,,Y,,,Y,,L,04,0,1,0,0,0,0,1,0,0,"- ","- ",,,"SAN DIEGO",ESCONDIDO,-117.12268007,33.130450009999997