CASE_ID,ACCIDENT_YEAR,PROC_DATE,JURIS,COLLISION_DATE,COLLISION_TIME,OFFICER_ID,REPORTING_DISTRICT,DAY_OF_WEEK,CHP_SHIFT,POPULATION,CNTY_CITY_LOC,SPECIAL_COND,BEAT_TYPE,CHP_BEAT_TYPE,CITY_DIVISION_LAPD,CHP_BEAT_CLASS,BEAT_NUMBER,PRIMARY_RD,SECONDARY_RD,DISTANCE,DIRECTION,INTERSECTION,WEATHER_1,WEATHER_2,STATE_HWY_IND,CALTRANS_COUNTY,CALTRANS_DISTRICT,STATE_ROUTE,ROUTE_SUFFIX,POSTMILE_PREFIX,POSTMILE,LOCATION_TYPE,RAMP_INTERSECTION,SIDE_OF_HWY,TOW_AWAY,COLLISION_SEVERITY,NUMBER_KILLED,NUMBER_INJURED,PARTY_COUNT,PRIMARY_COLL_FACTOR,PCF_CODE_OF_VIOL,PCF_VIOL_CATEGORY,PCF_VIOLATION,PCF_VIOL_SUBSECTION,HIT_AND_RUN,TYPE_OF_COLLISION,MVIW,PED_ACTION,ROAD_SURFACE,ROAD_COND_1,ROAD_COND_2,LIGHTING,CONTROL_DEVICE,CHP_ROAD_TYPE,PEDESTRIAN_ACCIDENT,BICYCLE_ACCIDENT,MOTORCYCLE_ACCIDENT,TRUCK_ACCIDENT,NOT_PRIVATE_PROPERTY,ALCOHOL_INVOLVED,STWD_VEHTYPE_AT_FAULT,CHP_VEHTYPE_AT_FAULT,COUNT_SEVERE_INJ,COUNT_VISIBLE_INJ,COUNT_COMPLAINT_PAIN,COUNT_PED_KILLED,COUNT_PED_INJURED,COUNT_BICYCLIST_KILLED,COUNT_BICYCLIST_INJURED,COUNT_MC_KILLED,COUNT_MC_INJURED,PRIMARY_RAMP,SECONDARY_RAMP,LATITUDE,LONGITUDE,COUNTY,CITY,POINT_X,POINT_Y
8125572,2016,2016-10-03,3706,2016-09-24,0640,412,ESCON,6,5,6,3706,0,0,0,,0,052,"13TH AV","ESCONDIDO BL",0.00,,Y,A,-,N,,,,,,,,,,N,3,0,1,2,A,-,11,21456,B,F,G,B,B,A,H,-,A,A,0,Y,,,,Y,,N,60,0,1,0,0,1,0,0,0,0,"- ","- ",33.109540000000003,-117.0765,"SAN DIEGO",ESCONDIDO,-117.07655,33.109510090000001
8125584,2016,2016-10-03,3706,2016-09-20,1513,490,ESCON,2,5,6,3706,0,0,0,,0,,"BEETHOVEN DR","BEAR VALLEY PKWY",1443.00,W,N,C,-,N,,,,,,,,,,N,3,0,1,2,A,-,11,21954,A,N,G,B,D,B,H,-,A,D,0,Y,,,,Y,,N,60,0,1,0,0,1,0,0,0,0,"- ","- ",33.068959999999997,-117.06112,"SAN DIEGO",ESCONDIDO,-117.06426285000001,33.0720144
8126529,2016,2017-02-18,3711,2016-09-03,0009,8861,,6,5,7,3711,0,0,0,,0,613,"SPORTS ARENA BL","RT 8",330.00,S,N,A,-,Y,SD,11,8,-,L,1.234,R,4,E,N,3,0,1,2,A,-,08,22107,,N,H,G,A,A,H,-,C,D,0,,Y,,,Y,,L,04,0,1,0,0,0,0,1,0,0,"- ",WF,,,"SAN DIEGO","SAN DIEGO",-117.22324123999999,32.756900379999998
8126533,2016,2017-01-19,3711,2016-09-02,0619,7347,SD,5,5,7,3711,0,0,0,,0,512,"OCEAN VIEW BL","33RD ST",4.00,W,N,B,-,N,,,,,,,,,,N,4,0,1,2,A,-,11,21456,B,N,G,B,B,A,H,-,A,A,0,Y,,,,Y,,N,60,0,0,1,0,1,0,0,0,0,"- ","- ",,,"SAN DIEGO","SAN DIEGO",-117.12259295,32.701219590000001
8126756,2016,2017-01-21,3709,2016-08-18,1740,473,NATIO,4,5,5,3709,0,0,0,,0,020,"WEST 8TH ST","RT 5",26.00,E,N,A,-,Y,SD,11,5,-,R,10.955,R,4,S,N,4,0,1,2,A,-,09,21801,A,N,H,G,A,A,H,-,A,D,0,,Y,,,Y,,-,,0,0,1,0,0,0,1,0,0,"- ",SO,,,"SAN DIEGO","NATIONAL CITY",-117.11091675999999,32.67257068
8128513,2016,2016-09-26,3706,2016-09-15,1114,380,ESCON,4,5,6,3706,0,0,0,,0,052,"ALLEY SOUTH OF GRAND AV","ESCONDIDO BL",3.00,E,N,A,-,N,,,,,,,,,,N,4,0,1,2,A,-,05,21650,1,N,H,G,A,A,H,-,A,A,0,,Y,,,Y,,L,04,0,0,1,0,0,0,1,0,0,"- ","- ",,,"SAN DIEGO",ESCONDIDO,-117.08382726000001,33.119846619999997
8128606,2016,2016-11-03,3701,2016-09-09,1316,5291,38,5,5,5,3701,0,0,0,,0,002,"CARLSBAD BL","TIERRA DEL ORO",2330.00,N,N,A,-,N,,,,,,,,,,N,3,0,1,2,A,-,03,22350,,N,C,G,A,A,H,-,A,D,0,,Y,,Y,Y,,L,04,0,1,0,0,0,0,1,0,0,"- ","- ",33.139209999999999,-117.33923,"SAN DIEGO",CARLSBAD,-117.33934060999999,33.139090000000003
8128608,2016,2017-02-18,3709,2016-09-09,1800,0486,SANDI,5,5,5,3709,0,0,0,,0,020,"WEST 8TH ST","RT 5",0.00,,Y,A,-,Y,SD,11,5,-,R,11.264,R,3,N,N,3,0,1,2,A,-,11,21950,B,N,G,B,A,A,H,-,A,D,0,,Y,,,Y,,L,04,0,1,0,0,0,0,1,0,0,"- ",NO,,,"SAN DIEGO","NATIONAL CITY",-117.10916927,32.676718579999999
8128612,2016,2016-09-27,3709,2016-09-14,0650,493,3709,3,5,5,3709,0,0,0,,0,021,"HARBISON AV","EAST 8TH ST",0.00,,Y,A,-,N,,,,,,,,,,N,4,0,1,2,A,-,08,22107,,N,G,B,B,A,H,-,A,A,0,Y,,,,Y,,A,07,0,0,1,0,1,0,0,0,0,"- ","- ",,,"SAN DIEGO","NATIONAL CITY",-117.07519013,32.684740009999999
8128619,2016,2016-09-26,3711,2016-09-15,1815,6641,,4,5,7,3711,0,0,0,,0,934,"DEL MAR HEIGHTS RD","ASHLEY FALLS DR",0.00,,Y,A,-,N,,,,,,,,,,N,3,0,1,2,A,-,21,22106,,N,D,G,A,A,H,-,A,A,0,,Y,,,Y,,-,,0,1,0,0,0,0,1,0,0,"- ","- ",,,"SAN DIEGO","SAN DIEGO",-117.20933008,32.959040010000002
8128910,2016,2016-09-26,3711,2016-08-29,2113,6366,,1,5,7,3711,0,0,0,,0,833,"DWIGHT ST","CHAMOUNE AV",0.00,,Y,A,-,N,,,,,,,,,,N,3,0,1,2,A,-,"- ",,,N,G,B,E,A,H,-,C,D,0,Y,,,,Y,,N,60,0,1,0,0,1,0,0,0,0,"- ","- ",,,"SAN DIEGO","SAN DIEGO",-117.09662002,32.743970079999997
8129050,2016,2016-09-26,3711,2016-09-15,1520,4507,SANDI,4,5,7,3711,0,0,0,,0,114,"COBB DR","NOAH WY",15.00,W,N,A,-,N,,,,,,,,,,N,3,0,1,2,A,-,09,21801,A,N,B,G,A,A,H,-,A,D,0,,Y,,,Y,,-,,0,1,0,0,0,0,1,0,0,"- ","- ",,,"SAN DIEGO","SAN DIEGO",-117.1890985,32.84070346
8129053,2016,2016-09-26,3706,2016-09-14,1436,322,ESCON,3,5,6,3706,0,0,0,,0,041,BROADWAY,"SHERIDAN AV",377.00,S,N,A,-,N,,,,,,,,,,N,3,0,1,2,A,-,03,22350,,N,C,G,A,A,H,-,A,D,0,,Y,,,Y,,L,04,0,1,0,0,0,0,1,0,0,"- ","- ",33.143540000000002,-117.09007,"SAN DIEGO",ESCONDIDO,-117.089888,33.142367559999997
8129061,2016,2016-09-26,3706,2016-09-07,2230,318,ESCON,3,5,6,3706,0,0,0,,0,044,"VALLEY PKWY","MIDWAY DR",789.00,W,N,A,-,N,,,,,,,,,,N,4,0,1,2,A,-,08,22107,,F,B,B,E,A,D,-,C,D,0,Y,,,,Y,,A,01,0,0,1,0,1,0,0,0,0,"- ","- ",,,"SAN DIEGO",ESCONDIDO,-117.05406238,33.136471219999997
8129073,2016,2016-09-26,3711,2016-09-13,1415,6542,,2,5,7,3711,0,0,0,,0,437,"CASEY ST",ATTLEBOROUGH,150.00,S,N,A,-,N,,,,,,,,,,N,3,0,1,2,A,-,11,21954,A,N,G,B,D,A,-,-,A,D,0,Y,,,,Y,Y,N,60,0,1,0,0,1,0,0,0,0,"- ","- ",,,"SAN DIEGO","SAN DIEGO",-117.03863353,32.68093081
8129109,2016,2016-11-15,3711,2016-09-15,1928,6959,,4,5,7,3711,0,0,0,,0,826,"EL CAJON BL","52ND ST",156.00,E,N,A,-,N,,,,,,,,,,N,4,0,1,2,A,-,11,21950,B,N,G,B,D,A,H,-,C,D,0,Y,,,,Y,,N,60,0,0,1,0,1,0,0,0,0,"- ","- ",,,"SAN DIEGO","SAN DIEGO",-117.08308965000001,32.757301949999999
8129188,2016,2016-09-26,3706,2016-09-02,2110,424,ESCON,5,5,6,3706,0,0,0,,0,052,"JUNIPER ST","9TH AV",0.00,,Y,A,-,N,,,,,,,,,,N,3,0,1,2,A,-,12,22450,A,N,D,G,A,A,H,-,C,A,0,,Y,,,Y,,L,04,0,1,0,0,0,0,1,0,0,"- ","- ",33.115810000000003,-117.07368,"SAN DIEGO",ESCONDIDO,-117.07368004999999,33.115850020000003
8129288,2016,2016-09-30,3711,2016-09-13,2015,7118,,2,5,7,3711,0,0,0,,0,522,"MARKET ST","3RD AV",0.00,,N,A,-,N,,,,,,,,,,N,3,0,1,2,A,-,10,21950,A,N,G,B,B,A,H,-,C,A,0,Y,,,,Y,,-,,0,1,0,0,1,0,0,0,0,"- ","- ",,,"SAN DIEGO","SAN DIEGO",-117.16199009,32.711480119999997
8129311,2016,2016-09-28,3711,2016-09-14,0923,5985,,3,5,7,3711,0,0,0,,0,518,"GRANADA AV","DATE ST",0.00,,Y,A,-,N,,,,,,,,,,N,3,0,1,2,A,-,09,21802,A,N,H,G,A,A,H,-,A,A,0,,Y,,,Y,,D,22,0,1,0,0,0,0,1,0,0,"- ","- ",,,"SAN DIEGO","SAN DIEGO",-117.13294008,32.723420089999998
8131019,2016,2016-09-28,3710,2016-09-12,1550,OC1236,,1,5,6,3710,0,0,0,,0,028,"THUNDER DR","WARING RD",547.00,S,N,A,-,N,,,,,,,,,,N,4,0,1,2,A,-,09,21804,A,N,G,B,D,A,H,-,A,D,0,Y,,,,Y,,A,07,0,0,1,0,1,0,0,0,0,"- ","- ",,,"SAN DIEGO",OCEANSIDE,-117.28825931,33.186101620000002
8131039,2016,2016-09-28,3710,2016-09-05,1826,OC1390,,1,5,6,3710,0,0,0,,0,018,VANDEGRIFT,GOLD,0.00,,Y,A,-,N,,,,,,,,,,N,3,0,1,2,A,-,10,21950,A,N,-,G,A,A,H,-,A,A,0,,Y,,,Y,,A,01,0,1,0,0,0,0,1,0,0,"- ","- ",,,"SAN DIEGO",OCEANSIDE,-117.29877999,33.258060110000002
8131207,2016,2016-09-29,3711,2016-09-16,1747,7161,,5,5,7,3711,0,0,0,,0,712,"BORDER VILLAGE RD","10TH AV",47520.00,S,N,A,-,N,,,,,,,,,,N,4,0,1,2,A,-,05,21202,A,N,G,G,A,A,H,-,B,A,0,,Y,,,Y,,L,04,0,0,1,0,0,0,1,0,0,"- ","- ",,,"SAN DIEGO","SAN DIEGO",,
8131211,2016,2016-09-29,3711,2016-09-18,1924,4759,,7,5,7,3711,0,0,0,,0,,"MISSION BL","THOMAS AV",10.00,N,N,B,-,N,,,,,,,,,,N,4,0,1,2,A,-,10,21950,A,M,D,B,B,A,H,-,C,D,0,Y,,,,Y,Y,-,,0,0,1,0,1,0,0,0,0,"- ","- ",,,"SAN DIEGO","SAN DIEGO",-117.25459824000001,32.793656499999997
8131216,2016,2016-10-03,3711,2016-09-07,1251,7435,,3,5,7,3711,0,0,0,,0,122,"CASS ST","GRAND AV",0.00,,Y,A,-,N,,,,,,,,,,N,4,0,1,2,A,-,09,21801,A,N,D,G,A,A,H,-,A,A,0,,Y,,,Y,,A,01,0,0,1,0,0,0,1,0,0,"- ","- ",,,"SAN DIEGO","SAN DIEGO",-117.25126002,32.795530079999999
8131224,2016,2016-10-03,3711,2016-09-08,1810,4884,SDPD,4,5,7,3711,0,0,0,,0,Z33,"RANCHO PENASQUITOS BL","RANCHO PENA SQUITOS BL 13050",20.00,N,N,A,-,N,,,,,,,,,,N,4,0,1,2,A,-,11,21950,B,N,D,B,B,A,H,-,A,A,0,Y,,,,Y,,N,60,0,0,1,0,1,0,0,0,0,"- ","- ",,,"SAN DIEGO","SAN DIEGO",,
8131231,2016,2016-09-28,3711,2016-09-15,0710,6146,,4,5,7,3711,0,0,0,,0,242,"REAGAN RD","BARON LN",22.00,N,N,A,-,N,,,,,,,,,,N,4,0,1,2,A,-,10,21950,A,N,G,B,D,A,H,-,A,D,0,Y,,,,Y,,A,08,0,0,1,0,1,0,0,0,0,"- ","- ",,,"SAN DIEGO","SAN DIEGO",-117.13968727,32.909618299999998
8131252,2016,2016-09-29,3711,2016-09-12,1750,7042,,1,5,7,3711,0,0,0,,0,611,"PACIFIC HWY","WRIGHT ST",200.00,N,N,A,-,N,,,,,,,,,,N,4,0,1,2,D,-,00,,,N,H,G,A,A,H,-,A,D,0,,Y,,,Y,,-,"- ",0,0,1,0,0,0,1,0,0,"- ","- ",,,"SAN DIEGO","SAN DIEGO",-117.19026119999999,32.743289160000003
8131267,2016,2016-09-28,3711,2016-09-11,1830,7283,,7,5,7,3711,0,0,0,,0,441,IMPERIAL,"REDWOOD DR",70.00,E,N,A,-,N,,,,,,,,,,N,4,0,1,2,A,-,02,22526,A,N,G,B,B,A,H,-,A,A,0,Y,,,,Y,,D,22,0,0,1,0,1,0,0,0,0,"- ","- ",,,"SAN DIEGO","SAN DIEGO",-117.10141808,32.704122429999998
8131272,2016,2016-09-29,3711,2016-09-18,1930,7111,,7,5,7,3711,0,0,0,,0,512,"28TH ST",NATIONAL,120.00,S,N,A,-,N,,,,,,,,,,N,4,0,1,2,A,-,11,21954,A,N,G,B,D,A,H,-,A,D,0,Y,,,,Y,,-,"- ",0,0,1,0,1,0,0,0,0,"- ","- ",,,"SAN DIEGO","SAN DIEGO",-117.13379999999999,32.695611280000001
8131279,2016,2016-09-28,3711,2016-09-18,1455,4617,,7,5,7,3711,0,0,0,,0,241,"HIBERT ST","TREENA ST",65.00,N,N,A,-,N,,,,,,,,,,N,3,0,1,2,A,-,03,22350,,N,D,G,A,A,H,-,A,D,0,,Y,,,Y,Y,L,04,0,1,0,0,0,0,1,0,0,"- ","- ",,,"SAN DIEGO","SAN DIEGO",-117.11388438,32.914018009999999
8131931,2016,2016-09-29,3702,2016-07-28,0700,CV1143,,4,5,6,3702,0,0,0,,0,014,"EAST J ST","CLAIRE AV",0.00,,Y,A,-,N,,,,,,,,,,N,4,0,1,2,A,-,06,21755,,N,G,B,B,A,H,-,A,D,0,Y,,,,Y,,A,01,0,0,1,0,1,0,0,0,0,"- ","- ",,,"SAN DIEGO","CHULA VISTA",-117.05955007,32.631660099999998
8132246,2016,2016-10-04,3706,2016-09-16,0318,499,ESCON,5,5,6,3706,0,0,0,,0,042,"ESCONDIDO BL","WOODWARD AV",16.00,S,N,A,-,N,,,,,,,,,,N,3,0,2,3,A,-,10,21950,A,N,G,B,B,A,H,-,A,A,0,Y,,,,Y,,A,01,0,1,1,0,2,0,0,0,0,"- ","- ",33.12471,-117.08721,"SAN DIEGO",ESCONDIDO,-117.08722347,33.124582289999999
8132261,2016,2016-10-04,3706,2016-09-17,1454,404,ESCON,6,5,6,3706,0,0,0,,0,052,"GRAND AV","KALMIA ST",0.00,,Y,A,-,N,,,,,,,,,,N,3,0,1,2,A,-,05,21202,A,N,H,G,A,A,H,-,A,D,0,,Y,,,Y,,L,04,0,1,0,0,0,0,1,0,0,"- ","- ",33.12236,-117.08004,"SAN DIEGO",ESCONDIDO,-117.08008006999999,33.122330040000001
8132314,2016,2016-10-20,3700,2016-08-17,1745,SH2784,,3,5,5,3782,0,0,0,,0,220,"RT 101","ENCINITAS BL",0.00,,Y,A,-,N,,,,,,,,,,N,3,0,1,2,D,-,00,,,M,B,G,A,A,H,-,A,A,0,,Y,,,Y,,-,"- ",0,1,0,0,0,0,1,0,0,"- ","- ",,,"SAN DIEGO",ENCINITAS,-117.29416012999999,33.048750050000002
8132318,2016,2016-10-20,3700,2016-08-16,1015,SH5502,,2,5,5,3782,0,0,0,,0,210,"RT 101","CADMUS ST",69.00,N,N,A,-,N,,,,,,,,,,N,4,0,1,2,A,-,17,22517,,N,H,G,A,A,H,-,A,D,0,,Y,,,Y,,A,07,0,0,1,0,0,0,1,0,0,"- ","- ",,,"SAN DIEGO",ENCINITAS,-117.30089499,33.060854980000002
8132323,2016,2016-10-04,3711,2016-09-24,1715,4759,"SAN D",6,5,7,3711,0,0,0,,0,122,"GRAND AV","CULVER ST",15.00,W,N,A,-,N,,,,,,,,,,N,3,0,1,2,A,-,10,21950,A,M,B,B,B,A,H,-,A,A,0,Y,,,,Y,,-,,0,1,0,0,1,0,0,0,0,"- ","- ",,,"SAN DIEGO","SAN DIEGO",-117.22567694,32.801139169999999
8132335,2016,2016-10-04,3711,2016-09-20,1500,7484,,2,5,7,3711,0,0,0,,0,813,"FLORIDA ST","FLORIDA ST 3700",1.00,W,N,C,-,N,,,,,,,,,,N,4,0,1,2,A,-,08,22107,,N,B,B,-,B,H,-,A,D,0,Y,,,,Y,,-,"- ",0,0,1,0,1,0,0,0,0,"- ","- ",,,"SAN DIEGO","SAN DIEGO",-117.14371992,32.745040039999999
8132343,2016,2016-10-04,3711,2016-09-24,1910,6646,"SAN D",6,5,7,3711,0,0,0,,0,826,"52ND ST","EL CAJON BL",500.00,S,N,A,-,N,,,,,,,,,,N,3,0,1,2,A,-,08,22107,,M,G,B,F,A,H,-,C,D,0,Y,,,,Y,,-,,0,1,0,0,1,0,0,0,0,"- ","- ",,,"SAN DIEGO","SAN DIEGO",-117.08361311,32.75587058
8132347,2016,2016-10-04,3711,2016-09-23,0811,6774,,5,5,7,3711,0,0,0,,0,315,"FRIARS RD","FRAZEE RD",331.00,W,N,A,-,N,,,,,,,,,,N,4,0,1,2,A,-,05,21650,1,N,D,G,A,A,H,-,A,D,0,,Y,,,Y,,L,04,0,0,1,0,0,0,1,0,0,"- ","- ",,,"SAN DIEGO","SAN DIEGO",-117.15828591,32.772114700000003
8132351,2016,2016-10-04,3711,2016-09-23,1750,7161,,5,5,7,3711,0,0,0,,0,723,"KOSTNER DR","PALM AV",6.00,S,N,A,-,N,,,,,,,,,,,3,0,1,2,A,-,05,21650,1,N,G,G,A,A,H,-,B,A,0,,Y,,,Y,,-,"- ",0,1,0,0,0,0,1,0,0,"- ","- ",,,"SAN DIEGO","SAN DIEGO",-117.04167137,32.583703610000001
8132363,2016,2016-10-04,3711,2016-09-24,0750,7413,MIDCI,6,5,7,3711,0,0,0,,0,008,"MONROE AV","WILSON AV",0.00,,Y,A,-,N,,,,,,,,,,N,3,0,1,2,A,-,12,21453,A,N,D,G,A,A,H,-,A,-,0,,Y,Y,,Y,,L,04,0,1,0,0,0,0,1,0,0,"- ","- ",,,"SAN DIEGO","SAN DIEGO",-117.11627006000001,32.759010109999998
8132366,2016,2016-10-04,3711,2016-09-20,1505,5555,,2,5,7,3711,0,0,0,,0,0S2,"HARRISON AV","SICARD ST",500.00,S,N,C,-,N,,,,,,,,,,N,4,0,1,2,A,-,10,21950,A,N,B,B,B,B,H,-,A,D,0,Y,,,,Y,,-,,0,0,1,0,1,0,0,0,0,"- ","- ",,,"SAN DIEGO","SAN DIEGO",-117.13384000000001,32.699680000000001
8132396,2016,2016-10-04,3711,2016-09-20,1345,8192,,2,5,7,3711,0,0,0,,0,833,"FAIRMOUNT AV","DWIGHT ST",20.00,N,N,C,-,N,,,,,,,,,,N,3,0,1,2,A,-,08,22107,,N,A,B,B,-,H,-,A,A,0,Y,,,,Y,,-,,0,1,0,0,1,0,0,0,0,"- ","- ",,,"SAN DIEGO","SAN DIEGO",-117.10097881999999,32.744064770000001
8132408,2016,2016-10-05,3700,2016-08-14,0642,SH5502,,7,5,5,3782,0,0,0,,0,206,"LEUCADIA BL","QUAIL GARDENS DR",496.00,E,N,A,-,N,,,,,,,,,,N,2,0,1,2,A,-,08,22107,,F,C,G,A,A,H,-,A,D,0,,Y,,,Y,,-,99,1,0,0,0,0,0,1,0,0,"- ","- ",,,"SAN DIEGO",ENCINITAS,-117.27689429,33.065788810000001
8132412,2016,2016-10-05,3700,2016-08-09,0931,SH5502,,2,5,5,3782,0,0,0,,0,223,"ORCHARD GLEN CIR","ORCHARD WOOD ST",246.00,S,N,A,-,N,,,,,,,,,,N,3,0,1,2,A,-,11,21950,B,N,G,B,E,A,H,-,A,D,0,Y,,,,Y,,N,60,0,1,0,0,1,0,0,0,0,"- ","- ",,,"SAN DIEGO",ENCINITAS,-117.25245353,33.06414376
8132899,2016,2016-10-27,3710,2016-10-05,1435,OC396,,3,5,6,3710,0,0,0,,0,010,"MISSION AV","BARNES ST",6.00,S,N,A,-,N,,,,,,,,,,N,3,0,1,2,A,-,06,21754,,N,C,G,A,A,H,-,A,A,0,,Y,,,Y,,L,04,0,1,0,0,0,0,1,0,0,"- ","- ",,,"SAN DIEGO",OCEANSIDE,-117.36716817999999,33.202723939999998
8133525,2016,2016-10-03,3710,2016-08-24,0640,OC0754,,3,5,6,3710,0,0,0,,0,021,"VANDEGRIFT BL","NORTH RIVER RD",0.00,,Y,A,-,N,,,,,,,,,,N,4,0,1,2,A,-,10,21950,A,F,G,B,B,A,H,-,A,A,0,Y,,,,Y,,-,,0,0,1,0,1,0,0,0,0,"- ","- ",,,"SAN DIEGO",OCEANSIDE,-117.30013004,33.250790070000001
8134561,2016,2016-10-05,3711,2016-09-21,0600,7427,,3,5,7,3711,0,0,0,,0,931,"LUSK BL","LUSK BL 5925",20.00,E,N,B,C,N,,,,,,,,,,N,3,0,1,2,A,-,00,21954,,N,G,B,D,B,H,-,B,A,0,Y,,,,Y,,N,60,0,1,0,0,1,0,0,0,0,"- ","- ",,,"SAN DIEGO","SAN DIEGO",,
8134569,2016,2016-10-05,3711,2016-09-27,1705,7447,"SAN D",2,5,7,3711,0,0,0,,0,523,"5TH AV","F ST",84.00,N,N,B,-,N,,,,,,,,,,N,4,0,1,2,A,-,02,22400,A,N,H,G,A,A,H,-,A,D,0,,Y,,,Y,,A,01,0,0,1,0,0,0,1,0,0,"- ","- ",,,"SAN DIEGO","SAN DIEGO",-117.16015221000001,32.713850100000002
8134573,2016,2016-10-05,3711,2016-09-27,1723,7378,,2,5,7,3711,0,0,0,,0,712,"DAIRY MART RD","SERVANDO  AV",10.00,S,N,B,-,N,,,,,,,,,,N,3,0,1,2,A,-,09,21800,C,N,H,G,A,A,H,-,B,A,0,,Y,,,Y,,-,,0,1,0,0,0,0,1,0,0,"- ","- ",,,"SAN DIEGO","SAN DIEGO",-117.0624105,32.556722610000001
8134585,2016,2016-10-05,3711,2016-09-27,2123,4310,,2,5,7,3711,0,0,0,,0,514,"MARKET ST","20TH ST",92.00,E,N,A,-,N,,,,,,,,,,Y,3,0,1,2,A,-,03,22350,,N,G,B,D,A,H,-,C,D,0,Y,,,,Y,,A,01,0,1,0,0,1,0,0,0,0,"- ","- ",,,"SAN DIEGO","SAN DIEGO",-117.1455419,32.711550000000003
8134597,2016,2016-10-04,3711,2016-09-26,0715,4957,"SAN D",1,5,7,3711,0,0,0,,0,233,"PASEO MONTALBAN","VIA CIMA BELLA",9.00,N,N,A,-,N,,,,,,,,,,N,3,0,1,2,A,-,05,21650,1,N,D,G,A,A,H,-,A,D,0,,Y,,,Y,,L,04,0,1,0,0,0,0,1,0,0,"- ","- ",,,"SAN DIEGO","SAN DIEGO",-117.12116527000001,32.961003150000003
8134629,2016,2016-10-04,3711,2016-09-26,1000,6344,,1,5,7,3711,0,0,0,,0,315,"CAMINO DE LA REINA","WESTFIELD DRIVEWAY",0.00,,Y,A,-,N,,,,,,,,,,N,4,0,1,2,D,-,00,,,N,G,B,B,A,H,-,A,A,0,Y,,,,Y,,-,"- ",0,0,1,0,1,0,0,0,0,"- ","- ",,,"SAN DIEGO","SAN DIEGO",-117.15009212,32.769899590000001
8134676,2016,2016-10-04,3711,2016-08-05,1642,HB5823,,5,5,7,3711,0,0,0,,0,504,"HARBOR DR","SIGSBEE ST",0.00,,Y,A,-,N,,,,,,,,,,N,3,0,1,2,A,-,05,21202,A,N,H,G,A,A,H,-,A,D,0,,,,,Y,,-,,0,1,0,0,0,0,0,0,0,"- ","- ",,,"SAN DIEGO","SAN DIEGO",-117.1508,32.700470009999997
8135299,2016,2017-02-06,3700,2016-09-26,0940,SH0817,,1,5,5,3712,0,0,0,,0,356,"RANCHO SANTA FE RD","CAPALINA RD",110.00,S,N,A,-,N,,,,,,,,,,N,4,0,1,2,A,-,09,21804,A,N,D,G,A,A,H,-,A,D,0,,Y,,,Y,,A,01,0,0,1,0,0,0,1,0,0,"- ","- ",,,"SAN DIEGO","SAN MARCOS",-117.19766754,33.15159191
8135439,2016,2016-10-07,3711,2016-09-04,0746,6252,,7,5,7,3711,0,0,0,,0,622,"LAURETTA ST","AZUSA ST",0.00,,Y,B,-,N,,,,,,,,,,N,3,0,1,2,A,-,12,22450,A,N,D,G,A,A,H,-,A,A,0,,Y,,,Y,,L,04,0,1,0,0,0,0,1,0,0,"- ","- ",,,"SAN DIEGO","SAN DIEGO",-117.19350012,32.767060049999998
8135552,2016,2016-10-06,3711,2016-09-21,0606,7310,SDPD,3,5,7,3711,0,0,0,,0,721,"SATURN BL","PALM AV",390.00,N,N,B,C,N,,,,,,,,,,N,4,0,1,2,A,-,11,21954,A,N,G,B,A,B,-,-,B,D,0,,,,,Y,,-,,0,0,1,0,0,0,0,0,0,"- ","- ",,,"SAN DIEGO","SAN DIEGO",-117.09260617,32.58480634
8135556,2016,2016-10-06,3711,2016-09-21,1224,7162,,3,5,7,3711,0,0,0,,0,442,"ALPHA ST","40TH ST",0.00,,Y,A,-,N,,,,,,,,,,N,3,0,3,4,A,-,10,21950,A,N,G,B,B,A,H,-,A,A,0,Y,,,,Y,,-,,0,1,2,0,3,0,0,0,0,"- ","- ",,,"SAN DIEGO","SAN DIEGO",-117.10812007,32.692340110000004
8135564,2016,2016-10-06,3711,2016-09-23,2034,7474,,5,5,7,3711,0,0,0,,0,122,"DIAMOND ST","LAMONT ST",13.00,S,N,A,-,N,,,,,,,,,,Y,4,0,1,2,A,-,12,22450,A,M,G,B,B,A,H,-,C,D,0,Y,,,,Y,,-,,0,0,1,0,1,0,0,0,0,"- ","- ",,,"SAN DIEGO","SAN DIEGO",-117.2362208,32.803761000000002
8136189,2016,2016-10-06,3708,2016-08-25,1530,LM1117,,4,5,5,3708,0,0,0,,0,001,"LA MESA BL","GUAVA AV",70.00,W,N,A,-,N,,,,,,,,,,N,4,0,1,2,A,-,17,22517,,N,B,G,A,A,H,-,A,D,0,,Y,,,Y,,A,01,0,0,1,0,0,0,1,0,0,"- ","- ",,,"SAN DIEGO","LA MESA",-117.02840035,32.767456359999997
8136193,2016,2016-10-06,3708,2016-08-23,1638,LM1167,,2,5,5,3708,0,0,0,,0,001,"EL CAJON BL","WILLIAMSBURG LN",0.00,,Y,A,-,N,,,,,,,,,,N,4,0,1,2,A,-,11,21954,A,N,G,B,D,A,H,-,A,D,0,Y,,,,Y,Y,N,60,0,0,1,0,1,0,0,0,0,"- ","- ",,,"SAN DIEGO","LA MESA",-117.0357801,32.768000010000002
8136205,2016,2016-10-06,3708,2016-08-18,1815,LM1245,,4,5,5,3708,0,0,0,,0,001,"UNIVERSITY AV","PARKS AV",25.00,W,N,A,-,N,,,,,,,,,,N,4,0,1,2,A,-,10,21950,A,N,G,B,B,A,D,-,A,A,0,Y,,,,Y,,A,01,0,0,1,0,1,0,0,0,0,"- ","- ",,,"SAN DIEGO","LA MESA",-117.03334345,32.760377400000003