CASE_ID,ACCIDENT_YEAR,PROC_DATE,JURIS,COLLISION_DATE,COLLISION_TIME,OFFICER_ID,REPORTING_DISTRICT,DAY_OF_WEEK,CHP_SHIFT,POPULATION,CNTY_CITY_LOC,SPECIAL_COND,BEAT_TYPE,CHP_BEAT_TYPE,CITY_DIVISION_LAPD,CHP_BEAT_CLASS,BEAT_NUMBER,PRIMARY_RD,SECONDARY_RD,DISTANCE,DIRECTION,INTERSECTION,WEATHER_1,WEATHER_2,STATE_HWY_IND,CALTRANS_COUNTY,CALTRANS_DISTRICT,STATE_ROUTE,ROUTE_SUFFIX,POSTMILE_PREFIX,POSTMILE,LOCATION_TYPE,RAMP_INTERSECTION,SIDE_OF_HWY,TOW_AWAY,COLLISION_SEVERITY,NUMBER_KILLED,NUMBER_INJURED,PARTY_COUNT,PRIMARY_COLL_FACTOR,PCF_CODE_OF_VIOL,PCF_VIOL_CATEGORY,PCF_VIOLATION,PCF_VIOL_SUBSECTION,HIT_AND_RUN,TYPE_OF_COLLISION,MVIW,PED_ACTION,ROAD_SURFACE,ROAD_COND_1,ROAD_COND_2,LIGHTING,CONTROL_DEVICE,CHP_ROAD_TYPE,PEDESTRIAN_ACCIDENT,BICYCLE_ACCIDENT,MOTORCYCLE_ACCIDENT,TRUCK_ACCIDENT,NOT_PRIVATE_PROPERTY,ALCOHOL_INVOLVED,STWD_VEHTYPE_AT_FAULT,CHP_VEHTYPE_AT_FAULT,COUNT_SEVERE_INJ,COUNT_VISIBLE_INJ,COUNT_COMPLAINT_PAIN,COUNT_PED_KILLED,COUNT_PED_INJURED,COUNT_BICYCLIST_KILLED,COUNT_BICYCLIST_INJURED,COUNT_MC_KILLED,COUNT_MC_INJURED,PRIMARY_RAMP,SECONDARY_RAMP,LATITUDE,LONGITUDE,COUNTY,CITY,POINT_X,POINT_Y
8136250,2016,2016-10-07,3708,2016-09-02,1300,LM1263,,5,5,5,3708,0,0,0,,0,004,"FLETCHER PKWY","BUS CT",0.00,,Y,A,-,N,,,,,,,,,,N,3,0,1,2,A,-,09,21801,A,F,G,G,A,A,H,-,A,A,0,,Y,,,Y,,-,,0,1,0,0,0,0,1,0,0,"- ","- ",,,"SAN DIEGO","LA MESA",-117.00993007,32.783720070000001
8136266,2016,2016-10-07,3700,2016-09-23,0356,SH0236,,5,5,5,3713,0,0,0,,0,305,"NORTH AV","NORTH MELROSE DR",280.00,E,N,A,-,N,,,,,,,,,,Y,3,0,1,2,A,-,11,21956,A,N,G,B,E,A,H,-,C,D,0,Y,,,,Y,,N,60,0,1,0,0,1,0,0,0,0,"- ","- ",,,"SAN DIEGO",VISTA,-117.25509742,33.215585249999997
8136462,2016,2016-11-07,3706,2016-10-02,1600,492,ESCON,7,5,6,3706,0,0,0,,0,045,"INDUSTRIAL AV","ANDREASEN DR",75.00,E,N,A,-,N,,,,,,,,,,N,4,0,1,2,A,-,03,22350,,N,C,G,A,A,H,-,A,D,0,,Y,,Y,Y,,L,04,0,0,1,0,0,0,1,0,0,"- ","- ",33.12032,-117.10853,"SAN DIEGO",ESCONDIDO,-117.10831295,33.120255950000001
8136466,2016,2016-10-12,3706,2016-09-25,1049,464,ESCON,7,5,6,3706,0,0,0,,0,052,"VALLEY PKWY","FIG ST",0.00,,Y,A,-,N,,,,,,,,,,N,3,0,1,2,A,-,05,21650,1,N,-,G,A,A,H,-,A,A,0,,Y,,,Y,,L,04,0,1,0,0,0,0,1,0,0,"- ","- ",33.127299999999998,-117.07407000000001,"SAN DIEGO",ESCONDIDO,-117.07392002,33.127290080000002
8136997,2016,2016-10-10,3710,2016-09-10,1302,OC0754,,6,5,6,3710,0,0,0,,0,008,"OCEANSIDE BL","FREEMAN ST",0.00,,Y,A,-,N,,,,,,,,,,N,4,0,1,2,A,-,09,21804,A,N,D,G,A,A,H,-,A,A,0,,Y,,,Y,,A,01,0,0,1,0,0,0,1,0,0,"- ","- ",,,"SAN DIEGO",OCEANSIDE,-117.36847004000001,33.184060019999997
8138510,2016,2016-10-13,3711,2016-08-25,1815,6760,,4,5,7,3711,0,0,0,,0,839,"UNIVERSITY AV","WABASH AV",75.00,W,N,A,-,N,,,,,,,,,,N,4,0,1,2,A,-,10,21950,A,N,A,B,B,A,-,-,A,A,0,Y,,,,Y,,-,,0,0,1,0,1,0,0,0,0,"- ","- ",,,"SAN DIEGO","SAN DIEGO",-117.12097073,32.749055660000003
8138535,2016,2016-10-13,3711,2016-09-28,1035,7040,,3,5,7,3711,0,0,0,,0,825,"EDGEWARE RD","ADAMS AV",150.00,S,N,A,-,N,,,,,,,,,,N,3,0,1,2,A,-,21,22106,,N,G,B,D,A,H,-,A,D,0,Y,,,,Y,,-,,0,1,0,0,1,0,0,0,0,"- ","- ",,,"SAN DIEGO","SAN DIEGO",-117.10530934000001,32.762829199999999
8138836,2016,2016-10-13,3700,2016-09-19,1600,SH3121,,1,5,4,3707,0,0,0,,0,709,"CONNECTICUT AV","IMPERIAL BEACH BL",0.00,,Y,B,-,N,,,,,,,,,,N,4,0,1,2,A,-,05,21650,1,N,D,G,A,A,H,-,A,-,0,,Y,,,Y,,L,04,0,0,1,0,0,0,1,0,0,"- ","- ",,,"SAN DIEGO","IMPERIAL BEACH",-117.11871005,32.576570050000001
8139207,2016,2016-12-20,3700,2016-11-05,0818,SH2784,,6,5,5,3782,0,0,0,,0,210,"COAST HWY 101","JUPITER ST",0.00,,Y,E,-,N,,,,,,,,,,N,3,0,1,2,A,-,03,22350,,N,D,G,A,B,H,-,A,A,0,,Y,,,Y,,L,04,0,1,0,0,0,0,1,0,0,"- ","- ",,,"SAN DIEGO",ENCINITAS,-117.30487004,33.072030089999998
8139453,2016,2017-05-04,3700,2016-11-18,1910,SH3172,,5,5,5,3782,0,0,0,,0,240,"S COAST HWY 101","CHESTERFIELD DR",0.00,,Y,A,-,N,,,,,,,,,,N,2,0,1,2,A,-,11,21456,B,N,G,B,B,A,H,-,C,A,0,Y,,,,Y,,N,60,1,0,0,0,1,0,0,0,0,"- ","- ",,,"SAN DIEGO",ENCINITAS,-117.28233007999999,33.019030090000001
8139702,2016,2016-10-06,3711,2016-09-28,1646,6412,,3,5,7,3711,0,0,0,,0,831,"POLK AV","44TH ST",174.00,E,N,A,-,N,,,,,,,,,,N,4,0,1,2,A,-,09,21804,A,N,D,G,A,A,H,-,A,-,0,,Y,,,Y,,L,04,0,0,1,0,0,0,1,0,0,"- ","- ",,,"SAN DIEGO","SAN DIEGO",-117.09923601,32.751404829999998
8139717,2016,2016-10-06,3711,2016-09-14,1846,6366,,3,5,7,3711,0,0,0,,0,811,"ADAMS AV","BANCROFT ST",6.00,W,N,A,-,N,,,,,,,,,,N,4,0,1,2,A,-,11,21950,B,N,G,B,B,A,H,-,B,D,0,Y,,,,Y,Y,N,60,0,0,1,0,1,0,0,0,0,"- ","- ",,,"SAN DIEGO","SAN DIEGO",-117.12392945000001,32.763360179999999
8139753,2016,2016-10-06,3711,2016-09-28,2107,7485,,3,5,7,3711,0,0,0,,0,327,"RESERVOIR DR","RESERVOIR LN",221.00,S,N,A,-,N,,,,,,,,,,N,4,0,1,2,A,-,14,21201,D,N,C,G,A,A,H,-,D,D,0,,Y,,,Y,,L,04,0,0,1,0,0,0,1,0,0,"- ","- ",,,"SAN DIEGO","SAN DIEGO",-117.05554116,32.772215529999997
8139884,2016,2016-10-07,3700,2016-07-24,2025,SH0236,,7,5,5,3713,0,0,0,,0,316,"UNIVERSITY DR","SYCAMORE AV",535.00,W,N,A,-,N,,,,,,,,,,N,4,0,1,2,A,-,10,21950,A,N,G,B,B,A,H,-,A,D,0,Y,,,,Y,,A,01,0,0,1,0,1,0,0,0,0,"- ","- ",,,"SAN DIEGO",VISTA,-117.21443159,33.170286169999997
8140668,2016,2016-10-10,3700,2016-03-23,1840,SH3095,,3,5,5,3781,0,0,0,,0,511,"MAST BL","N MAGNOLIA AV",645.00,E,N,A,-,N,,,,,,,,,,N,3,0,1,2,A,-,11,21954,A,N,G,B,D,A,H,-,A,D,0,Y,,,,Y,,N,60,0,1,0,0,1,0,0,0,0,"- ","- ",,,"SAN DIEGO",SANTEE,-116.96906714000001,32.855190010000001
8140757,2016,2016-10-10,3700,2016-05-27,1749,SH7516,,5,5,5,3781,0,0,0,,0,503,"ALPHONSE ST","DUKE MIGUEL CT",0.00,,Y,A,-,N,,,,,,,,,,N,3,0,1,2,B,-,22,,,N,G,B,A,A,H,-,A,D,0,,Y,,,Y,,L,04,0,1,0,0,0,0,1,0,0,"- ","- ",,,"SAN DIEGO",SANTEE,-116.97160002,32.871360070000001
8141416,2016,2016-10-12,3705,2016-09-16,0650,EC0344,,5,5,5,3705,0,0,0,,0,009,"WASHINGTON AV",WICHITA,332.00,W,N,A,-,N,,,,,,,,,,N,3,0,1,2,A,-,10,21954,B,F,G,B,E,A,H,-,A,D,0,Y,,,,Y,,A,01,0,1,0,0,1,0,0,0,0,"- ","- ",,,"SAN DIEGO","EL CAJON",-116.92407636999999,32.787190000000002
8141628,2016,2016-10-11,3703,2016-10-03,1507,1035,,1,5,3,3703,0,0,0,,0,001,"5TH ST","E C AV",166.00,W,N,A,-,N,,,,,,,,,,N,4,0,1,2,A,-,09,21804,A,N,D,G,A,A,H,-,A,D,0,,Y,,,Y,,L,04,0,0,1,0,0,0,1,0,0,"- ","- ",,,"SAN DIEGO",CORONADO,-117.17495968999999,32.692735579999997
8141750,2016,2016-10-17,3711,2016-10-01,1115,5278,,6,5,7,3711,0,0,0,,0,233,"RANCHO PENASQUITOS BL","PASEO MONTRIL",50.00,S,N,A,-,N,,,,,,,,,,N,3,0,1,2,A,-,08,22107,,N,D,G,A,A,H,-,A,D,0,,Y,,,Y,,D,22,0,1,0,0,0,0,1,0,0,"- ","- ",,,"SAN DIEGO","SAN DIEGO",-117.10779429,32.951548580000001
8141768,2016,2016-12-07,3711,2016-09-30,1930,7202,,5,5,7,3711,0,0,0,,0,433,IMPERIAL,"65TH ST",0.00,,Y,-,-,N,,,,,,,,,,N,4,0,1,2,A,-,10,21950,A,N,G,B,B,A,-,-,-,A,0,Y,,,,Y,Y,-,,0,0,1,0,1,0,0,0,0,"- ","- ",,,"SAN DIEGO","SAN DIEGO",-117.05802008000001,32.710550019999999
8141795,2016,2016-10-13,3711,2016-09-29,0445,6350,,4,5,7,3711,0,0,0,,0,522,"HARBOR DR","5TH AV",0.00,,Y,A,-,N,,,,,,,,,,N,3,0,1,2,A,-,11,21456,B,N,G,B,B,A,H,-,C,A,0,Y,,,,Y,,N,60,0,1,0,0,1,0,0,0,0,"- ","- ",,,"SAN DIEGO","SAN DIEGO",-117.16058004999999,32.706850119999999
8141811,2016,2016-10-13,3711,2016-09-30,0804,6252,,5,5,7,3711,0,0,0,,0,627,"UNIVERSITY AV","4TH AV",47.00,E,N,A,-,N,,,,,,,,,,N,3,0,1,2,A,-,11,21950,B,N,G,B,D,A,H,-,A,D,0,Y,,,,Y,Y,N,60,0,1,0,0,1,0,0,0,0,"- ","- ",,,"SAN DIEGO","SAN DIEGO",-117.16146766999999,32.748277459999997
8141816,2016,2016-12-07,3711,2016-09-23,0925,6818,,5,5,7,3711,0,0,0,,0,441,"OCEANVIEW BL","SOUTH 39TH ST",0.00,,Y,A,-,N,,,,,,,,,,N,3,0,1,2,A,-,08,22107,,N,G,B,E,A,H,-,A,D,0,Y,,,,Y,,A,01,0,1,0,0,1,0,0,0,0,"- ","- ",,,"SAN DIEGO","SAN DIEGO",-117.11034002,32.701280060000002
8141820,2016,2016-12-07,3711,2016-09-27,0825,7057,,2,5,7,3711,0,0,0,,0,437,"PARADISE VALLEY RD","WOODMAN VILLAGE",15.00,W,N,A,-,N,,,,,,,,,,N,3,0,1,2,A,-,08,22107,,N,B,G,A,A,H,-,A,A,0,,Y,,,Y,,L,04,0,1,0,0,0,0,1,0,0,"- ","- ",,,"SAN DIEGO","SAN DIEGO",-117.0439398,32.690066440000003
8141828,2016,2016-12-19,3711,2016-09-29,1640,4840,,4,5,7,3711,0,0,0,,0,615,"ROSECRANS ST","HUGO ST",18.00,S,N,A,-,N,,,,,,,,,,N,3,0,1,2,A,-,10,21950,A,N,G,B,B,A,H,-,A,A,0,Y,,,,Y,,-,,0,1,0,0,1,0,0,0,0,"- ","- ",,,"SAN DIEGO","SAN DIEGO",-117.22793397,32.726139910000001
8141831,2016,2017-02-06,3711,2016-09-29,0521,6398,,4,5,7,3711,0,0,0,,0,446,"IMPERIAL AV","47TH ST",80.00,E,N,A,-,N,,,,,,,,,,N,4,0,1,2,A,-,11,21955,,M,G,B,D,A,H,-,C,D,0,Y,,,,Y,Y,N,60,0,0,1,0,1,0,0,0,0,"- ","- ",,,"SAN DIEGO","SAN DIEGO",-117.09344082,32.704149999999998
8141928,2016,2016-10-13,3711,2016-10-02,1905,6876,,7,5,7,3711,0,0,0,,0,833,"FAIRMOUNT AV","DWIGHT ST",8.00,N,N,B,-,N,,,,,,,,,,N,4,0,1,2,A,-,05,21650,1,N,A,G,A,A,H,-,D,A,0,,Y,,,Y,,L,04,0,0,1,0,0,0,1,0,0,"- ","- ",,,"SAN DIEGO","SAN DIEGO",-117.10097953,32.744031909999997
8141936,2016,2016-10-13,3711,2016-10-02,1640,7077,SANDI,7,5,7,3711,0,0,0,,0,315,"FRAZEE RD","HAZARD CENTER DR",0.00,N,N,A,-,N,,,,,,,,,,N,4,0,1,2,A,-,11,21456,B,N,G,B,B,A,H,-,A,A,0,Y,,,,Y,,-,"- ",0,0,1,0,1,0,0,0,0,"- ","- ",,,"SAN DIEGO","SAN DIEGO",-117.15635013000001,32.770790079999998
8141940,2016,2016-10-13,3711,2016-10-01,1423,5972,,6,5,7,3711,0,0,0,,0,441,"T ST","BOUNDARY ST",250.00,W,N,A,-,N,,,,,,,,,,Y,4,0,1,2,A,-,08,22107,,N,G,B,E,A,H,-,A,D,0,Y,,,,Y,,A,07,0,0,1,0,1,0,0,0,0,"- ","- ",,,"SAN DIEGO","SAN DIEGO",-117.10694989,32.698825669999998
8141943,2016,2017-03-04,3711,2016-10-04,0857,7083,,2,5,7,3711,0,0,0,,0,327,"COLLEGE AV","RT 8",0.00,,Y,A,-,Y,SD,11,8,-,-,8.176,R,4,E,N,3,0,1,2,A,-,12,21453,A,N,C,G,A,A,H,-,A,A,0,,Y,,,Y,,-,"- ",0,1,0,0,0,0,1,0,0,"- ",EF,,,"SAN DIEGO","SAN DIEGO",-117.06913642000001,32.779209299999998
8141948,2016,2016-10-13,3711,2016-10-03,1915,6961,,1,5,7,3711,0,0,0,,0,512,"SOUTH 32ND ST","OCEANVIEW BL",0.00,,Y,A,-,N,,,,,,,,,,N,3,0,1,2,A,-,11,21456,B,N,G,B,B,A,H,-,D,A,0,Y,,,,Y,,N,60,0,1,0,0,1,0,0,0,0,"- ","- ",,,"SAN DIEGO","SAN DIEGO",-117.12519012,32.70119004
8141968,2016,2016-10-13,3711,2016-10-01,1716,4759,SANDI,6,5,7,3711,0,0,0,,0,122,"CHALCEDONY ST","MISSION BL",3.00,W,N,-,-,N,,,,,,,,,,N,3,0,1,2,A,-,11,21950,B,N,D,G,A,-,-,-,-,D,0,,Y,,,Y,Y,-,"- ",0,1,0,0,0,0,1,0,0,"- ","- ",,,"SAN DIEGO","SAN DIEGO",-117.25692939,32.801197850000001
8141971,2016,2016-10-12,3711,2016-10-01,1520,7033,NORTH,6,5,7,3711,0,0,0,,0,313,"BALBOA AV","GERALD GRIFFIN DR",162.00,W,N,-,-,N,,,,,,,,,,N,4,0,1,2,A,-,05,21650,1,N,D,G,A,-,-,-,-,D,0,,Y,,,Y,,-,"- ",0,0,1,0,0,0,1,0,0,"- ","- ",,,"SAN DIEGO","SAN DIEGO",-117.15911239,32.821800830000001
8141980,2016,2016-10-13,3711,2016-10-01,1622,4759,SANDI,6,5,7,3711,0,0,0,,0,122,"THOMAS AV","BAYARD ST",3.00,E,N,A,-,N,,,,,,,,,,N,4,0,1,2,A,-,05,21650,1,N,D,G,A,A,H,-,A,D,0,,Y,,,Y,,L,04,0,0,1,0,0,0,1,0,0,"- ","- ",,,"SAN DIEGO","SAN DIEGO",-117.25272067,32.794042320000003
8141984,2016,2016-10-13,3711,2016-10-02,2240,6203,,7,5,7,3711,0,0,0,,0,813,"UNIVERSITY AV","30TH ST",150.00,W,N,A,-,N,,,,,,,,,,N,4,0,1,2,A,-,11,21950,B,N,A,B,D,A,H,-,C,D,0,Y,,,,Y,Y,-,"- ",0,0,1,0,1,0,0,0,0,"- ","- ",,,"SAN DIEGO","SAN DIEGO",-117.13059622999999,32.748449999999998
8141987,2016,2016-10-13,3711,2016-10-03,1540,3696,,1,5,7,3711,0,0,0,,0,122,"GARNET AV","OLNEY ST",179.00,W,N,A,-,N,,,,,,,,,,N,4,0,1,2,A,-,05,21651,B,N,D,G,A,A,H,-,A,D,0,,Y,,,Y,,L,04,0,0,1,0,0,0,1,0,0,"- ","- ",,,"SAN DIEGO","SAN DIEGO",-117.23042212999999,32.802087129999997
8141988,2016,2016-10-13,3711,2016-10-02,0826,7026,SANDI,7,5,7,3711,0,0,0,,0,813,"31ST ST","31ST ST 3700",21.00,E,N,A,-,N,,,,,,,,,,N,3,0,1,2,A,-,08,22107,A,N,B,G,A,A,H,-,A,D,0,,Y,,,Y,,-,"- ",0,1,0,0,0,0,1,0,0,"- ","- ",,,"SAN DIEGO","SAN DIEGO",,
8142421,2016,2016-10-20,3708,2016-09-16,1021,LM1257,,5,5,5,3708,0,0,0,,0,002,"LA MESA BL","GARFIELD ST",113.00,W,N,A,-,N,,,,,,,,,,N,3,0,1,1,A,-,08,22107,,N,H,G,A,A,H,-,A,D,0,,Y,,,Y,Y,L,04,0,1,0,0,0,0,1,0,0,"- ","- ",,,"SAN DIEGO","LA MESA",-117.00629979,32.772238969999997
8142429,2016,2016-10-21,3708,2016-09-20,1334,IM1265,,2,5,5,3708,0,0,0,,0,001,"70TH ST","TOWER ST",657.00,S,N,C,-,N,,,,,,,,,,Y,3,0,1,2,A,-,17,22517,,N,G,G,A,B,G,-,A,D,0,,Y,,,Y,,A,01,0,1,0,0,0,0,1,0,0,"- ","- ",,,"SAN DIEGO","LA MESA",-117.04686834,32.76145082
8142863,2016,2016-10-19,3709,2016-03-26,1646,473,SCSC,6,5,5,3709,0,0,0,,0,020,"OSBORN ST","DIVISION ST",12.00,S,N,A,-,N,,,,,,,,,,N,3,0,2,3,A,-,10,21950,A,N,G,B,B,A,H,-,A,A,0,Y,,,,Y,,A,01,0,1,1,0,2,0,0,0,0,"- ","- ",,,"SAN DIEGO","NATIONAL CITY",-117.10961729,32.682698940000002
8143209,2016,2016-10-27,3711,2016-10-06,1157,6810,,4,5,7,3711,0,0,0,,0,934,"RUETTE DE MER","CAMINITO RADIANTE",0.00,,Y,A,-,N,,,,,,,,,,N,4,0,1,2,A,-,09,21800,,N,A,G,A,A,H,-,A,A,0,,Y,,,Y,,-,,0,0,1,0,0,0,1,0,0,"- ","- ",,,"SAN DIEGO","SAN DIEGO",-117.20488003,32.946770049999998
8143263,2016,2016-11-02,3711,2016-10-13,0949,6841,,4,5,7,3711,0,0,0,,0,122,"STRAND WY","STRAND WY 4100",0.00,,-,A,-,N,,,,,,,,,,N,3,0,1,2,A,-,11,21950,B,N,G,B,D,A,H,-,A,D,0,Y,,,,Y,,N,60,0,1,0,0,1,0,0,0,0,"- ","- ",,,"SAN DIEGO","SAN DIEGO",-117.1700424,32.675600629999998
8143271,2016,2016-10-28,3711,2016-10-18,0730,7376,,2,5,7,3711,0,0,0,,0,111,"LIMERICK AV","TRIANA ST",0.00,,Y,A,-,N,,,,,,,,,,N,4,0,1,2,A,-,10,21950,A,N,G,G,A,A,H,-,B,A,0,,Y,,,Y,,A,01,0,0,1,0,0,0,1,0,0,"- ","- ",,,"SAN DIEGO","SAN DIEGO",-117.17888006,32.829430109999997
8143447,2016,2016-11-17,3710,2016-10-19,1055,OC1311,,3,5,6,3710,0,0,0,,0,037,"THUNDER DR","LAKE BL",47.00,N,N,A,-,N,,,,,,,,,,N,3,0,1,2,A,-,09,21806,A,N,B,G,A,A,H,-,A,A,0,,Y,,,Y,,L,04,0,1,0,0,0,0,1,0,0,"- ","- ",,,"SAN DIEGO",OCEANSIDE,-117.28807437,33.180132899999997
8143560,2016,2017-01-19,3711,2016-09-12,1400,7067,,1,5,7,3711,0,0,0,,0,613,CHATSWORTH,POINTSETTIA,20.00,W,N,A,-,N,,,,,,,,,,N,3,0,1,2,A,-,"- ",,,N,B,G,A,A,H,-,A,A,0,,Y,,,Y,,-,,0,1,0,0,0,0,1,0,0,"- ","- ",,,"SAN DIEGO","SAN DIEGO",-117.2289486,32.738746560000003
8143575,2016,2017-01-19,3708,2016-10-15,1830,LM1158,,6,5,5,3708,0,0,0,,0,003,"BALTIMORE DR","BERTRO DR",0.00,,Y,A,-,N,,,,,,,,,,N,4,0,1,2,A,-,10,21950,A,N,G,B,B,A,H,-,A,A,0,Y,,,,Y,,A,01,0,0,1,0,1,0,0,0,0,"- ","- ",,,"SAN DIEGO","LA MESA",-117.0348801,32.786320109999998
8143659,2016,2017-01-19,3711,2016-10-26,1343,6104,,3,5,7,3711,0,0,0,,0,614,"VOLTAIRE ST","EBERS ST",0.00,,Y,A,-,N,,,,,,,,,,N,3,0,1,2,A,-,05,21202,A,N,B,G,A,A,H,-,A,A,0,,Y,,,Y,,L,04,0,1,0,0,0,0,1,0,0,"- ","- ",,,"SAN DIEGO","SAN DIEGO",-117.24139012000001,32.748830069999997
8143670,2016,2017-01-19,3705,2016-10-07,1550,EC0347,,5,5,5,3705,0,0,0,,0,006,"EL CAJON BL","W LEXINGTON",180.00,S,N,-,-,N,,,,,,,,,,N,4,0,1,2,A,-,05,21650,,N,D,G,A,A,H,-,A,D,0,,Y,,,Y,,L,04,0,0,1,0,0,0,1,0,0,"- ","- ",,,"SAN DIEGO","EL CAJON",-116.9701374,32.792646959999999
8143689,2016,2017-01-19,3711,2016-10-31,1624,6468,3711,1,5,7,3711,0,0,0,,0,616,"TALBOT ST","GAGE ST",0.00,,Y,A,-,N,,,,,,,,,,N,3,0,1,2,A,-,09,21801,A,N,B,G,A,A,H,-,A,D,0,,Y,,,Y,,A,07,0,1,0,0,0,0,1,0,0,"- ","- ",,,"SAN DIEGO","SAN DIEGO",-117.23934013,32.721450050000001
8144338,2016,2016-12-03,3711,2016-07-01,2104,7386,,5,5,7,3711,0,0,0,,0,521,"17TH ST","MARKET ST",6.00,N,N,A,-,N,,,,,,,,,,N,3,0,1,2,A,-,10,21950,A,N,G,B,D,A,H,-,C,A,0,Y,,,,Y,,-,"- ",0,1,0,0,1,0,0,0,0,"- ","- ",,,"SAN DIEGO","SAN DIEGO",-117.1485503,32.711556430000002
8144664,2016,2016-12-19,3711,2016-11-25,1716,6958,,5,5,7,3711,0,0,0,,0,622,"MORENA BL","TECOLOTE RD",0.00,,Y,A,-,N,,,,,,,,,,N,3,0,1,2,A,-,05,21650,1,N,D,G,A,A,H,-,C,A,0,,Y,,,Y,,L,04,0,1,0,0,0,0,1,0,0,"- ","- ",,,"SAN DIEGO","SAN DIEGO",-117.20290011,32.772720110000002
8144668,2016,2016-12-19,3711,2016-11-20,2100,7444,,7,5,7,3711,0,0,0,,0,521,"MARKET ST","13TH ST",18.00,E,N,C,-,,,,,,,,,,,N,3,0,1,2,A,-,"- ",,,M,G,B,B,B,H,-,C,A,0,Y,,,,Y,,-,,0,1,0,0,1,0,0,0,0,"- ","- ",,,"SAN DIEGO","SAN DIEGO",-117.15275167999999,32.711539999999999
8144737,2016,2016-12-19,3711,2016-11-28,1150,7438,,1,5,7,3711,0,0,0,,0,529,"1ST AV","1ST AVE 1700",7.00,W,N,A,-,N,,,,,,,,,,N,4,0,1,2,A,-,11,21461,5,N,G,B,D,A,H,-,A,A,0,Y,,,,Y,,N,60,0,0,1,0,1,0,0,0,0,"- ","- ",,,"SAN DIEGO","SAN DIEGO",,
8144741,2016,2016-12-16,3711,2016-11-21,1510,7179,,1,5,7,3711,0,0,0,,0,512,"COMMERCIAL ST","24TH ST",6.00,S,N,A,-,,,,,,,,,,,,4,0,1,2,A,-,"- ",,,N,G,B,D,A,H,-,A,D,0,Y,,,,Y,,-,"- ",0,0,1,0,1,0,0,0,0,"- ","- ",,,"SAN DIEGO","SAN DIEGO",-117.14239999999999,32.705300000000001
8144987,2016,2016-12-27,3711,2016-12-03,1600,711,,6,5,7,3711,0,0,0,,0,,"KETTNER BL","CEDAR ST",0.00,,Y,A,-,N,,,,,,,,,,N,4,0,1,2,A,-,08,22107,,N,B,B,B,A,H,-,A,D,0,Y,,,,Y,,A,01,0,0,1,0,1,0,0,0,0,"- ","- ",,,"SAN DIEGO","SAN DIEGO",-117.16919008000001,32.721940099999998
8145101,2016,2017-02-18,3700,2016-08-12,2115,SH7690,,5,5,4,3707,0,0,0,,0,702,"PALM AV","10TH ST",103.00,W,N,A,-,Y,SD,11,75,-,-,10.450,H,-,N,Y,2,0,2,3,A,-,01,23153,A,N,G,B,F,A,H,-,C,D,0,Y,,,,Y,Y,D,22,2,0,0,0,2,0,0,0,0,"- ","- ",,,"SAN DIEGO","IMPERIAL BEACH",-117.11221183000001,32.583977959999999
8145595,2016,2017-02-06,3710,2016-09-01,0603,OC0754,,4,5,6,3710,0,0,0,,0,001,"COAST HWY","MONTEREY ST",591.00,S,N,B,-,N,,,,,,,,,,N,2,0,1,2,A,-,02,21654,A,N,C,G,A,A,H,-,C,D,0,,Y,,,Y,,L,04,1,0,0,0,0,0,1,0,0,"- ","- ",,,"SAN DIEGO",OCEANSIDE,-117.38527537,33.206464830000002
8146108,2016,2016-10-18,3711,2016-10-05,0754,7288,,3,5,7,3711,0,0,0,,0,723,"DEL SOL BL","OCEAN VIEW HILLS",9.00,N,N,A,-,N,,,,,,,,,,N,4,0,1,2,A,-,10,21950,A,N,G,B,B,A,H,-,A,A,0,Y,,,,Y,,-,,0,0,1,0,1,0,0,0,0,"- ","- ",,,"SAN DIEGO","SAN DIEGO",-117.02173999999999,32.574379999999998
8146188,2016,2016-10-17,3706,2016-10-06,1028,499,ESCON,4,5,6,3706,0,0,0,,0,042,"WASHINGTON AV","ESCONDIDO BL",31.00,W,N,A,-,N,,,,,,,,,,N,3,0,1,2,A,-,10,21952,,N,G,B,E,A,H,-,A,D,0,Y,,,,Y,,A,01,0,1,0,0,1,0,0,0,0,"- ","- ",33.125729999999997,-117.0879,"SAN DIEGO",ESCONDIDO,-117.08803428,33.125679730000002
8146192,2016,2016-10-17,3706,2016-10-05,0848,342,ESCON,3,5,6,3706,0,0,0,,0,046,"VALLEY PKWY","BEAR VALLEY PKWY",910.00,W,N,A,-,N,,,,,,,,,,N,3,0,1,2,A,-,05,21650,,N,D,G,A,A,H,-,A,D,0,,Y,,,Y,,L,04,0,1,0,0,0,0,1,0,0,"- ","- ",,,"SAN DIEGO",ESCONDIDO,-117.04121661000001,33.142422019999998
8146235,2016,2016-10-17,3706,2016-10-10,0740,496,ESCON,1,5,6,3706,0,0,0,,0,042,"VALLEY PKWY","FIG ST",22.00,E,N,A,-,N,,,,,,,,,,N,3,0,2,3,A,-,11,21456,B,N,G,B,D,A,H,-,A,A,0,Y,,,,Y,,-,"- ",0,1,1,0,2,0,0,0,0,"- ","- ",33.127299999999998,-117.07407000000001,"SAN DIEGO",ESCONDIDO,-117.07385726,33.127319059999998
8146528,2016,2016-10-19,3711,2016-10-10,1107,5985,,1,5,7,3711,0,0,0,,0,524,"PACIFIC HWY","WEST ASH ST",0.00,,Y,A,-,N,,,,,,,,,,N,4,0,1,2,A,-,05,21650,1,N,H,G,A,A,H,-,A,A,0,,Y,,,Y,,L,04,0,0,1,0,0,0,1,0,0,"- ","- ",,,"SAN DIEGO","SAN DIEGO",-117.17104008,32.719870010000001
8146536,2016,2016-10-31,3711,2016-09-10,0930,6252,,6,5,7,3711,0,0,0,,0,822,"UNIVERSITY AV","60TH ST",135.00,W,N,A,-,N,,,,,,,,,,N,2,0,1,2,A,-,11,21954,A,N,G,B,E,A,H,-,A,D,0,Y,,,,Y,,N,60,1,0,0,0,1,0,0,0,0,"- ","- ",,,"SAN DIEGO","SAN DIEGO",-117.06730129,32.75220496