CASE_ID,ACCIDENT_YEAR,PROC_DATE,JURIS,COLLISION_DATE,COLLISION_TIME,OFFICER_ID,REPORTING_DISTRICT,DAY_OF_WEEK,CHP_SHIFT,POPULATION,CNTY_CITY_LOC,SPECIAL_COND,BEAT_TYPE,CHP_BEAT_TYPE,CITY_DIVISION_LAPD,CHP_BEAT_CLASS,BEAT_NUMBER,PRIMARY_RD,SECONDARY_RD,DISTANCE,DIRECTION,INTERSECTION,WEATHER_1,WEATHER_2,STATE_HWY_IND,CALTRANS_COUNTY,CALTRANS_DISTRICT,STATE_ROUTE,ROUTE_SUFFIX,POSTMILE_PREFIX,POSTMILE,LOCATION_TYPE,RAMP_INTERSECTION,SIDE_OF_HWY,TOW_AWAY,COLLISION_SEVERITY,NUMBER_KILLED,NUMBER_INJURED,PARTY_COUNT,PRIMARY_COLL_FACTOR,PCF_CODE_OF_VIOL,PCF_VIOL_CATEGORY,PCF_VIOLATION,PCF_VIOL_SUBSECTION,HIT_AND_RUN,TYPE_OF_COLLISION,MVIW,PED_ACTION,ROAD_SURFACE,ROAD_COND_1,ROAD_COND_2,LIGHTING,CONTROL_DEVICE,CHP_ROAD_TYPE,PEDESTRIAN_ACCIDENT,BICYCLE_ACCIDENT,MOTORCYCLE_ACCIDENT,TRUCK_ACCIDENT,NOT_PRIVATE_PROPERTY,ALCOHOL_INVOLVED,STWD_VEHTYPE_AT_FAULT,CHP_VEHTYPE_AT_FAULT,COUNT_SEVERE_INJ,COUNT_VISIBLE_INJ,COUNT_COMPLAINT_PAIN,COUNT_PED_KILLED,COUNT_PED_INJURED,COUNT_BICYCLIST_KILLED,COUNT_BICYCLIST_INJURED,COUNT_MC_KILLED,COUNT_MC_INJURED,PRIMARY_RAMP,SECONDARY_RAMP,LATITUDE,LONGITUDE,COUNTY,CITY,POINT_X,POINT_Y
8164960,2016,2016-11-09,3706,2016-10-26,0735,0354,ESCON,3,5,6,3706,0,0,0,,0,055,"AUTOPARK WY","9TH AV",0.00,,Y,A,-,N,,,,,,,,,,N,3,0,1,2,A,-,09,21801,A,N,D,G,A,A,H,-,A,A,0,,Y,,,Y,,A,01,0,1,0,0,0,0,1,0,0,"- ","- ",,,"SAN DIEGO",ESCONDIDO,-117.09803012,33.108750030000003
8165300,2016,2016-11-14,3711,2016-11-01,0742,6104,,2,5,7,3711,0,0,0,,0,613,"CATALINA BL","BERNICE DR",0.00,,Y,A,-,N,,,,,,,,,,N,3,0,1,2,A,-,09,21804,A,N,D,G,A,A,H,-,A,D,0,,Y,,,Y,,-,,0,1,0,0,0,0,1,0,0,"- ","- ",,,"SAN DIEGO","SAN DIEGO",-117.23686006,32.739120079999999
8165324,2016,2016-11-14,3711,2016-11-02,1601,6796,,3,5,7,3711,0,0,0,,0,447,"BROOKLINE ST","ELM ST",111.00,N,N,A,-,N,,,,,,,,,,N,3,0,1,2,A,-,11,21950,B,N,G,B,E,A,H,-,A,D,0,Y,,,,Y,,N,60,0,1,0,0,1,0,0,0,0,"- ","- ",,,"SAN DIEGO","SAN DIEGO",-117.09136789999999,32.724434039999998
8165336,2016,2016-11-14,3711,2016-11-02,0715,7130,,3,5,7,3711,0,0,0,,0,831,"FAIRMOUNT AV","POLK AV",0.00,,Y,A,-,N,,,,,,,,,,N,4,0,1,2,A,-,09,21802,A,N,D,G,A,A,H,-,A,A,0,,Y,,,Y,,L,04,0,0,1,0,0,0,1,0,0,"- ","- ",,,"SAN DIEGO","SAN DIEGO",-117.10088008,32.751410010000001
8166596,2016,2017-01-18,3711,2016-12-24,1323,6998,,6,5,7,3711,0,0,0,,0,446,"LOGAN AV","EUCLID AV",564.00,W,N,B,G,N,,,,,,,,,,N,1,1,0,2,A,-,11,21950,B,N,G,B,D,A,H,-,A,D,0,Y,,,,Y,,N,60,0,0,0,1,0,0,0,0,0,"- ","- ",,,"SAN DIEGO","SAN DIEGO",-117.08692519,32.696790010000001
8166610,2016,2017-01-25,3701,2016-12-04,2022,5191,2,7,5,5,3701,0,0,0,,0,001,"JEFFERSON ST","GRAND AV",7.00,N,N,A,-,N,,,,,,,,,,Y,1,1,0,2,A,-,01,23153,A,N,G,B,B,A,H,-,C,A,0,Y,,,,Y,Y,D,22,0,0,0,1,0,0,0,0,0,"- ","- ",33.162559999999999,-117.34661,"SAN DIEGO",CARLSBAD,-117.3465427,33.162445929999997
8166634,2016,2018-09-27,3711,2016-12-31,2121,6146,,6,5,7,3711,0,0,0,,0,824,"FAIRMOUNT AV","MEADE AV",3168.00,N,N,B,C,N,,,,,,,,,,Y,1,1,0,2,A,-,11,21954,A,N,G,B,D,B,H,-,C,D,0,Y,,,,Y,,N,60,0,0,0,1,0,0,0,0,0,"- ","- ",,,"SAN DIEGO","SAN DIEGO",-117.09699765000001,32.764441120000001
8166643,2016,2017-01-31,3711,2016-12-08,1802,6034,,4,5,7,3711,0,0,0,,0,233,"RANCHO PENASQUITOS BL","CALLE DE LAS ROSAS",14.00,N,N,A,-,N,,,,,,,,,,Y,1,1,0,2,A,-,11,21456,B,N,G,B,B,A,H,-,C,A,0,Y,,,,Y,,N,60,0,0,0,1,0,0,0,0,0,"- ","- ",,,"SAN DIEGO","SAN DIEGO",-117.11005168,32.956327520000002
8166659,2016,2017-02-01,3711,2016-11-03,1929,4243,,4,5,7,3711,0,0,0,,0,233,"CARMEL MOUNTAIN RD","GERANA ST",37.00,S,N,A,-,N,,,,,,,,,,Y,1,1,0,2,A,-,11,21950,B,N,G,B,D,A,H,-,E,D,0,Y,,,,Y,,N,60,0,0,0,1,0,0,0,0,0,"- ","- ",,,"SAN DIEGO","SAN DIEGO",-117.09295514,32.973126069999999
8166722,2016,2018-09-27,3702,2016-12-04,1846,CV0967,,7,5,6,3702,0,0,0,,0,022,"3RD AV","ORANGE AV",115.00,N,N,A,-,N,,,,,,,,,,Y,1,1,0,2,A,-,01,23152,A,F,G,B,F,A,H,-,C,D,0,Y,,,,Y,Y,A,01,0,0,0,1,0,0,0,0,0,"- ","- ",,,"SAN DIEGO","CHULA VISTA",-117.06457632999999,32.602127719999999
8166784,2016,2017-03-16,3700,2016-09-12,1958,SH0021,,1,5,5,3713,0,0,0,,0,314,"SOUTH SANTA FE AV","SANTA ANITA PL",82.00,E,N,A,-,N,,,,,,,,,,N,1,1,0,2,A,-,11,21954,A,F,G,B,D,A,H,-,C,D,0,Y,,,,Y,Y,N,60,0,0,0,1,0,0,0,0,0,"- ","- ",,,"SAN DIEGO",VISTA,-117.23139896000001,33.192713210000001
8166790,2016,2017-03-27,3701,2016-08-09,1239,5191,1,2,5,5,3701,0,0,0,,0,001,"WASHINGTON ST","CARLSBAD VILLAGE DR",7.00,S,N,A,-,N,,,,,,,,,,Y,1,1,0,2,A,-,11,21950,B,N,G,B,D,A,H,-,A,D,0,Y,,,,Y,,N,60,0,0,0,1,0,0,0,0,0,"- ","- ",33.158920000000002,-117.3496,"SAN DIEGO",CARLSBAD,-117.34971634999999,33.159004639999999
8166880,2016,2017-04-07,3700,2016-10-27,0931,SH5656,,4,5,5,3781,0,0,0,,0,514,"MISSION GORGE","1ST ST",0.00,,Y,A,-,N,,,,,,,,,,Y,1,1,0,2,A,-,10,21954,B,N,G,B,D,A,H,-,A,D,0,Y,,,,Y,,A,01,0,0,0,1,0,0,0,0,0,"- ","- ",,,"SAN DIEGO",SANTEE,-116.96893002,32.838390109999999
8166883,2016,2017-04-07,3711,2016-11-26,0545,5061,,6,5,7,3711,0,0,0,,0,324,"BLUE LAKE DR","JACKSON DR",7.00,E,N,B,-,N,,,,,,,,,,N,1,1,0,2,A,-,05,21650,,F,G,B,B,A,H,-,C,A,0,Y,,,,Y,,-,99,0,0,0,1,0,0,0,0,0,"- ","- ",,,"SAN DIEGO","SAN DIEGO",-117.0178373,32.791739999999997
8166900,2016,2018-09-24,3710,2016-07-14,1533,OC1363,,4,5,6,3710,0,0,0,,0,026,"VISTA WY","RANCHO DEL ORO",23.00,W,N,A,-,N,,,,,,,,,,Y,1,1,0,2,A,-,10,21950,A,N,G,B,B,-,H,-,A,A,0,Y,,,,Y,,A,01,0,0,0,1,0,0,0,0,0,"- ","- ",,,"SAN DIEGO",OCEANSIDE,-117.31148372,33.18193866
8166905,2016,2017-05-01,3710,2016-06-27,0615,OC1355,,1,5,6,3710,0,0,0,,0,033,"MISSION AV","ACADEMY RD",400.00,W,N,A,-,N,,,,,,,,,,Y,1,1,1,2,A,-,01,23152,A,F,G,B,F,A,H,-,A,D,0,Y,,,,Y,Y,A,01,0,1,0,1,0,0,0,0,0,"- ","- ",,,"SAN DIEGO",OCEANSIDE,-117.31512115,33.230443800000003
8166906,2016,2017-04-19,3710,2016-04-21,1600,OC1363,,4,5,6,3710,0,0,0,,0,010,MISSION,MESA,592.00,E,N,A,-,N,,,,,,,,,,Y,1,1,0,2,A,-,01,23152,A,N,G,B,E,-,H,-,A,D,0,Y,,,,Y,Y,A,01,0,0,0,1,0,0,0,0,0,"- ","- ",,,"SAN DIEGO",OCEANSIDE,-117.35743312,33.20902478
8166909,2016,2017-04-21,3710,2016-07-03,2311,OC1355,,7,5,6,3710,0,0,0,,0,006,"RT 76","RT 5",400.00,E,N,A,-,Y,SD,11,5,-,R,54.044,R,4,S,Y,1,1,0,2,A,-,11,21950,B,N,G,B,D,A,H,-,C,D,0,Y,,,,Y,Y,N,60,0,0,0,1,0,0,0,0,0,"- ",SO,,,"SAN DIEGO",OCEANSIDE,-117.3844922,33.205913160000001
8166924,2016,2017-04-29,3702,2016-12-30,1720,CV1116,,5,5,6,3702,0,0,0,,0,013,"4TH AV","F ST",160.00,S,N,B,-,N,,,,,,,,,,N,1,1,0,2,A,-,11,21954,A,N,G,B,D,B,H,-,C,D,0,Y,,,,Y,,N,60,0,0,0,1,0,0,0,0,0,"- ","- ",,,"SAN DIEGO","CHULA VISTA",-117.08382218,32.639705380000002
8166981,2016,2017-05-17,3705,2016-12-15,1736,EC0160,,4,5,5,3705,0,0,0,,0,009,"EAST MAIN ST","SAFARI DR",32.00,E,N,C,-,N,,,,,,,,,,Y,1,1,1,2,A,-,11,21950,B,N,G,B,D,B,H,-,C,D,0,Y,,,,Y,,N,60,0,1,0,1,0,0,0,0,0,"- ","- ",,,"SAN DIEGO","EL CAJON",-116.94209625000001,32.794931249999998
8166990,2016,2018-09-24,3700,2016-12-27,1525,SH0029,,2,5,5,3713,0,0,0,,0,306,"NORTH SANTA FE AV","W INDIAN ROCK RD",13.00,S,N,A,-,N,,,,,,,,,,N,1,1,0,2,A,-,10,21950,A,N,G,B,B,A,H,-,A,A,0,Y,,,,Y,,A,01,0,0,0,1,0,0,0,0,0,"- ","- ",,,"SAN DIEGO",VISTA,-117.24494021,33.217434390000001
8167042,2018,2018-03-08,3711,2018-01-01,0126,6000,,1,5,7,3711,0,0,0,,0,722,"PALM AV","18TH ST",115.00,E,N,B,E,N,,,,,,,,,,N,1,1,0,2,A,-,11,21954,A,N,G,B,E,B,H,-,C,D,0,Y,,,,Y,Y,N,60,0,0,0,1,0,0,0,0,0,"- ","- ",,,"SAN DIEGO","SAN DIEGO",-117.09452819824219,32.583763122558594
8167046,2018,2020-05-26,3700,2018-01-09,1836,SH5502,,2,5,5,3782,0,0,0,,0,223,"NORTH EL CAMINO REAL","ENCINITAS BL",529.00,N,N,C,-,N,,,,,,,,,,Y,1,1,0,2,A,-,11,21954,A,N,G,B,D,B,H,-,C,D,0,Y,,,,Y,Y,N,60,0,0,0,1,0,0,0,0,0,"- ","- ",,,"SAN DIEGO",ENCINITAS,-117.25969696044922,33.047389984130859
8167053,2018,2020-05-21,3711,2018-01-15,1736,4243,,1,5,7,3711,0,0,0,,0,838,"EL CAJON BL","36TH ST",0.00,,Y,B,-,N,,,,,,,,,,N,1,1,0,2,A,-,10,21950,A,N,G,B,B,A,H,-,C,D,0,Y,,,,Y,,D,22,0,0,0,1,0,0,0,0,0,"- ","- ",,,"SAN DIEGO","SAN DIEGO",-117.11578369140625,32.755290985107422
8167173,2018,2020-05-26,3708,2018-01-26,2100,LM1225,,5,5,5,3708,0,0,0,,0,004,"FLETCHER PKWY","NAGEL ST",0.00,,Y,A,-,N,,,,,,,,,,Y,1,1,0,2,A,-,11,21453,D,N,G,B,D,A,H,-,C,A,0,Y,,,,Y,Y,N,60,0,0,0,1,0,0,0,0,0,"- ","- ",,,"SAN DIEGO","LA MESA",-117.01222991943359,32.782440185546875
8167210,2017,2019-04-08,3702,2017-11-05,1920,CV0777,,7,5,6,3702,0,0,0,,0,011,BROADWAY,"CHULA VISTA ST",142.00,N,N,A,-,N,,,,,,,,,,Y,1,1,1,2,A,-,11,21950,B,N,G,B,D,A,H,-,C,D,0,Y,,,,Y,Y,N,60,0,0,1,1,0,0,0,0,0,"- ","- ",,,"SAN DIEGO","CHULA VISTA",-117.09549895000001,32.646457990000002
8167237,2018,2020-05-22,3705,2018-03-13,1714,EC0278,,2,5,5,3705,0,0,0,,0,002,GREENFIELD,"N MOLLISON",777.00,W,N,A,-,N,,,,,,,,,,Y,1,1,1,2,A,-,08,22107,,N,G,B,F,A,H,-,A,D,0,Y,,,,Y,,A,07,0,1,0,1,0,0,0,0,0,"- ","- ",,,"SAN DIEGO","EL CAJON",-116.95321655273438,32.813316345214844
8167526,2017,2018-03-07,3700,2017-12-07,1715,SH0320,,4,5,5,3713,0,0,0,,0,302,"EAST BOBIER DR","CALLE JULES",436.00,E,N,A,-,N,,,,,,,,,,N,1,1,0,2,A,-,11,21954,A,N,G,B,D,A,H,-,D,D,0,Y,,,Y,Y,,N,60,0,0,0,1,0,0,0,0,0,"- ","- ",,,"SAN DIEGO",VISTA,-117.22793901999999,33.217198260000004
8167533,2017,2018-03-08,3705,2017-08-26,2049,EC278,,6,5,5,3705,0,0,0,,0,010,"EAST MAIN ST",TAFT,20.00,E,N,A,-,N,,,,,,,,,,Y,1,1,0,2,A,-,11,21950,B,N,G,B,-,A,H,-,C,A,0,Y,,,,Y,,N,60,0,0,0,1,0,0,0,0,0,"- ","- ",,,"SAN DIEGO","EL CAJON",-116.95634515,32.79495
8167570,2018,2018-06-12,3711,2018-01-06,2025,6146,,6,5,7,3711,0,0,0,,0,813,"UNIVERSITY AV","3900 BANCROFT ST",53.70,E,N,A,-,N,,,,,,,,,,Y,1,1,0,2,A,-,10,21954,B,N,G,B,D,A,H,-,C,D,0,Y,,,,Y,,A,01,0,0,0,1,0,0,0,0,0,"- ","- ",,,"SAN DIEGO","SAN DIEGO",-117.12376893,32.74849236
8169460,2016,2016-11-16,3711,2016-10-11,1518,5611,,2,5,7,3711,0,0,0,,0,243,"STROMESA CT","STROMESA CT 7900",7.00,N,N,B,-,N,,,,,,,,,,N,3,0,1,2,-,-,"- ",,,N,G,B,E,A,H,-,A,D,0,Y,,,,Y,,-,"- ",0,1,0,0,1,0,0,0,0,"- ","- ",,,"SAN DIEGO","SAN DIEGO",,
8169468,2016,2016-11-16,3711,2016-10-31,0853,7524,,1,5,7,3711,0,0,0,,0,234,"PASEO LUCIDO","CORTE SABIO",5.00,N,N,A,-,N,,,,,,,,,,N,4,0,1,2,A,-,10,21950,A,N,G,B,B,A,H,-,A,D,0,Y,,,,Y,,-,,0,0,1,0,1,0,0,0,0,"- ","- ",,,"SAN DIEGO","SAN DIEGO",-117.06678608999999,32.999903289999999
8169474,2016,2016-12-01,3711,2016-11-02,2242,7264,,3,5,7,3711,0,0,0,,0,624,"EL CAJON BL","MISSISSIPPI ST",0.00,,Y,A,-,N,,,,,,,,,,N,3,0,1,2,A,-,03,22350,,N,G,B,B,A,H,-,C,D,0,Y,,,,Y,,A,01,0,1,0,0,1,0,0,0,0,"- ","- ",,,"SAN DIEGO","SAN DIEGO",-117.14133007,32.75520006
8169500,2016,2016-11-16,3711,2016-10-31,1945,7354,,1,5,7,3711,0,0,0,,0,712,"BEYER BL","BEYER BL 3500",24.00,W,N,B,-,N,,,,,,,,,,N,4,0,1,2,A,-,11,21950,B,N,G,B,D,A,H,-,D,D,0,Y,,,,Y,,N,60,0,0,1,0,1,0,0,0,0,"- ","- ",,,"SAN DIEGO","SAN DIEGO",,
8169683,2016,2017-01-04,3711,2016-11-05,1748,7410,,6,5,7,3711,0,0,0,,0,835,"PEPPER DR","SNOWDROP ST",0.00,,Y,A,-,N,,,,,,,,,,N,4,0,1,2,A,-,07,21658,,N,A,G,A,A,H,-,B,D,0,,Y,,,Y,,L,04,0,0,1,0,0,0,1,0,0,"- ","- ",,,"SAN DIEGO","SAN DIEGO",-117.10421001,32.73443005
8169686,2016,2017-01-04,3711,2016-11-03,0640,6208,SANDI,4,5,7,3711,0,0,0,,0,327,"ALVARADO RD","ALVARADO CT",1056.00,E,N,B,-,N,,,,,,,,,,N,2,0,1,2,A,-,"- ",,,N,A,B,E,A,C,-,C,D,0,Y,,,,Y,Y,N,60,1,0,0,0,1,0,0,0,0,"- ","- ",,,"SAN DIEGO","SAN DIEGO",-117.05887058,32.777656239999999
8169687,2016,2016-11-16,3711,2016-11-03,1255,7040,,4,5,7,3711,0,0,0,,0,823,"58TH ST","BATES ST",0.00,W,N,A,-,N,,,,,,,,,,N,4,0,1,2,A,-,09,21804,A,N,D,G,A,A,H,-,A,D,0,,Y,,,Y,,-,,0,0,1,0,0,0,1,0,0,"- ","- ",,,"SAN DIEGO","SAN DIEGO",-117.07155004000001,32.747890060000003
8169695,2016,2016-11-16,3711,2016-11-05,1355,5888,,6,5,7,3711,0,0,0,,0,433,"FEDERAL AV","WINNETT ST",0.00,,Y,A,-,N,,,,,,,,,,N,4,0,1,2,A,-,08,22107,,N,D,B,A,A,H,-,A,-,0,,,,,Y,,A,01,0,0,1,0,0,0,0,0,0,"- ","- ",,,"SAN DIEGO","SAN DIEGO",-117.06374011,32.7289101
8169698,2016,2016-11-16,3711,2016-11-05,1255,7490,,6,5,7,3711,0,0,0,,0,124,"DESERT VIEW DR","SOLEDAD MOUNTAIN RD",300.00,E,N,A,-,N,,,,,,,,,,N,3,0,1,2,A,-,21,22106,,N,B,G,A,A,H,-,A,D,0,,Y,,,Y,,A,01,0,1,0,0,0,0,1,0,0,"- ","- ",,,"SAN DIEGO","SAN DIEGO",-117.23438612,32.823304899999997
8169703,2016,2016-11-16,3711,2016-11-05,1627,7507,,6,5,7,3711,0,0,0,,0,522,"PACIFIC HWY","W HARBOR DR",6.00,S,N,A,-,N,,,,,,,,,,N,3,0,1,2,A,-,10,21950,A,N,G,G,A,A,H,-,A,A,0,,Y,,,Y,,A,01,0,1,0,0,0,0,1,0,0,"- ","- ",,,"SAN DIEGO","SAN DIEGO",-117.17106,32.711453560000002
8169719,2016,2016-11-16,3711,2016-11-03,1902,6712,NORTH,4,5,7,3711,0,0,0,,0,115,"LEBON DR","CHARMANT DR",80.00,N,N,A,-,N,,,,,,,,,,N,4,0,1,2,A,-,08,22107,,N,D,G,A,A,H,-,C,A,0,,Y,,,Y,,L,04,0,0,1,0,0,0,1,0,0,"- ","- ",,,"SAN DIEGO","SAN DIEGO",-117.22532955,32.865032329999998
8169725,2016,2017-01-04,3711,2016-11-02,1600,4386,,3,5,7,3711,0,0,0,,0,626,"TAYLOR ST","CONGRESS ST",0.00,,Y,A,-,N,,,,,,,,,,N,3,0,1,2,A,-,17,21461,A,N,D,G,A,A,H,-,A,A,0,,Y,,,Y,,-,"- ",0,1,0,0,0,0,1,0,0,"- ","- ",,,"SAN DIEGO","SAN DIEGO",-117.19958004999999,32.755630109999998
8169727,2016,2016-11-16,3711,2016-11-04,0728,7132,"SAN D",5,5,7,3711,0,0,0,,0,233,"SUNDANCE  AV","TWIN TRAILS DR",0.00,S,N,A,-,N,,,,,,,,,,N,3,0,1,2,A,-,12,22450,A,N,D,G,A,A,H,-,A,A,0,,Y,,,Y,,L,04,0,1,0,0,0,0,1,0,0,"- ","- ",,,"SAN DIEGO","SAN DIEGO",-117.13177007,32.958610040000003
8169737,2016,2016-11-16,3711,2016-11-01,0912,5985,,2,5,7,3711,0,0,0,,0,522,"1ST AV","MARKET ST",0.00,,Y,A,-,N,,,,,,,,,,N,4,0,1,2,A,-,12,21453,A,N,H,G,A,A,H,-,A,A,0,,Y,,,Y,,L,04,0,0,1,0,0,0,1,0,0,"- ","- ",,,"SAN DIEGO","SAN DIEGO",-117.16379000000001,32.711510089999997
8169743,2016,2016-11-16,3711,2016-11-05,0743,5292,"SAN D",6,5,7,3711,0,0,0,,0,529,"W HAWTHORN",BRANT,9.00,N,N,A,-,N,,,,,,,,,,N,4,0,1,2,A,-,09,21802,,N,D,G,A,A,H,-,A,D,0,,Y,,,Y,,-,,0,0,1,0,0,0,1,0,0,"- ","- ",,,"SAN DIEGO","SAN DIEGO",-117.16665999999999,32.727200000000003
8169747,2016,2016-11-16,3711,2016-11-07,1301,6461,,1,5,7,3711,0,0,0,,0,122,"GARNET AV",FANUEL,100.00,W,N,A,-,N,,,,,,,,,,N,3,0,1,2,A,-,09,21800,A,N,D,G,A,A,H,-,A,D,0,,Y,,,Y,,A,01,0,1,0,0,0,0,1,0,0,"- ","- ",,,"SAN DIEGO","SAN DIEGO",-117.24666442,32.798462630000003
8169748,2016,2017-01-03,3709,2016-11-05,2330,487,3709,6,5,5,3709,0,0,0,,0,021,"8TH ST","K AV",0.00,,N,A,-,N,,,,,,,,,,Y,3,0,1,2,A,-,01,23153,A,N,G,B,C,A,H,-,C,D,0,Y,,,,Y,Y,A,01,0,1,0,0,1,0,0,0,0,"- ","- ",,,"SAN DIEGO","NATIONAL CITY",-117.09566001,32.678980009999997
8169749,2016,2017-03-06,3711,2016-11-03,1300,5985,,4,5,7,3711,0,0,0,,0,521,"16TH ST","E ST",80.00,N,N,A,-,Y,SD,11,5,-,R,14.957,R,4,S,N,4,0,1,2,A,-,06,21750,,M,H,G,A,A,H,-,A,D,0,,Y,,,Y,,-,99,0,0,1,0,0,0,1,0,0,"- ","- ",,,"SAN DIEGO","SAN DIEGO",-117.147757,32.712448819999999
8169751,2016,2016-11-16,3711,2016-11-06,1546,7428,SANDI,7,5,7,3711,0,0,0,,0,121,"BAYSIDE LN","SAN JOSE PL",0.00,,Y,A,-,N,,,,,,,,,,N,3,0,1,2,A,-,09,21800,A,N,D,G,A,A,H,-,A,D,0,,Y,,,Y,,L,04,0,1,0,0,0,0,1,0,0,"- ","- ",,,"SAN DIEGO","SAN DIEGO",-117.25210010000001,32.784870099999999
8169753,2016,2016-11-16,3711,2016-11-05,0200,6415,,6,5,7,3711,0,0,0,,0,834,"WIGHTMAN ST","42ND ST",0.00,,Y,B,-,N,,,,,,,,,,N,3,0,1,2,A,-,10,21950,A,M,-,B,D,A,H,-,C,D,0,Y,,,,Y,,-,99,0,1,0,0,1,0,0,0,0,"- ","- ",,,"SAN DIEGO","SAN DIEGO",-117.10449013,32.74776001
8169756,2016,2016-11-16,3709,2016-11-04,1926,0486,"SAN D",5,5,5,3709,0,0,0,,0,020,"D AV","16TH ST",0.00,,Y,A,-,N,,,,,,,,,,N,4,0,1,2,A,-,10,21950,A,F,G,B,B,A,-,-,C,A,0,Y,,,,Y,,-,,0,0,1,0,1,0,0,0,0,"- ","- ",,,"SAN DIEGO","NATIONAL CITY",-117.10010006,32.670070070000001
8169759,2016,2016-11-16,3711,2016-11-06,1728,4759,"SAN D",7,5,7,3711,0,0,0,,0,122,"GARNET AV","JEWELL ST",352.00,W,N,B,-,N,,,,,,,,,,N,4,0,1,2,A,-,05,21650,1,N,D,G,A,A,H,-,B,D,0,,Y,,,Y,Y,L,04,0,0,1,0,0,0,1,0,0,"- ","- ",,,"SAN DIEGO","SAN DIEGO",-117.24006831,32.79993657
8170127,2016,2016-11-29,3701,2016-11-06,0118,5494,1,7,5,5,3701,0,0,0,,0,001,"GRAND AV","WASHINGTON ST",73.00,W,N,A,-,N,,,,,,,,,,N,2,0,1,2,A,-,11,21950,B,N,G,B,E,A,H,-,C,D,0,Y,,,,Y,Y,N,60,1,0,0,0,1,0,0,0,0,"- ","- ",33.159909999999996,-117.35074,"SAN DIEGO",CARLSBAD,-117.35076745000001,33.160038530000001
8170188,2016,2016-11-17,3701,2016-10-16,1831,5479,1,7,5,5,3701,0,0,0,,0,001,"CHRISTIANSEN ST","CARLSBAD BL",1.00,E,N,A,-,N,,,,,,,,,,N,4,0,1,2,A,-,10,21950,A,N,D,B,C,A,H,-,C,A,0,Y,,,,Y,,A,01,0,0,1,0,1,0,0,0,0,"- ","- ",,,"SAN DIEGO",CARLSBAD,-117.35249752,33.160001770000001
8170231,2016,2016-11-17,3701,2016-10-22,1008,5301,77,6,5,5,3701,0,0,0,,0,006,"PALOMAR AIRPORT RD","HIDDEN VALLEY RD",200.00,E,N,A,-,N,,,,,,,,,,Y,3,0,1,2,A,-,08,22107,,N,C,G,A,A,H,-,A,D,0,,Y,,,Y,,L,04,0,1,0,0,0,0,1,0,0,"- ","- ",33.123750000000001,-117.30553999999999,"SAN DIEGO",CARLSBAD,-117.30541044,33.123632800000003
8170236,2016,2016-11-17,3701,2016-10-27,0823,5444,56,4,5,5,3701,0,0,0,,0,005,"FARADAY AV","PALMER WY",502.00,E,N,A,-,N,,,,,,,,,,N,3,0,1,2,A,-,09,21801,A,N,D,G,A,A,H,-,A,D,0,,Y,,,Y,,A,01,0,1,0,0,0,0,1,0,0,"- ","- ",33.136400000000002,-117.27345,"SAN DIEGO",CARLSBAD,-117.27053678999999,33.136565840000003
8170358,2016,2016-11-18,3701,2016-11-01,1135,5191,35,2,5,5,3701,0,0,0,,0,002,"TAMARACK AV","SHERIDAN PL",15.00,E,N,A,-,N,,,,,,,,,,N,4,0,1,2,A,-,21,22106,,F,D,G,A,A,H,-,A,D,0,,Y,,,Y,,-,,0,0,1,0,0,0,1,0,0,"- ","- ",33.150759999999998,-117.33962,"SAN DIEGO",CARLSBAD,-117.33952458,33.150695140000003
8170398,2016,2016-11-18,3701,2016-11-02,1445,5191,34,3,5,5,3701,0,0,0,,0,003,"MAGNOLIA AV","ADAMS ST",6.00,W,N,A,-,N,,,,,,,,,,N,3,0,1,2,A,-,10,21950,A,N,G,B,B,A,H,-,A,A,0,Y,,,,Y,,A,01,0,1,0,0,1,0,0,0,0,"- ","- ",33.155940000000001,-117.33586,"SAN DIEGO",CARLSBAD,-117.33575700999999,33.155961900000001
8170529,2016,2016-11-17,3710,2016-10-23,1900,OC1391,,7,5,6,3710,0,0,0,,0,030,"CRAVEN RD","DEL ORO LN",25.00,E,N,A,-,N,,,,,,,,,,N,2,0,1,2,A,-,05,21650,,F,G,B,E,A,H,-,A,D,0,Y,,,,Y,Y,-,,1,0,0,0,1,0,0,0,0,"- ","- ",,,"SAN DIEGO",OCEANSIDE,-117.31806189,33.22679454
8170533,2016,2016-11-17,3710,2016-10-19,0813,OC0878,,3,5,6,3710,0,0,0,,0,018,"AVENIDA DESCANSO","LA MIRADA DR",17.00,N,N,A,-,N,,,,,,,,,,N,4,0,1,2,A,-,10,21950,A,N,G,B,B,A,H,-,A,D,0,Y,,,,Y,,A,07,0,0,1,0,1,0,0,0,0,"- ","- ",,,"SAN DIEGO",OCEANSIDE,-117.31087711000001,33.250746190000001
8170537,2016,2016-11-17,3710,2016-10-24,0730,OC1313,,1,5,6,3710,0,0,0,,0,011,"WILLOW AV","ACACIA AV",0.00,,Y,C,-,N,,,,,,,,,,N,3,0,1,2,A,-,03,22350,,N,B,G,A,B,H,-,A,D,0,,Y,,,Y,,L,04,0,1,0,0,0,0,1,0,0,"- ","- ",,,"SAN DIEGO",OCEANSIDE,-117.36257003,33.209800090000002
8170812,2016,2016-11-18,3711,2016-11-08,1830,4759,SANDI,2,5,7,3711,0,0,0,,0,122,"GRAND AV","OLNEY ST",3.00,E,N,A,-,N,,,,,,,,,,N,3,0,1,2,A,-,10,21950,A,N,D,G,A,A,H,-,C,A,0,,Y,,,Y,,-,,0,1,0,0,0,0,1,0,0,"- ","- ",,,"SAN DIEGO","SAN DIEGO",-117.22928056000001,32.800351990000003