CASE_ID,ACCIDENT_YEAR,PROC_DATE,JURIS,COLLISION_DATE,COLLISION_TIME,OFFICER_ID,REPORTING_DISTRICT,DAY_OF_WEEK,CHP_SHIFT,POPULATION,CNTY_CITY_LOC,SPECIAL_COND,BEAT_TYPE,CHP_BEAT_TYPE,CITY_DIVISION_LAPD,CHP_BEAT_CLASS,BEAT_NUMBER,PRIMARY_RD,SECONDARY_RD,DISTANCE,DIRECTION,INTERSECTION,WEATHER_1,WEATHER_2,STATE_HWY_IND,CALTRANS_COUNTY,CALTRANS_DISTRICT,STATE_ROUTE,ROUTE_SUFFIX,POSTMILE_PREFIX,POSTMILE,LOCATION_TYPE,RAMP_INTERSECTION,SIDE_OF_HWY,TOW_AWAY,COLLISION_SEVERITY,NUMBER_KILLED,NUMBER_INJURED,PARTY_COUNT,PRIMARY_COLL_FACTOR,PCF_CODE_OF_VIOL,PCF_VIOL_CATEGORY,PCF_VIOLATION,PCF_VIOL_SUBSECTION,HIT_AND_RUN,TYPE_OF_COLLISION,MVIW,PED_ACTION,ROAD_SURFACE,ROAD_COND_1,ROAD_COND_2,LIGHTING,CONTROL_DEVICE,CHP_ROAD_TYPE,PEDESTRIAN_ACCIDENT,BICYCLE_ACCIDENT,MOTORCYCLE_ACCIDENT,TRUCK_ACCIDENT,NOT_PRIVATE_PROPERTY,ALCOHOL_INVOLVED,STWD_VEHTYPE_AT_FAULT,CHP_VEHTYPE_AT_FAULT,COUNT_SEVERE_INJ,COUNT_VISIBLE_INJ,COUNT_COMPLAINT_PAIN,COUNT_PED_KILLED,COUNT_PED_INJURED,COUNT_BICYCLIST_KILLED,COUNT_BICYCLIST_INJURED,COUNT_MC_KILLED,COUNT_MC_INJURED,PRIMARY_RAMP,SECONDARY_RAMP,LATITUDE,LONGITUDE,COUNTY,CITY,POINT_X,POINT_Y
8305686,2017,2017-02-15,3711,2017-01-31,1407,7494,,2,5,7,3711,0,0,0,,0,442,"NATIONAL AV","38TH ST",14.00,W,N,A,-,N,,,,,,,,,,N,4,0,1,2,A,-,00,29150,A,M,A,B,E,A,H,-,A,A,0,Y,,,,Y,,-,,0,0,1,0,1,0,0,0,0,"- ","- ",,,"SAN DIEGO","SAN DIEGO",-117.11251535,32.69603
8305691,2017,2017-02-16,3711,2017-02-01,1453,6391,,3,5,7,3711,0,0,0,,0,242,"MARAUDER WY","HILLERY DR",6.00,S,N,A,-,N,,,,,,,,,,N,3,0,1,2,A,-,11,21950,B,N,G,B,D,A,H,-,A,D,0,Y,,,,Y,,N,60,0,1,0,0,1,0,0,0,0,"- ","- ",,,"SAN DIEGO","SAN DIEGO",-117.13867217000001,32.911290719999997
8305698,2017,2017-02-15,3711,2017-01-31,1600,7425,,2,5,7,3711,0,0,0,,0,124,"500 PEARL ST","PEARL ST",3.00,S,N,A,-,N,,,,,,,,,,N,4,0,1,2,A,-,04,21703,,N,C,G,A,A,H,-,A,A,0,,Y,,,Y,,L,04,0,0,1,0,0,0,1,0,0,"- ","- ",,,"SAN DIEGO","SAN DIEGO",-117.27850735,32.839117549999997
8305724,2017,2017-02-16,3711,2017-02-04,1920,131,SANDI,6,5,7,3711,0,0,0,,0,124,"PEARL ST","DRAPER AV",0.00,,Y,B,-,N,,,,,,,,,,N,4,0,1,2,A,-,10,21950,A,M,G,B,B,A,H,-,C,A,0,Y,,,,Y,Y,A,01,0,0,1,0,1,0,0,0,0,"- ","- ",,,"SAN DIEGO","SAN DIEGO",-117.27611003,32.839670089999998
8305747,2017,2017-02-16,3711,2017-02-05,1801,7200,,7,5,7,3711,0,0,0,,0,122,"GARNET AV","EVERTS ST",4.00,W,N,B,-,N,,,,,,,,,,N,4,0,1,2,A,-,03,22350,,N,C,G,A,A,H,-,C,A,0,,Y,,,Y,,-,,0,0,1,0,0,0,1,0,0,"- ","- ",,,"SAN DIEGO","SAN DIEGO",-117.24818255,32.79813721
8305776,2017,2017-02-24,3711,2017-02-06,1623,6176,,1,5,7,3711,0,0,0,,0,433,"BROOKLYN AV","59TH ST",0.00,,Y,B,-,N,,,,,,,,,,N,3,0,1,2,A,-,11,21950,B,N,B,B,A,A,H,-,A,D,0,,,,,Y,,-,,0,1,0,0,0,0,0,0,0,"- ","- ",,,"SAN DIEGO","SAN DIEGO",-117.06998003,32.713160029999997
8305800,2017,2017-02-24,3711,2017-02-01,1852,7080,,3,5,7,3711,0,0,0,,0,451,"REDWOOD ST","54TH ST",30.00,N,N,A,-,N,,,,,,,,,,N,3,0,1,2,A,-,12,21453,A,N,G,B,B,A,H,-,C,A,0,Y,,,,Y,,-,,0,1,0,0,1,0,0,0,0,"- ","- ",,,"SAN DIEGO","SAN DIEGO",-117.07982,32.737679999999997
8305819,2017,2017-02-24,3711,2017-02-07,1041,6156,SD,2,5,7,3711,0,0,0,,0,122,"MISSION BAY DR","MISSION BAY DR 4600",0.00,,N,B,-,N,,,,,,,,,,N,4,0,1,2,A,-,11,21950,B,N,G,B,B,A,H,-,A,A,0,Y,,,,Y,,-,,0,0,1,0,1,0,0,0,0,"- ","- ",,,"SAN DIEGO","SAN DIEGO",-117.21814870999999,32.804649070000004
8305823,2017,2017-02-24,3711,2017-02-01,1414,5498,,3,5,7,3711,0,0,0,,0,521,"14TH ST",BROADWAY,17.00,S,N,A,-,N,,,,,,,,,,N,4,0,1,2,A,-,10,21950,A,N,G,B,B,A,H,-,A,A,0,Y,,,,Y,Y,A,01,0,0,1,0,1,0,0,0,0,"- ","- ",,,"SAN DIEGO","SAN DIEGO",-117.15194044,32.715713430000001
8305958,2017,2017-12-26,3711,2017-02-06,1816,7372,,1,5,7,3711,0,0,0,,0,441,"S 45TH ST","S 45TH ST 900",0.00,,-,B,C,N,,,,,,,,,,N,3,0,1,2,A,-,11,21950,B,N,G,B,D,B,H,-,C,A,0,Y,,,,Y,Y,N,60,0,1,0,0,1,0,0,0,0,"- ","- ",,,"SAN DIEGO","SAN DIEGO",-117.09804475,32.696820719999998
8306017,2017,2017-02-24,3706,2017-01-30,1635,342,ESCON,1,5,6,3706,0,0,0,,0,042,"VALLEY PKWY","ORANGE ST",0.00,,Y,A,-,N,,,,,,,,,,N,3,0,1,2,A,-,05,21650,1,N,D,G,A,A,H,-,A,A,0,,Y,,,Y,,L,04,0,1,0,0,0,0,1,0,0,"- ","- ",33.120600000000003,-117.08615,"SAN DIEGO",ESCONDIDO,-117.08616013,33.120580099999998
8306172,2017,2017-02-27,3711,2017-02-01,2342,8861,,3,5,7,3711,0,0,0,,0,621,"LINDA VISTA RD","NORTH RIM CT",178.00,N,N,A,-,N,,,,,,,,,,N,3,0,1,2,A,-,11,21950,B,N,G,B,D,A,H,-,C,D,0,Y,,,,Y,Y,N,60,0,1,0,0,1,0,0,0,0,"- ","- ",,,"SAN DIEGO","SAN DIEGO",-117.17506256999999,32.774028129999998
8306239,2017,2017-02-27,3711,2017-02-08,1629,5522,,3,5,7,3711,0,0,0,,0,327,"MONTEZUMA RD","COLLEGE AV",3.00,W,N,A,-,N,,,,,,,,,,N,4,0,1,2,A,-,"- ",,,N,G,B,B,A,H,-,A,A,0,Y,,,,Y,,-,,0,0,1,0,1,0,0,0,0,"- ","- ",,,"SAN DIEGO","SAN DIEGO",-117.06981972,32.77071016
8306348,2017,2017-02-28,3700,2017-01-28,0823,SH2292,,6,5,3,3783,0,0,0,,0,273,"LOMAS SANTA FE DR","NARDO AV",0.00,,Y,A,-,N,,,,,,,,,,N,4,0,1,2,A,-,10,21950,A,N,G,B,B,A,H,-,A,A,0,Y,,,,Y,,A,07,0,0,1,0,1,0,0,0,0,"- ","- ",,,"SAN DIEGO","SOLANA BEACH",-117.26678006,32.994760079999999
8306364,2017,2017-02-28,3700,2017-01-05,1804,SH4791,,4,5,5,3782,0,0,0,,0,221,"ENCINITAS BL","NORTH VULCAN AV",0.00,,Y,C,-,N,,,,,,,,,,Y,4,0,1,2,A,-,11,21106,B,N,G,G,A,B,H,-,C,A,0,,Y,,,Y,,L,04,0,0,1,0,0,0,1,0,0,"- ","- ",,,"SAN DIEGO",ENCINITAS,-117.29298009999999,33.048860070000003
8307458,2016,2017-05-04,3711,2016-07-14,1540,7230,,4,5,7,3711,0,0,0,,0,512,"29TH ST","IMPERIAL AV",10.00,S,N,A,-,N,,,,,,,,,,N,4,0,1,2,A,-,09,21802,A,N,D,G,A,A,H,-,A,A,0,,Y,,,Y,,-,,0,0,1,0,0,0,1,0,0,"- ","- ",,,"SAN DIEGO","SAN DIEGO",-117.13209895,32.70636262
8308093,2017,2017-03-30,3711,2017-02-23,2250,4576,,4,5,7,3711,0,0,0,,0,711,"HOLLISTER ST","SUNSET AV",3696.00,S,N,A,-,N,,,,,,,,,,N,3,0,1,2,A,-,05,21202,A,N,D,G,A,A,H,-,D,D,0,,Y,,,Y,,L,04,0,1,0,0,0,0,1,0,0,"- ","- ",,,"SAN DIEGO","SAN DIEGO",-117.08409926,32.548047779999997
8308632,2017,2017-02-17,3700,2017-01-26,1738,SH7790,,4,5,5,3781,0,0,0,,0,513,"CARLTON HILLS BL","WILLOWGROVE AV",0.00,,Y,A,-,N,,,,,,,,,,N,4,0,1,2,A,-,10,21950,A,N,G,B,B,A,H,-,C,A,0,Y,,,,Y,,A,01,0,0,1,0,1,0,0,0,0,"- ","- ",,,"SAN DIEGO",SANTEE,-116.99640011,32.840730090000001
8308715,2016,2017-02-16,3700,2016-12-27,1745,SH0013,,2,5,5,3781,0,0,0,,0,511,"MAST BL","PARK CENTER DR",355.00,E,N,A,-,N,,,,,,,,,,N,2,0,1,2,A,-,11,21954,A,N,G,B,D,A,H,-,C,D,0,Y,,,,Y,,N,60,1,0,0,0,1,0,0,0,0,"- ","- ",,,"SAN DIEGO",SANTEE,-116.97419811,32.855119999999999
8308743,2017,2017-02-16,3710,2017-02-03,0805,OC1211,009,5,5,6,3710,0,0,0,,0,003,"MACHADO ST","CASSIDY ST",7.00,N,N,B,-,N,,,,,,,,,,N,3,0,1,2,A,-,11,21950,B,N,G,B,B,A,H,-,A,D,0,Y,,,,Y,,N,60,0,1,0,0,1,0,0,0,0,"- ","- ",,,"SAN DIEGO",OCEANSIDE,-117.35705317,33.178305659999999
8309582,2017,2017-03-03,3701,2017-01-30,1721,5478,10,1,5,5,3701,0,0,0,,0,003,"VALLEY ST","CARLSBAD VILLAGE DR",6.00,N,N,A,-,N,,,,,,,,,,N,4,0,1,2,A,-,00,21953,A,N,-,G,A,A,H,-,A,A,0,,Y,,,Y,,-,"- ",0,0,1,0,0,0,1,0,0,"- ","- ",33.167479999999998,-117.33571000000001,"SAN DIEGO",CARLSBAD,-117.33561118,33.167393480000001
8310133,2017,2017-02-27,3705,2017-02-02,1839,EC0337,,4,5,5,3705,0,0,0,,0,009,"EAST MAIN ST",SHADY,30.00,W,N,A,-,N,,,,,,,,,,N,3,0,1,2,A,-,10,21954,B,N,G,B,D,A,H,-,C,D,0,Y,,,,Y,,D,22,0,1,0,0,1,0,0,0,0,"- ","- ",,,"SAN DIEGO","EL CAJON",-116.93807714,32.794935780000003
8310217,2017,2018-02-12,3701,2017-02-05,2230,5489,102,7,5,5,3701,0,0,0,,0,007,"LA COSTA AV","RT 5",54.00,W,N,B,C,Y,SD,11,5,-,R,43.911,R,4,N,N,4,0,1,2,A,-,03,22350,,N,G,B,E,-,G,-,C,D,0,Y,,,,Y,,A,01,0,0,1,0,1,0,0,0,0,"- ",NF,33.084240000000001,-117.29761999999999,"SAN DIEGO",CARLSBAD,-117.29720657,33.082022180000003
8310220,2017,2017-12-26,3705,2017-02-10,2039,EC0361,,5,5,5,3705,0,0,0,,0,009,MADISON,"2ND ST",490.00,E,N,A,-,N,,,,,,,,,,N,4,0,1,2,A,-,11,21954,A,N,G,B,C,A,H,-,C,D,0,Y,,,,Y,Y,N,60,0,0,1,0,1,0,0,0,0,"- ","- ",,,"SAN DIEGO","EL CAJON",-116.93416137,32.800170000000001
8310337,2017,2017-02-23,3705,2017-01-22,1740,EC0257,,7,5,5,3705,0,0,0,,0,008,"WEST WASHINGTON","SOUTH SUNSHINE",82.00,E,N,C,-,N,,,,,,,,,,N,3,0,1,2,A,-,00,21760,,M,C,G,A,B,F,-,D,D,0,,Y,,,Y,Y,-,,0,1,0,0,0,0,1,0,0,"- ","- ",,,"SAN DIEGO","EL CAJON",-116.96453414,32.787660000000002
8310339,2017,2017-02-22,3710,2017-02-03,0815,OC0727,,5,5,6,3710,0,0,0,,0,018,"WEST REDONDO","VERDE DR",50.00,E,N,A,-,N,,,,,,,,,,N,4,0,1,2,A,-,10,21950,A,F,G,B,B,A,H,-,A,D,0,Y,,,,Y,,-,,0,0,1,0,1,0,0,0,0,"- ","- ",,,"SAN DIEGO",OCEANSIDE,-117.30414,33.25441
8310382,2017,2017-02-23,3705,2017-01-12,2100,EC0295,,4,5,5,3705,0,0,0,,0,009,"EAST MADISON","JUNE WY",66.00,E,N,C,-,N,,,,,,,,,,Y,2,0,1,2,A,-,11,21954,A,N,G,B,D,B,H,-,C,D,0,Y,,,,Y,,N,60,1,0,0,0,1,0,0,0,0,"- ","- ",,,"SAN DIEGO","EL CAJON",-116.94815599,32.800169920000002
8310383,2017,2018-02-17,3705,2017-02-10,1805,EC0281,,5,5,5,3705,0,0,0,,0,007,MOLLISON,"RT 8",238.00,S,N,A,-,N,,,,,,,,,,N,4,0,1,2,A,-,05,21650,,N,A,G,A,A,H,-,C,D,0,,Y,,,Y,,L,04,0,0,1,0,0,0,1,0,0,"- ",EF,,,"SAN DIEGO","EL CAJON",-116.95098,32.802950000000003
8311535,2017,2017-03-08,3700,2017-01-31,0845,SH3284,,2,5,4,3780,0,0,0,,0,413,"POMERADO RD","MEADOWBROOK LN",257.00,S,N,A,-,N,,,,,,,,,,N,3,0,1,2,A,-,10,21952,,N,G,B,F,A,H,-,A,D,0,Y,,,,Y,,A,01,0,1,0,0,1,0,0,0,0,"- ","- ",,,"SAN DIEGO",POWAY,-117.06249561999999,32.962616099999998
8311880,2017,2017-03-14,3711,2017-01-13,0626,6764,,5,5,7,3711,0,0,0,,0,524,"B ST","6TH AV",5.00,W,N,C,-,N,,,,,,,,,,N,2,0,1,2,A,-,10,21950,A,N,G,B,B,B,H,-,C,A,0,Y,,,,Y,,A,08,1,0,0,0,1,0,0,0,0,"- ","- ",,,"SAN DIEGO","SAN DIEGO",-117.1592862,32.717799999999997
8311890,2017,2017-03-01,3711,2017-02-04,1512,5918,,6,5,7,3711,0,0,0,,0,442,"BOSTON AV","S 40TH ST",100.00,W,N,A,-,N,,,,,,,,,,N,3,0,1,2,A,-,11,21954,A,N,G,B,D,A,H,-,A,A,0,Y,,,,Y,,N,60,0,1,0,0,1,0,0,0,0,"- ","- ",,,"SAN DIEGO","SAN DIEGO",-117.10845393,32.693927909999999
8311968,2017,2017-02-23,3709,2017-02-08,1454,494,"SAN D",3,5,5,3709,0,0,0,,0,021,"1300 SAFEWAY DR","SAFEWAY DR",0.00,,Y,A,-,N,,,,,,,,,,N,4,0,1,2,A,-,11,21954,A,N,G,B,D,A,H,-,A,D,0,Y,,,,Y,,N,60,0,0,1,0,1,0,0,0,0,"- ","- ",32.675899999999999,-117.0924,"SAN DIEGO","NATIONAL CITY",-117.0924,32.675899999999999
8311972,2017,2017-02-23,3709,2017-02-13,1803,494,,1,5,5,3709,0,0,0,,0,021,"GROVE AV","14TH ST",111.00,N,N,A,-,N,,,,,,,,,,N,4,0,1,2,A,-,11,21954,A,N,G,B,D,A,H,-,B,D,0,Y,,,,Y,,N,60,0,0,1,0,1,0,0,0,0,"- ","- ",32.677199999999999,-117.0827,"SAN DIEGO","NATIONAL CITY",-117.08305,32.676740000000002
8311976,2017,2017-02-23,3709,2017-02-12,1541,492,3709,7,5,5,3709,0,0,0,,0,021,"HARBISON AV","8TH ST",9.00,S,N,A,-,N,,,,,,,,,,N,2,0,1,2,A,-,10,21950,A,N,G,B,B,A,H,-,B,A,0,Y,,,,Y,,A,01,1,0,0,0,1,0,0,0,0,"- ","- ",,,"SAN DIEGO","NATIONAL CITY",-117.07518082999999,32.684716600000002
8312907,2017,2017-03-06,3700,2017-01-24,1750,SH2397,,2,5,5,3713,0,0,0,,0,311,"MICHIGAN AV","VISTA VILLAGE DR",16.00,N,N,A,-,N,,,,,,,,,,N,4,0,1,2,A,-,10,21950,A,N,G,B,B,A,H,-,C,A,0,Y,,,,Y,,A,01,0,0,1,0,1,0,0,0,0,"- ","- ",,,"SAN DIEGO",VISTA,-117.24185602999999,33.203467979999999
8312915,2017,2017-03-06,3700,2017-01-28,2320,SH3183,,6,5,5,3713,0,0,0,,0,307,"EAST VISTA WY","FRANCES DR",300.00,W,N,A,-,N,,,,,,,,,,Y,3,0,1,2,A,-,11,21955,,N,G,B,D,A,H,-,C,D,0,Y,,,,Y,Y,N,60,0,1,0,0,1,0,0,0,0,"- ","- ",,,"SAN DIEGO",VISTA,-117.23439367,33.210057550000002
8313043,2017,2017-03-03,3711,2017-02-08,1846,7435,,3,5,7,3711,0,0,0,,0,124,"VIA CAPRI","VIA SIENA",60.00,S,N,E,-,N,,,,,,,,,,N,4,0,1,2,A,-,08,22107,,M,H,G,A,A,H,-,D,D,0,,Y,,,Y,,-,,0,0,1,0,0,0,1,0,0,"- ","- ",,,"SAN DIEGO","SAN DIEGO",-117.25280277,32.844252410000003
8313251,2017,2017-03-03,3711,2017-02-01,0730,6774,,3,5,7,3711,0,0,0,,0,825,"MARLBOROUGH DR","ADAMS AV",18.00,S,N,A,-,N,,,,,,,,,,Y,2,0,1,2,A,-,10,21950,A,N,G,B,B,A,H,-,A,A,0,Y,,,,Y,Y,D,22,1,0,0,0,1,0,0,0,0,"- ","- ",,,"SAN DIEGO","SAN DIEGO",-117.10633103000001,32.763210700000002
8313370,2017,2017-02-27,3711,2017-02-12,0937,7525,,7,5,7,3711,0,0,0,,0,122,"GARNET AV","JEWELL ST",0.00,,Y,A,-,N,,,,,,,,,,N,4,0,1,2,A,-,12,21453,A,N,D,G,A,A,H,-,A,A,0,,Y,,,Y,,L,04,0,0,1,0,0,0,1,0,0,"- ","- ",32.800260000000002,-117.23904,"SAN DIEGO","SAN DIEGO",-117.2389701,32.800200080000003
8313389,2017,2017-02-27,3711,2017-02-13,1000,6976,"SAN D",1,5,7,3711,0,0,0,,0,611,ROSECRANS,KURTZ,0.00,,Y,A,-,N,,,,,,,,,,N,3,0,1,2,A,-,06,21750,,N,D,G,A,A,H,-,A,A,0,,Y,,,Y,,-,,0,1,0,0,0,0,1,0,0,"- ","- ",,,"SAN DIEGO","SAN DIEGO",-117.20388007,32.752310110000003
8313390,2017,2017-02-27,3711,2017-02-06,1844,4653,,1,5,7,3711,0,0,0,,0,242,"CARROLL CANYON RD","CAMINITO JOVIAL",199.00,E,N,B,C,N,,,,,,,,,,Y,2,0,1,2,A,-,11,21954,A,N,G,B,D,B,H,-,D,D,0,Y,,,,Y,,N,60,1,0,0,0,1,0,0,0,0,"- ","- ",,,"SAN DIEGO","SAN DIEGO",-117.11941919,32.903270159999998
8313394,2017,2017-02-27,3711,2017-02-09,0739,5600,,4,5,7,3711,0,0,0,,0,813,"MYRTLE AV","ARNOLD AV",0.00,,Y,A,-,N,,,,,,,,,,N,2,0,1,2,A,-,12,22450,A,N,D,G,A,A,H,-,A,A,0,,Y,,,Y,,L,04,1,0,0,0,0,0,1,0,0,"- ","- ",,,"SAN DIEGO","SAN DIEGO",-117.13680004,32.742110080000003
8313410,2017,2017-02-27,3711,2017-02-10,1226,6898,NORTH,5,5,7,3711,0,0,0,,0,122,"BAYARD ST","CHALCEDONY ST",9.00,N,N,B,-,N,,,,,,,,,,N,4,0,1,2,A,-,12,22450,,N,G,B,E,A,H,-,A,A,0,Y,,,,Y,,N,60,0,0,1,0,1,0,0,0,0,"- ","- ",,,"SAN DIEGO","SAN DIEGO",-117.25507791,32.801623730000003
8313421,2017,2017-02-27,3711,2017-02-13,1637,7562,,1,5,7,3711,0,0,0,,0,432,"OLVERA AV","S SAN JACINTO DR",150.00,E,N,A,-,N,,,,,,,,,,N,4,0,1,2,A,-,11,21950,B,N,G,B,D,A,H,-,A,D,0,Y,,,,Y,,N,60,0,0,1,0,1,0,0,0,0,"- ","- ",,,"SAN DIEGO","SAN DIEGO",-117.07923087,32.698811839999998
8313429,2017,2017-02-27,3711,2017-02-12,1221,7470,,7,5,7,3711,0,0,0,,0,122,"GARNET AV","HAINES ST",0.00,,Y,A,-,N,,,,,,,,,,N,3,0,1,2,A,-,10,21950,A,N,G,B,B,A,H,-,A,A,0,Y,,,,Y,,-,,0,1,0,0,1,0,0,0,0,"- ","- ",,,"SAN DIEGO","SAN DIEGO",-117.24271001,32.799390039999999
8313628,2017,2017-03-23,3711,2017-02-15,0729,4759,NORTH,3,5,7,3711,0,0,0,,0,123,"MISSION BAY DR","CLAIREMONT DR",45.00,E,N,E,-,N,,,,,,,,,,N,4,0,1,2,A,-,09,21802,A,N,B,G,A,A,H,-,A,A,0,,Y,,,Y,,-,,0,0,1,0,0,0,1,0,0,"- ","- ",,,"SAN DIEGO","SAN DIEGO",-117.20916717,32.790188239999999
8313720,2017,2017-12-28,3702,2017-01-14,1509,CV1098,,6,5,6,3702,0,0,0,,0,012,"H ST","WOODLAWN AV",0.00,,Y,A,-,N,,,,,,,,,,N,4,0,2,3,A,-,08,22107,,M,G,B,B,A,H,-,A,D,0,Y,,,,Y,,A,01,0,0,2,0,2,0,0,0,0,"- ","- ",,,"SAN DIEGO","CHULA VISTA",-117.09391007000001,32.629720020000001
8313770,2017,2017-12-28,3702,2017-01-30,1943,CV1132,,1,5,6,3702,0,0,0,,0,014,"NORTH 2ND AV","RT 54",528.00,S,N,A,-,N,,,,,,,,,,N,4,0,1,2,A,-,03,22350,,M,G,B,E,A,H,-,C,D,0,Y,,,,Y,,-,99,0,0,1,0,1,0,0,0,0,"- ","- ",,,"SAN DIEGO","CHULA VISTA",-117.08248743999999,32.65796169
8313778,2017,2017-03-06,3702,2017-01-16,1921,CV1096,,1,5,6,3702,0,0,0,,0,023,"MONSERATE AV","EAST PALOMAR ST",0.00,,Y,A,-,N,,,,,,,,,,N,4,0,1,2,A,-,10,21950,A,N,G,B,D,A,H,-,C,D,0,Y,,,,Y,,A,01,0,0,1,0,1,0,0,0,0,"- ","- ",,,"SAN DIEGO","CHULA VISTA",-117.04665008000001,32.612780100000002
8313821,2017,2017-03-06,3702,2017-01-28,1010,CV0765,,6,5,6,3702,0,0,0,,0,013,"3RD AV","KEARNEY ST",156.00,S,N,A,-,N,,,,,,,,,,N,4,0,1,2,A,-,10,21952,,M,G,B,F,A,H,-,A,D,0,Y,,,,Y,,-,,0,0,1,0,1,0,0,0,0,"- ","- ",,,"SAN DIEGO","CHULA VISTA",-117.07366063000001,32.62536454
8313825,2017,2017-03-06,3702,2017-01-06,1551,CV1021,,5,5,6,3702,0,0,0,,0,011,BROADWAY,"D ST",0.00,,Y,A,-,N,,,,,,,,,,N,4,0,1,2,D,-,00,,,N,D,G,A,A,H,-,A,A,0,,Y,,,Y,,-,"- ",0,0,1,0,0,0,1,0,0,"- ","- ",,,"SAN DIEGO","CHULA VISTA",-117.09484006,32.644760009999999
8313828,2017,2017-03-03,3702,2017-02-07,1500,CV1079,,2,5,6,3702,0,0,0,,0,023,"EAST PALOMAR ST","OLEANDER AV",9.00,E,N,A,-,N,,,,,,,,,,N,3,0,1,2,A,-,10,21950,A,M,G,B,B,A,H,-,A,D,0,Y,,,,Y,,A,01,0,1,0,0,1,0,0,0,0,"- ","- ",,,"SAN DIEGO","CHULA VISTA",-117.03364492,32.614677460000003
8314028,2017,2017-03-03,3700,2017-02-17,1617,SH3913,,5,5,5,3712,0,0,0,,0,354,"BENNETT AV","KNOB HILL RD",0.00,,Y,C,-,N,,,,,,,,,,N,4,0,1,2,A,-,11,21950,B,N,D,B,E,B,H,-,A,D,0,Y,,,,Y,,N,60,0,0,1,0,1,0,0,0,0,"- ","- ",,,"SAN DIEGO","SAN MARCOS",-117.1252401,33.142100120000002
8314079,2017,2017-03-03,3702,2017-02-08,2341,CV1193,,3,5,6,3702,0,0,0,,0,022,"4TH AV","MOSS ST",6.00,S,N,E,-,N,,,,,,,,,,N,3,0,1,2,A,-,10,21950,A,N,G,B,B,A,H,-,C,A,0,Y,,,,Y,,A,01,0,1,0,0,1,0,0,0,0,"- ","- ",,,"SAN DIEGO","CHULA VISTA",-117.07453395,32.615964380000001
8314403,2017,2017-03-06,3701,2017-02-18,1820,5486,72,6,5,5,3701,0,0,0,,0,006,"PASEO DEL NORTE","EL CAMINIO REAL",671.00,W,N,B,-,N,,,,,,,,,,N,3,0,1,2,A,-,11,21954,A,N,G,B,E,B,H,-,C,A,0,Y,,,,Y,,N,60,0,1,0,0,1,0,0,0,0,"- ","- ",33.117429999999999,-117.31896999999999,"SAN DIEGO",CARLSBAD,,
8314447,2017,2017-03-06,3706,2017-02-07,0600,505,ESCON,2,5,6,3706,0,0,0,,0,042,BROADWAY,"WASHINGTON AV",0.00,,Y,B,C,N,,,78,,,,,,,N,4,0,1,2,A,-,09,21453,B,N,D,G,A,B,H,-,C,A,0,,Y,,,Y,,A,01,0,0,1,0,0,0,1,0,0,"- ","- ",33.126989999999999,-117.08374999999999,"SAN DIEGO",ESCONDIDO,-117.08375239999999,33.126997940000003
8314451,2017,2017-03-06,3706,2017-02-09,1704,342,ESCO,4,5,6,3706,0,0,0,,0,045,"VALLEY PL","PINE ST",0.00,,Y,A,-,N,,,,,,,,,,N,3,0,1,2,A,-,08,22107,,N,D,G,A,A,H,-,A,D,0,,Y,,,Y,,L,04,0,1,0,0,0,0,1,0,0,"- ","- ",33.119889999999998,-117.08756,"SAN DIEGO",ESCONDIDO,-117.08760006999999,33.119840019999998
8314862,2016,2017-05-04,3711,2016-12-06,1215,1564,,2,5,7,3711,0,0,0,,0,521,"C ST","PARK BL",0.00,,Y,A,-,N,,,,,,,,,,N,3,0,1,2,A,-,08,22107,,N,G,B,B,A,H,-,A,A,0,Y,,,,Y,,A,01,0,1,0,0,1,0,0,0,0,"- ","- ",32.716799999999999,-117.15371,"SAN DIEGO","SAN DIEGO",-117.15374007,32.71680001
8315966,2017,2017-03-09,3701,2017-02-22,1223,5363,127,3,5,5,3701,0,0,0,,0,008,"RANCHO SANTA FE RD","AVENIDA LA POSTA",315.00,N,N,A,-,N,,,,,,,,,,N,3,0,1,2,A,-,08,22107,,N,C,G,A,A,H,-,A,D,0,,Y,,,Y,,A,07,0,1,0,0,0,0,1,0,0,"- ","- ",33.061959999999999,-117.24145,"SAN DIEGO",CARLSBAD,-117.24145661,33.061770510000002
8316111,2017,2017-02-23,3711,2017-02-09,1606,7628,,4,5,7,3711,0,0,0,,0,521,"16TH ST","G ST",0.00,,Y,A,-,N,,,,,,,,,,N,3,0,1,2,A,-,09,21801,A,M,D,G,A,A,H,-,A,A,0,,Y,,,Y,,-,,0,1,0,0,0,0,1,0,0,"- ","- ",,,"SAN DIEGO","SAN DIEGO",-117.14949011,32.71261002
8316130,2017,2017-02-24,3711,2017-02-03,0232,4576,,5,5,7,3711,0,0,0,,0,451,"54TH ST","LAUREL ST",239.00,S,N,A,-,N,,,,,,,,,,N,2,0,1,2,A,-,11,21954,A,N,G,B,D,A,H,-,C,D,0,Y,,,,Y,,N,60,1,0,0,0,1,0,0,0,0,"- ","- ",,,"SAN DIEGO","SAN DIEGO",-117.07992557999999,32.730035479999998
8316131,2017,2017-02-23,3711,2017-02-09,1545,7347,SD,4,5,7,3711,0,0,0,,0,512,"CESAR E CHAVEZ PKWY","JULIAN AV",12.00,S,N,A,-,N,,,,,,,,,,N,3,0,2,3,A,-,11,21950,B,N,G,B,C,A,H,-,A,D,0,Y,,,,Y,,-,"- ",0,1,1,0,2,0,0,0,0,"- ","- ",,,"SAN DIEGO","SAN DIEGO",-117.14272618,32.703065690000003