CASE_ID,ACCIDENT_YEAR,PROC_DATE,JURIS,COLLISION_DATE,COLLISION_TIME,OFFICER_ID,REPORTING_DISTRICT,DAY_OF_WEEK,CHP_SHIFT,POPULATION,CNTY_CITY_LOC,SPECIAL_COND,BEAT_TYPE,CHP_BEAT_TYPE,CITY_DIVISION_LAPD,CHP_BEAT_CLASS,BEAT_NUMBER,PRIMARY_RD,SECONDARY_RD,DISTANCE,DIRECTION,INTERSECTION,WEATHER_1,WEATHER_2,STATE_HWY_IND,CALTRANS_COUNTY,CALTRANS_DISTRICT,STATE_ROUTE,ROUTE_SUFFIX,POSTMILE_PREFIX,POSTMILE,LOCATION_TYPE,RAMP_INTERSECTION,SIDE_OF_HWY,TOW_AWAY,COLLISION_SEVERITY,NUMBER_KILLED,NUMBER_INJURED,PARTY_COUNT,PRIMARY_COLL_FACTOR,PCF_CODE_OF_VIOL,PCF_VIOL_CATEGORY,PCF_VIOLATION,PCF_VIOL_SUBSECTION,HIT_AND_RUN,TYPE_OF_COLLISION,MVIW,PED_ACTION,ROAD_SURFACE,ROAD_COND_1,ROAD_COND_2,LIGHTING,CONTROL_DEVICE,CHP_ROAD_TYPE,PEDESTRIAN_ACCIDENT,BICYCLE_ACCIDENT,MOTORCYCLE_ACCIDENT,TRUCK_ACCIDENT,NOT_PRIVATE_PROPERTY,ALCOHOL_INVOLVED,STWD_VEHTYPE_AT_FAULT,CHP_VEHTYPE_AT_FAULT,COUNT_SEVERE_INJ,COUNT_VISIBLE_INJ,COUNT_COMPLAINT_PAIN,COUNT_PED_KILLED,COUNT_PED_INJURED,COUNT_BICYCLIST_KILLED,COUNT_BICYCLIST_INJURED,COUNT_MC_KILLED,COUNT_MC_INJURED,PRIMARY_RAMP,SECONDARY_RAMP,LATITUDE,LONGITUDE,COUNTY,CITY,POINT_X,POINT_Y
8343743,2017,2017-04-14,3711,2017-03-29,1343,7464,SDPD,3,5,7,3711,0,0,0,,0,839,"UNIVERSITY AV","SWIFT AV",0.00,,Y,A,-,N,,,,,,,,,,N,4,0,1,2,A,-,03,22350,,N,D,G,A,A,H,-,A,A,0,,Y,,,Y,,L,04,0,0,1,0,0,0,1,0,0,"- ","- ",,,"SAN DIEGO","SAN DIEGO",-117.11928004000001,32.749770030000001
8343771,2017,2017-04-14,3709,2017-03-28,1109,498,,2,5,5,3709,0,0,0,,0,020,"B AV","E 9TH ST",115.00,N,N,A,-,N,,,,,,,,,,N,4,0,1,2,A,-,21,22106,,N,G,B,D,A,H,-,A,D,0,Y,,,,Y,,A,07,0,0,1,0,1,0,0,0,0,"- ","- ",,,"SAN DIEGO","NATIONAL CITY",-117.1046343,32.675836949999997
8343775,2017,2017-04-14,3709,2017-03-29,1308,495,NATIO,3,5,5,3709,0,0,0,,0,021,"HOOVER AV","W 22ND ST",260.00,S,N,A,-,N,,,,,,,,,,N,4,0,1,2,A,-,05,21202,A,N,B,G,A,A,H,-,A,-,0,,Y,,,Y,,L,04,0,0,1,0,0,0,1,0,0,"- ","- ",,,"SAN DIEGO","NATIONAL CITY",-117.10444409999999,32.662426660000001
8343795,2017,2017-04-14,3710,2017-03-30,1518,OC1387,,4,5,6,3710,0,0,0,,0,032,"MESA DR","IVEY RANCH RD",0.00,,Y,A,-,N,,,,,,,,,,N,4,0,1,2,A,-,10,21950,A,N,G,B,B,A,H,-,A,A,0,Y,,,,Y,,A,01,0,0,1,0,1,0,0,0,0,"- ","- ",,,"SAN DIEGO",OCEANSIDE,-117.31051013,33.213810100000003
8343939,2017,2017-04-17,3711,2017-02-27,1103,6632,MC1,1,5,7,3711,0,0,0,,0,627,"EL CAJON BL","TEXAS ST",81.00,W,N,B,C,N,,,,,,,,,,N,4,0,1,2,A,-,03,22350,A,N,G,B,F,B,H,-,A,D,0,Y,,,,Y,,-,,0,0,1,0,1,0,0,0,0,"- ","- ",,,"SAN DIEGO","SAN DIEGO",-117.13911256999999,32.755377850000002
8344077,2017,2017-04-18,3711,2017-03-23,1440,4656,SANDI,4,5,7,3711,0,0,0,,0,242,"WESTVIEW PKWY","MIRA MESA BL",3.00,S,N,A,-,N,,,,,,,,,,N,2,0,1,2,A,-,10,21950,A,N,G,B,B,A,H,-,A,A,0,Y,,,,Y,,D,22,1,0,0,0,1,0,0,0,0,"- ","- ",,,"SAN DIEGO","SAN DIEGO",-117.12051914,32.917311810000001
8344520,2017,2017-06-27,3700,2017-03-05,1018,SH2558,,7,5,5,3712,0,0,0,,0,359,"DISCOVERY ST","VIA VER CRUZ",0.00,,Y,A,-,N,,,,,,,,,,N,2,0,1,2,A,-,21,22106,,N,G,B,F,A,H,-,A,D,0,Y,,,,Y,,M,96,1,0,0,0,1,0,0,0,0,"- ","- ",,,"SAN DIEGO","SAN MARCOS",-117.1864401,33.130770040000002
8344758,2017,2017-04-25,3705,2017-04-10,1842,EC0295,,1,5,5,3705,0,0,0,,0,009,"E LEXINGTON",3RD,0.00,,Y,A,-,N,,,,,,,,,,N,3,0,1,2,A,-,08,22107,,N,B,G,A,A,H,-,A,A,0,,Y,,,Y,Y,L,04,0,1,0,0,0,0,1,0,0,"- ","- ",,,"SAN DIEGO","EL CAJON",-116.92692001,32.792710020000001
8345178,2017,2017-04-24,3705,2017-03-15,1045,EC0257,,3,5,5,3705,0,0,0,,0,007,BROADWAY,"MAIN ST",418.00,W,N,A,-,N,,,,,,,,,,N,3,0,1,2,A,-,17,21655,,N,G,B,D,A,H,-,A,D,0,Y,,,,Y,,N,60,0,1,0,0,1,0,0,0,0,"- ","- ",,,"SAN DIEGO","EL CAJON",-116.9234354,32.807712010000003
8345194,2017,2017-04-24,3702,2017-03-19,1941,CV0847,,7,5,6,3702,0,0,0,,0,013,"L ST","COLORADO AV",12.00,W,N,A,-,N,,,,,,,,,,N,3,0,1,2,A,-,05,21650,1,N,A,G,A,A,H,-,C,A,0,,Y,,,Y,,L,04,0,1,0,0,0,0,1,0,0,"- ","- ",,,"SAN DIEGO","CHULA VISTA",-117.08933699000001,32.615689969999998
8345274,2017,2017-04-25,3711,2017-04-02,1835,7278,"SAN D",7,5,7,3711,0,0,0,,0,442,"GOODYEAR ST","BOSTON AV",15.00,S,N,A,-,N,,,,,,,,,,N,3,0,1,2,A,-,17,21663,,N,A,B,F,A,H,-,A,D,0,Y,,,,Y,,-,,0,1,0,0,1,0,0,0,0,"- ","- ",,,"SAN DIEGO","SAN DIEGO",-117.11559,32.693930000000002
8345883,2017,2017-04-17,3703,2017-04-08,1245,1300,,6,5,3,3703,0,0,0,,0,002,"7TH ST","ORANGE AV",0.00,,Y,B,-,N,,,,,,,,,,N,4,0,1,2,A,-,21,22106,,N,G,B,-,A,H,-,A,A,0,Y,,,,Y,,A,01,0,0,1,0,1,0,0,0,0,"- ","- ",,,"SAN DIEGO",CORONADO,-117.17745006,32.690210090000001
8346104,2017,2017-04-18,3711,2017-04-10,0710,7526,,1,5,7,3711,0,0,0,,0,723,"PALM AV","BEYER BL",0.00,,Y,A,-,N,,,,,,,,,,N,4,0,1,2,A,-,12,21453,A,N,B,G,A,A,H,-,A,A,0,,Y,,,Y,,L,04,0,0,1,0,0,0,1,0,0,"- ","- ",32.583750000000002,-117.0711,"SAN DIEGO","SAN DIEGO",-117.07124005,32.583880069999999
8346152,2017,2017-04-18,3711,2017-04-06,1847,7390,,4,5,7,3711,0,0,0,,0,122,"FANUEL ST","GRAND AV",0.00,,Y,A,-,N,,,,,,,,,,N,3,0,1,2,A,-,10,21950,A,N,G,B,D,A,H,-,A,A,0,Y,,,,Y,,-,,0,1,0,0,1,0,0,0,0,"- ","- ",,,"SAN DIEGO","SAN DIEGO",-117.24580012,32.796720120000003
8346197,2017,2017-04-19,3711,2017-04-10,0739,6734,,1,5,7,3711,0,0,0,,0,611,"ROSECRANS ST","ROSECRANS ST 2000",0.00,,Y,A,-,N,,,,,,,,,,N,4,0,1,2,A,-,10,21950,A,N,G,B,B,A,H,-,A,A,0,Y,,,,Y,,-,,0,0,1,0,1,0,0,0,0,"- ","- ",,,"SAN DIEGO","SAN DIEGO",-117.22266286999999,32.732256810000003
8346237,2017,2017-04-19,3711,2017-04-08,1645,7556,,6,5,7,3711,0,0,0,,0,521,"PARK BL","J ST",18.00,E,N,A,-,N,,,,,,,,,,N,4,0,1,2,B,-,22,,,N,G,B,B,A,H,-,A,A,0,Y,,,,Y,,A,01,0,0,1,0,1,0,0,0,0,"- ","- ",,,"SAN DIEGO","SAN DIEGO",-117.15374,32.709409999999998
8346811,2017,2017-04-14,3706,2017-04-03,1356,322,ESCON,1,5,6,3706,0,0,0,,0,041,BROADWAY,"ESPANAS GLEN",497.00,S,N,A,-,N,,,,,,,,,,N,3,0,1,2,A,-,08,22107,,N,D,G,A,A,H,-,A,D,0,,Y,,,Y,,A,01,0,1,0,0,0,0,1,0,0,"- ","- ",33.137569999999997,-117.08851,"SAN DIEGO",ESCONDIDO,-117.08789852,33.136156419999999
8346854,2017,2017-04-24,3706,2017-03-17,2220,477,ESCON,5,5,6,3706,0,0,0,,0,042,"VALLEY PKWY","CENTRE CITY PKWY",5.00,W,N,A,-,N,,,,,,,,,,N,3,0,1,2,A,-,10,21950,C,F,G,B,B,A,H,-,C,A,0,Y,,,,Y,,-,,0,1,0,0,1,0,0,0,0,"- ","- ",33.120049999999999,-117.08725,"SAN DIEGO",ESCONDIDO,-117.08738382999999,33.119952779999998
8346870,2017,2017-04-14,3706,2017-03-19,0145,474,ESCON,7,5,6,3706,0,0,0,,0,042,BROADWAY,"MISSION AV",0.00,,Y,B,-,N,,,78,,,,,,,N,3,0,1,2,A,-,03,22350,,F,G,B,B,A,H,-,C,A,0,Y,,,,Y,Y,A,07,0,1,0,0,1,0,0,0,0,"- ","- ",33.130459999999999,-117.08544999999999,"SAN DIEGO",ESCONDIDO,-117.08541363000001,33.130475939999997
8346878,2017,2017-04-14,3706,2017-03-21,0810,342,ESCON,2,5,6,3706,0,0,0,,0,042,"MISSION AV","BEECH ST",0.00,,Y,A,-,N,,,,,,,,,,N,4,0,1,2,A,-,10,21950,A,N,G,B,B,A,H,-,A,D,0,Y,,,,Y,,A,07,0,0,1,0,1,0,0,0,0,"- ","- ",33.135069999999999,-117.07268000000001,"SAN DIEGO",ESCONDIDO,-117.07261,33.135040099999998
8347208,2017,2017-04-17,3711,2017-04-05,1719,6052,,3,5,7,3711,0,0,0,,0,521,"IMPERIAL AV","12TH AV",35.00,W,N,A,-,N,,,,,,,,,,N,4,0,1,2,A,-,05,21202,A,N,H,G,A,A,G,-,A,D,0,,Y,,,Y,,L,04,0,0,1,0,0,0,1,0,0,"- ","- ",,,"SAN DIEGO","SAN DIEGO",-117.15392339,32.706278599999997
8347220,2017,2017-04-17,3711,2017-04-04,1700,7570,,2,5,7,3711,0,0,0,,0,836,"MAPLE ST","FAIRMONT AV",150.00,E,N,A,-,N,,,,,,,,,,N,3,0,1,2,A,-,09,21804,A,N,D,G,A,A,H,-,A,D,0,,Y,,,Y,,L,04,0,1,0,0,0,0,1,0,0,"- ","- ",,,"SAN DIEGO","SAN DIEGO",-117.10057448000001,32.733339489999999
8347224,2017,2017-04-17,3711,2017-04-04,1618,5985,,2,5,7,3711,0,0,0,,0,524,BROADWAY,"8TH AV",0.00,,Y,A,-,N,,,,,,,,,,N,4,0,1,2,A,-,05,21650,,N,H,G,A,A,H,-,A,A,0,,Y,,,Y,,L,04,0,0,1,0,0,0,1,0,0,"- ","- ",,,"SAN DIEGO","SAN DIEGO",-117.15741009,32.715720009999998
8347232,2017,2017-04-17,3711,2017-04-03,1500,7006,,1,5,7,3711,0,0,0,,0,825,"KENSINGTON DR","ADAMS AV",0.00,,Y,B,-,N,,,,,,,,,,N,4,0,1,2,A,-,10,21950,A,M,G,B,B,A,H,-,A,D,0,Y,,,,Y,,-,,0,0,1,0,1,0,0,0,0,"- ","- ",,,"SAN DIEGO","SAN DIEGO",-117.10736,32.763260109999997
8347256,2017,2017-04-17,3711,2017-04-03,1136,7559,,1,5,7,3711,0,0,0,,0,526,"BEECH ST","3RD AV",0.00,,Y,A,-,N,,,,,,,,,,N,3,0,1,2,A,-,11,21950,B,N,G,B,B,A,H,-,A,-,0,Y,,,,Y,,N,60,0,1,0,0,1,0,0,0,0,"- ","- ",,,"SAN DIEGO","SAN DIEGO",-117.16202005,32.720900020000002
8347320,2017,2017-04-19,3701,2017-04-02,0706,CB5494,,7,5,5,3701,0,0,0,,0,003,"CELINDA DR","AZURE CIR",528.00,N,N,A,-,N,,,,,,,,,,N,4,0,1,2,A,-,09,21801,A,N,G,G,A,A,H,-,A,D,0,,Y,,,Y,,A,01,0,0,1,0,0,0,1,0,0,"- ","- ",,,"SAN DIEGO",CARLSBAD,-117.32157746,33.166396880000001
8347336,2017,2017-04-19,3706,2017-04-09,1800,322,ESCON,7,5,6,3706,0,0,0,,0,042,"FIG ST","MISSION AV",308.00,S,N,A,-,N,,,,,,,,,,N,3,0,1,2,A,-,11,21954,A,N,G,B,D,A,H,-,A,D,0,Y,,,,Y,Y,N,60,0,1,0,0,1,0,0,0,0,"- ","- ",33.132919999999999,-117.07733,"SAN DIEGO",ESCONDIDO,-117.0769088,33.132089839999999
8347337,2017,2017-04-17,3710,2017-02-25,0753,OC1065,,6,5,6,3710,0,0,0,,0,030,"COLLEGE BL","WARING RD",0.00,,Y,B,-,N,,,,,,,,,,N,3,0,1,2,D,-,00,,,F,G,B,B,A,H,-,A,A,0,Y,,,,Y,,-,"- ",0,1,0,0,1,0,0,0,0,"- ","- ",,,"SAN DIEGO",OCEANSIDE,-117.29643007999999,33.186210060000001
8347355,2017,2017-04-19,3706,2017-03-16,1906,223,ESCON,4,5,6,3706,0,0,0,,0,052,"ESCONDIDO BL","FELICITA AV",0.00,,Y,A,-,N,,,,,,,,,,N,4,0,1,2,A,-,11,21950,B,N,G,B,B,A,H,-,C,A,0,Y,,,,Y,,N,60,0,0,1,0,1,0,0,0,0,"- ","- ",33.104669999999999,-117.07311,"SAN DIEGO",ESCONDIDO,-117.07311005,33.104680109999997
8347632,2017,2017-05-02,3709,2017-04-18,1315,479,NATIO,2,5,5,3709,0,0,0,,0,021,"EAST PLAZA BL","SOUTH EUCLID AV",80.00,E,N,A,-,N,,,,,,,,,,N,3,0,1,2,A,-,11,21950,B,N,G,B,D,A,H,-,A,D,0,Y,,,,Y,,N,60,0,1,0,0,1,0,0,0,0,"- ","- ",,,"SAN DIEGO","NATIONAL CITY",-117.07988256,32.680004969999999
8348050,2017,2017-04-26,3700,2017-03-23,1643,SH1725,,4,5,5,3712,0,0,0,,0,358,"WEST SAN MARCOS BL","RANCHO SANTA FE RD",601.00,W,N,B,-,N,,,,,,,,,,N,4,0,1,2,A,-,09,21801,A,N,D,G,A,-,H,-,A,D,0,,Y,,,Y,,A,01,0,0,1,0,0,0,1,0,0,"- ","- ",,,"SAN DIEGO","SAN MARCOS",-117.21018651,33.132091930000001
8348525,2017,2017-04-28,3710,2017-04-11,1731,OC1177,,2,5,6,3710,0,0,0,,0,033,"OLD GROVE RD","BLACK DUCK WY",40.00,N,N,A,-,N,,,,,,,,,,N,3,0,1,2,A,-,10,21954,B,N,G,B,E,A,H,-,A,D,0,Y,,,,Y,,A,08,0,1,0,0,1,0,0,0,0,"- ","- ",,,"SAN DIEGO",OCEANSIDE,-117.30354235,33.225497369999999
8348529,2017,2017-04-28,3710,2017-04-14,1735,OC1421,,5,5,6,3710,0,0,0,,0,030,"OLIVE DR","MOTTINO DR",0.00,,Y,A,-,N,,,,,,,,,,N,4,0,1,2,A,-,11,21954,A,N,G,B,B,A,H,-,A,D,0,Y,,,,Y,,A,01,0,0,1,0,1,0,0,0,0,"- ","- ",,,"SAN DIEGO",OCEANSIDE,-117.28127012,33.204210080000003
8349026,2017,2017-12-26,3705,2017-03-09,2103,EC0354,,4,5,5,3705,0,0,0,,0,010,"MOLLISON AV",BROADWAY,49.00,S,N,A,-,N,,,,,,,,,,N,3,0,1,2,A,-,11,21950,B,N,G,B,D,A,H,-,C,A,0,Y,,,,Y,Y,N,60,0,1,0,0,1,0,0,0,0,"- ","- ",,,"SAN DIEGO","EL CAJON",-116.95097158,32.80756581
8349423,2017,2017-04-20,3711,2017-04-11,1820,7550,"SAN D",2,5,7,3711,0,0,0,,0,611,"MIDWAY DR","RILEY ST",0.00,,Y,A,-,N,,,,,,,,,,N,3,0,1,2,A,-,11,21954,A,M,G,B,-,A,H,-,A,D,0,Y,,,,Y,Y,N,60,0,1,0,0,1,0,0,0,0,"- ","- ",,,"SAN DIEGO","SAN DIEGO",-117.20815003,32.750370070000002
8349431,2017,2017-04-20,3711,2017-04-01,2249,7279,,6,5,7,3711,0,0,0,,0,452,"IMPERIAL AV","IMPERIAL AV  6200",20.00,N,N,A,-,N,,,,,,,,,,N,3,0,1,2,A,-,11,21955,,N,G,B,-,A,H,-,C,A,0,Y,,,,Y,Y,N,60,0,1,0,0,1,0,0,0,0,"- ","- ",,,"SAN DIEGO","SAN DIEGO",,
8349437,2017,2017-04-21,3700,2017-03-27,1434,SH0742,,1,5,4,3780,0,0,0,,0,410,"POMERADO RD","MCFERON RD",0.00,,Y,A,-,N,,,,,,,,,,N,3,0,1,2,A,-,05,21650,1,N,A,G,A,A,H,-,A,A,0,,Y,,,Y,,L,04,0,1,0,0,0,0,1,0,0,"- ","- ",,,"SAN DIEGO",POWAY,-117.06247001,32.956910020000002
8349594,2017,2017-04-27,3711,2017-04-06,1232,6057,,4,5,7,3711,0,0,0,,0,437,"PARADISE VALLEY RD",MEADOWBROOK,1.00,E,N,A,-,N,,,,,,,,,,N,3,0,1,2,A,-,10,21950,A,N,A,B,B,A,H,-,A,A,0,Y,,,,Y,,A,01,0,1,0,0,1,0,0,0,0,"- ","- ",,,"SAN DIEGO","SAN DIEGO",-117.02584717000001,32.697511339999998
8349598,2017,2017-04-27,3711,2017-04-06,2215,6542,,4,5,7,3711,0,0,0,,0,451,"EUCLID AV","FEDERAL BL",200.00,S,N,A,-,N,,,,,,,,,,N,4,0,1,2,A,-,21,22106,,N,G,B,F,A,H,-,C,D,0,Y,,,,Y,,-,,0,0,1,0,1,0,0,0,0,"- ","- ",,,"SAN DIEGO","SAN DIEGO",-117.08495449,32.720872190000001
8350088,2017,2017-04-21,3710,2017-03-24,1538,OC1438,,5,5,6,3710,0,0,0,,0,011,"OCEANSIDE DR","CROUCH ST",827.00,E,N,A,-,N,,,,,,,,,,N,4,0,1,2,A,-,08,22107,,N,G,G,A,A,H,-,A,D,0,,Y,,,Y,,L,04,0,0,1,0,0,0,1,0,0,"- ","- ",,,"SAN DIEGO",OCEANSIDE,-117.35145584,33.196980199999999
8350230,2017,2017-04-21,3710,2017-04-06,1510,OC1442,,4,5,6,3710,0,0,0,,0,010,"SAN DIEGO ST","OLIVE ST",0.00,,Y,A,-,N,,,,,,,,,,N,4,0,1,2,A,-,00,20002,A,M,G,B,A,A,H,-,A,D,0,,Y,,,Y,Y,-,,0,0,1,0,0,0,1,0,0,"- ","- ",,,"SAN DIEGO",OCEANSIDE,-117.36950009,33.202430030000002
8350234,2017,2017-04-21,3710,2017-04-03,0710,0C0891,,1,5,6,3710,0,0,0,,0,018,"NORTH RIVER RD","VANDEGRIFT BL",0.00,,Y,B,-,N,,,,,,,,,,N,4,0,1,2,D,-,00,,,F,G,G,A,A,H,-,A,A,0,,Y,,,Y,,-,"- ",0,0,1,0,0,0,1,0,0,"- ","- ",,,"SAN DIEGO",OCEANSIDE,-117.30013004,33.250790070000001
8350238,2017,2017-04-21,3710,2017-04-09,0835,OC1156,,7,5,6,3710,0,0,0,,0,007,"SOUTH COAST HWY",MICHIGAN,8.00,S,N,A,-,N,,,,,,,,,,N,4,0,1,2,A,-,03,22350,,N,D,G,A,A,H,-,A,A,0,,Y,,,Y,,A,01,0,0,1,0,0,0,1,0,0,"- ","- ",,,"SAN DIEGO",OCEANSIDE,-117.37692477,33.192782209999997
8350434,2017,2017-04-25,3711,2017-04-14,0210,4708,SANDI,5,5,7,3711,0,0,0,,0,522,"4TH AV","MARKET ST",30.00,S,N,A,-,N,,,,,,,,,,N,4,0,1,2,A,-,12,21453,A,M,G,B,D,-,H,-,C,A,0,Y,,,,Y,,-,,0,0,1,0,1,0,0,0,0,"- ","- ",,,"SAN DIEGO","SAN DIEGO",-117.16105761,32.71138784
8351811,2017,2017-12-26,3711,2017-03-29,1804,7123,,3,5,7,3711,0,0,0,,0,438,"POTOMAC ST","POTOMAC ST 15955",0.00,,Y,A,-,N,,,,,,,,,,N,4,0,1,2,A,-,11,21954,A,N,G,B,D,A,H,-,A,D,0,Y,,,,Y,,N,60,0,0,1,0,1,0,0,0,0,"- ","- ",,,"SAN DIEGO","SAN DIEGO",-117.05897123,32.679722390000002
8352040,2017,2017-12-26,3711,2017-04-16,1656,7340,SD,7,5,7,3711,0,0,0,,0,824,"MONROE AV","DAWSON AV",0.00,E,Y,A,-,N,,,,,,,,,,N,3,0,1,2,A,-,10,21950,A,N,A,B,C,A,H,-,A,D,0,Y,,,,Y,,A,01,0,1,0,0,1,0,0,0,0,"- ","- ",,,"SAN DIEGO","SAN DIEGO",-117.08252005999999,32.758950069999997
8352044,2017,2017-05-03,3711,2017-04-13,1114,5624,,4,5,7,3711,0,0,0,,0,451,"COLLEGE GROVE DR","54TH ST",0.00,,Y,A,-,N,,,,,,,,,,Y,3,0,1,2,A,-,12,21453,A,N,D,G,A,A,H,-,A,A,0,,Y,,,Y,,L,04,0,1,0,0,0,0,1,0,0,"- ","- ",,,"SAN DIEGO","SAN DIEGO",-117.07965009999999,32.73586006
8352067,2017,2017-05-03,3711,2017-04-18,1546,6070,,2,5,7,3711,0,0,0,,0,124,"FAY AV","PROSPECT ST",0.00,,N,A,-,N,,,,,,,,,,N,4,0,1,2,A,-,21,22106,,N,C,B,E,A,H,-,A,D,0,Y,,,,Y,,-,,0,0,1,0,1,0,0,0,0,"- ","- ",,,"SAN DIEGO","SAN DIEGO",-117.27574001000001,32.846400019999997
8352072,2017,2017-05-03,3711,2017-04-15,1320,7618,,6,5,7,3711,0,0,0,,0,813,"33RD ST","PARK WY",0.00,,Y,A,-,N,,,,,,,,,,N,4,0,1,2,A,-,21,22106,,N,G,B,F,A,H,-,A,D,0,Y,,,,Y,,-,,0,0,1,0,1,0,0,0,0,"- ","- ",,,"SAN DIEGO","SAN DIEGO",-117.12285013,32.747430049999998
8352242,2017,2017-06-10,3711,2017-04-20,1900,7194,,4,5,7,3711,0,0,0,,0,326,"53RD ST","AZTEC WALK",0.00,,Y,A,-,N,,,,,,,,,,N,3,0,1,2,A,-,11,21456,B,N,G,B,D,A,H,-,B,A,0,Y,,,,Y,,N,60,0,1,0,0,1,0,0,0,0,"- ","- ",,,"SAN DIEGO","SAN DIEGO",,
8352447,2017,2017-05-10,3711,2017-04-29,1415,4957,,6,5,7,3711,0,0,0,,0,243,"MIRAMAR RD",CARROLL,528.00,E,N,A,-,N,,,,,,,,,,N,4,0,1,2,A,-,05,21650,1,N,-,G,A,A,H,-,A,D,0,,Y,,,Y,,L,04,0,0,1,0,0,0,1,0,0,"- ","- ",,,"SAN DIEGO","SAN DIEGO",-117.15479139999999,32.882823639999998
8353396,2017,2017-04-28,3705,2017-03-16,0230,EC0359,,4,5,5,3705,0,0,0,,0,009,"EAST MAIN ST","ORLANDO ST",94.00,E,N,A,-,N,,,,,,,,,,N,3,0,1,1,A,-,08,22107,,N,H,G,A,A,H,-,C,D,0,,Y,,,Y,Y,L,04,0,1,0,0,0,0,1,0,0,"- ","- ",,,"SAN DIEGO","EL CAJON",-116.93982521,32.794930000000001
8353404,2017,2017-04-28,3705,2017-03-28,1602,EC0295,,2,5,5,3705,0,0,0,,0,009,"EAST MAIN","EAST MAIN 1275",189.00,S,N,A,-,N,,,,,,,,,,N,3,0,1,2,A,-,09,21804,A,N,D,G,A,A,H,-,A,D,0,,Y,,,Y,,L,04,0,1,0,0,0,0,1,0,0,"- ","- ",,,"SAN DIEGO","EL CAJON",,
8353734,2017,2017-05-01,3706,2017-03-24,1730,492,ESCON,5,5,6,3706,0,0,0,,0,055,"6TH AV","REDWOOD ST",200.00,W,N,A,-,N,,,,,,,,,,Y,4,0,1,2,A,-,11,21950,B,N,G,B,D,A,H,-,A,D,0,Y,,,,Y,,N,60,0,0,1,0,1,0,0,0,0,"- ","- ",33.113160000000001,-117.08644,"SAN DIEGO",ESCONDIDO,-117.08694291,33.11280489
8353738,2017,2017-05-01,3706,2017-03-07,1707,342,ESCON,2,5,6,3706,0,0,0,,0,041,"EL NORTE PKWY","IVY ST",0.00,,Y,A,-,N,,,,,,,,,,N,2,0,1,2,A,-,11,21950,B,N,G,B,B,A,H,-,A,D,0,Y,,,,Y,,N,60,1,0,0,0,1,0,0,0,0,"- ","- ",,,"SAN DIEGO",ESCONDIDO,-117.08582011,33.140900039999998
8353745,2017,2017-05-02,3706,2017-04-11,1055,410,ESCON,2,5,6,3706,0,0,0,,0,045,"MISSION AV","AUTO PARK WY",260.00,W,N,A,-,N,,,,,,,,,,N,3,0,1,2,A,-,11,21954,A,N,G,B,D,A,H,-,A,A,0,Y,,,,Y,,N,60,0,1,0,0,1,0,0,0,0,"- ","- ",,,"SAN DIEGO",ESCONDIDO,-117.12339711,33.13081725
8353927,2017,2017-05-05,3708,2017-03-19,1853,LM1247,,7,5,5,3708,0,0,0,,0,004,"GROSSMONT CENTER DR","GROSSMONT CENTER DR 5555",0.00,,Y,A,-,N,,,,,,,,,,Y,4,0,1,2,A,-,01,23152,A,F,G,B,-,A,H,-,A,D,0,Y,,,,Y,Y,A,07,0,0,1,0,1,0,0,0,0,"- ","- ",,,"SAN DIEGO","LA MESA",-117.00905084999999,32.77933994
8353936,2017,2017-05-03,3706,2017-04-05,1127,374,ESCON,3,5,6,3706,0,0,0,,0,042,BROADWAY,"CLARK ST",43.00,S,N,A,-,N,,,,,,,,,,N,3,0,1,2,A,-,05,21650,1,N,H,G,A,A,H,-,A,D,0,,Y,,,Y,,L,04,0,1,0,0,0,0,1,0,0,"- ","- ",33.125250000000001,-117.08299,"SAN DIEGO",ESCONDIDO,-117.08301326,33.125078979999998
8354112,2017,2017-05-03,3701,2017-04-21,0802,CB5434,,5,5,5,3701,0,0,0,,0,001,"CARLSBAD VILLAGE DR","ROOSEVELT ST",0.00,,Y,A,-,N,,,,,,,,,,N,3,0,1,2,A,-,08,22107,,N,G,B,B,A,H,-,A,A,0,Y,,,,Y,,A,01,0,1,0,0,1,0,0,0,0,"- ","- ",,,"SAN DIEGO",CARLSBAD,-117.34769,33.160210059999997
8354136,2017,2017-05-03,3701,2017-04-18,2007,CB5454,,2,5,5,3701,0,0,0,,0,001,"MOUNTAIN VIEW DR","CARLSBAD BL",21.00,W,N,A,-,N,,,,,,,,,,N,3,0,1,2,A,-,08,22107,,N,B,B,E,A,H,-,D,D,0,Y,,,,Y,Y,A,01,0,1,0,0,1,0,0,0,0,"- ","- ",,,"SAN DIEGO",CARLSBAD,-117.35452094999999,33.163576120000002
8355906,2017,2017-05-03,3706,2017-04-17,1236,0378,ESCON,1,5,6,3706,0,0,0,,0,055,"PINE ST","5TH AV",0.00,,Y,A,-,N,,,,,,,,,,N,3,0,1,2,A,-,03,22350,,N,C,G,A,A,H,-,A,D,0,,Y,,,Y,,A,01,0,1,0,0,0,0,1,0,0,"- ","- ",33.115290000000002,-117.08452,"SAN DIEGO",ESCONDIDO,-117.08450007,33.115230019999998
8356082,2017,2017-05-02,3711,2017-04-20,2210,8861,,4,5,7,3711,0,0,0,,0,611,"ROSECRANS ST","LYTTON ST",4.00,S,N,A,-,N,,,,,,,,,,N,3,0,1,2,A,-,05,21650,1,N,B,G,A,A,H,-,C,A,0,,Y,,,Y,,L,04,0,1,0,0,0,0,1,0,0,"- ","- ",,,"SAN DIEGO","SAN DIEGO",-117.21260666000001,32.744310599999999