CASE_ID,ACCIDENT_YEAR,PROC_DATE,JURIS,COLLISION_DATE,COLLISION_TIME,OFFICER_ID,REPORTING_DISTRICT,DAY_OF_WEEK,CHP_SHIFT,POPULATION,CNTY_CITY_LOC,SPECIAL_COND,BEAT_TYPE,CHP_BEAT_TYPE,CITY_DIVISION_LAPD,CHP_BEAT_CLASS,BEAT_NUMBER,PRIMARY_RD,SECONDARY_RD,DISTANCE,DIRECTION,INTERSECTION,WEATHER_1,WEATHER_2,STATE_HWY_IND,CALTRANS_COUNTY,CALTRANS_DISTRICT,STATE_ROUTE,ROUTE_SUFFIX,POSTMILE_PREFIX,POSTMILE,LOCATION_TYPE,RAMP_INTERSECTION,SIDE_OF_HWY,TOW_AWAY,COLLISION_SEVERITY,NUMBER_KILLED,NUMBER_INJURED,PARTY_COUNT,PRIMARY_COLL_FACTOR,PCF_CODE_OF_VIOL,PCF_VIOL_CATEGORY,PCF_VIOLATION,PCF_VIOL_SUBSECTION,HIT_AND_RUN,TYPE_OF_COLLISION,MVIW,PED_ACTION,ROAD_SURFACE,ROAD_COND_1,ROAD_COND_2,LIGHTING,CONTROL_DEVICE,CHP_ROAD_TYPE,PEDESTRIAN_ACCIDENT,BICYCLE_ACCIDENT,MOTORCYCLE_ACCIDENT,TRUCK_ACCIDENT,NOT_PRIVATE_PROPERTY,ALCOHOL_INVOLVED,STWD_VEHTYPE_AT_FAULT,CHP_VEHTYPE_AT_FAULT,COUNT_SEVERE_INJ,COUNT_VISIBLE_INJ,COUNT_COMPLAINT_PAIN,COUNT_PED_KILLED,COUNT_PED_INJURED,COUNT_BICYCLIST_KILLED,COUNT_BICYCLIST_INJURED,COUNT_MC_KILLED,COUNT_MC_INJURED,PRIMARY_RAMP,SECONDARY_RAMP,LATITUDE,LONGITUDE,COUNTY,CITY,POINT_X,POINT_Y
8437801,2017,2017-08-24,3701,2017-08-13,1901,CB5502,,7,5,5,3701,0,0,0,,0,002,"MADISON ST","PINE AV",0.00,,Y,B,-,N,,,,,,,,,,N,4,0,1,2,A,-,05,21650,1,N,D,G,A,A,H,-,B,A,0,,Y,,,Y,,L,04,0,0,1,0,0,0,1,0,0,"- ","- ",,,"SAN DIEGO",CARLSBAD,-117.34484005,33.158560000000001
8437817,2017,2017-08-24,3701,2017-08-05,2110,CB5342,,6,5,5,3701,0,0,0,,0,001,"CARLSBAD VILLAGE DR","JEFFERSON ST",7.00,E,N,A,-,N,,,,,,,,,,N,2,0,1,2,A,-,11,21456,B,N,G,B,B,A,H,-,C,A,0,Y,,,,Y,Y,N,60,1,0,0,0,1,0,0,0,0,"- ","- ",,,"SAN DIEGO",CARLSBAD,-117.34565144,33.161401140000002
8437928,2017,2017-08-25,3700,2017-07-16,1329,SH5502,,7,5,2,3704,0,0,0,,0,292,"CAMINO DEL MAR","29TH ST",2500.00,N,N,B,-,N,,,,,,,,,,N,3,0,2,3,A,-,07,21658,A,N,D,G,A,A,H,-,A,D,0,,Y,,,Y,,A,01,0,2,0,0,0,0,2,0,0,"- ","- ",,,"SAN DIEGO","DEL MAR",-117.26925142,32.979011560000004
8437972,2017,2018-05-08,3700,2017-07-01,1011,SH5502,,6,5,5,3782,0,0,0,,0,221,"RT 101","RT 101 1136",387.00,N,N,B,-,N,,,,,,,,,,N,3,0,1,2,C,-,18,,,N,H,G,A,A,H,-,A,D,0,,Y,,,Y,,-,"- ",0,1,0,0,0,0,1,0,0,"- ","- ",,,"SAN DIEGO",ENCINITAS,,
8437982,2017,2017-08-25,3710,2017-07-24,1259,OC1351,015,1,5,6,3710,0,0,0,,0,005,"EL CAMINIO REAL","VISTA REY",446.00,S,N,A,-,N,,,,,,,,,,Y,2,0,1,2,A,-,13,22515,A,N,G,B,E,A,H,-,A,D,0,Y,,,,Y,,A,07,1,0,0,0,1,0,0,0,0,"- ","- ",,,"SAN DIEGO",OCEANSIDE,-117.33230346000001,33.2171898
8437986,2017,2017-08-25,3710,2017-07-29,1125,OC1018,009,6,5,6,3710,0,0,0,,0,003,"OCEANSIDE BL",TREMONT,15.00,E,N,A,-,N,,,,,,,,,,N,4,0,2,2,A,-,10,21950,A,N,G,B,D,A,H,-,A,D,0,Y,,,,Y,,A,01,0,0,2,0,1,0,0,0,0,"- ","- ",,,"SAN DIEGO",OCEANSIDE,-117.36994119000001,33.183144990000002
8438147,2017,2017-10-03,3711,2017-07-20,1257,6978,"SAN D",4,5,7,3711,0,0,0,,0,121,"VENTURA PL","MISSION BL",447.00,W,N,A,-,N,,,,,,,,,,N,4,0,1,2,A,-,10,21952,,M,A,G,A,A,-,-,A,D,0,,Y,,,Y,,-,,0,0,1,0,0,0,1,0,0,"- ","- ",,,"SAN DIEGO","SAN DIEGO",-117.25266877999999,32.772018559999999
8438331,2017,2017-09-09,3711,2017-07-02,1840,7344,,7,5,7,3711,0,0,0,,0,124,"TORREY PINES RD","ROSELAND DR",0.00,,Y,A,-,N,,,,,,,,,,N,4,0,1,2,A,-,08,22107,,N,B,G,A,A,H,-,A,D,0,,Y,,,Y,,-,,0,0,1,0,0,0,1,0,0,"- ","- ",,,"SAN DIEGO","SAN DIEGO",-117.25695,32.849870109999998
8438467,2017,2017-08-28,3711,2017-08-11,1304,7344,,5,5,7,3711,0,0,0,,0,826,"WINONA AV","TROJAN AV",0.00,,Y,A,-,N,,,,,,,,,,N,4,0,1,2,A,-,10,21950,A,N,D,B,B,A,H,-,A,D,0,Y,,,,Y,,-,,0,0,1,0,1,0,0,0,0,"- ","- ",,,"SAN DIEGO","SAN DIEGO",-117.08792003000001,32.754920060000003
8438480,2017,2017-08-29,3711,2017-08-01,0826,5600,,2,5,7,3711,0,0,0,,0,621,"LINDA VISTA RD","FULTON ST",87.00,N,N,A,-,N,,,,,,,,,,N,2,0,1,2,A,-,11,21954,A,N,G,B,D,A,H,-,A,D,0,Y,,,,Y,,N,60,1,0,0,0,1,0,0,0,0,"- ","- ",,,"SAN DIEGO","SAN DIEGO",-117.16738017,32.790123649999998
8438489,2017,2017-08-29,3711,2017-08-08,1353,7344,,2,5,7,3711,0,0,0,,0,824,"EL CAJON BL","50TH ST",100.00,W,N,A,-,N,,,,,,,,,,N,4,0,1,2,A,-,08,22107,,N,A,B,D,A,H,-,A,D,0,Y,,,,Y,,-,,0,0,1,0,1,0,0,0,0,"- ","- ",,,"SAN DIEGO","SAN DIEGO",-117.08715027,32.756747699999998
8438493,2017,2017-08-29,3711,2017-08-17,1700,7227,,4,5,7,3711,0,0,0,,0,841,"ARAGON DR","UNIVERSITY AV",10.00,N,N,A,-,N,,,,,,,,,,N,3,0,1,2,A,-,12,21453,A,N,D,G,A,A,H,-,A,A,0,,Y,,,Y,,L,04,0,1,0,0,0,0,1,0,0,"- ","- ",,,"SAN DIEGO","SAN DIEGO",-117.05474,32.755407390000002
8438509,2017,2017-08-29,3711,2017-08-15,2228,6891,,2,5,7,3711,0,0,0,,0,122,"GRAND AV","CASS ST",27.00,N,N,A,-,N,,,,,,,,,,N,4,0,1,2,A,-,10,21950,A,N,B,B,B,A,H,-,C,A,0,Y,,,,Y,,-,,0,0,1,0,1,0,0,0,0,"- ","- ",,,"SAN DIEGO","SAN DIEGO",-117.25117504000001,32.795547970000001
8438525,2017,2017-09-09,3711,2017-08-16,0712,7399,,3,5,7,3711,0,0,0,,0,712,"SAN YSIDRO BL","SAN YSIDRO BL 8055",5.00,S,N,B,-,N,,,,,,,,,,N,4,0,1,2,A,-,10,21950,A,N,G,B,C,A,H,-,A,A,0,Y,,,,Y,,-,,0,0,1,0,1,0,0,0,0,"- ",SF,,,"SAN DIEGO","SAN DIEGO",,
8438529,2017,2017-09-09,3711,2017-08-14,1535,7581,SDPD,1,5,7,3711,0,0,0,,0,723,"CLAVELITA ST","PIEDRA ST",60.00,W,N,A,-,N,,,,,,,,,,N,3,0,1,2,A,-,11,21950,B,N,G,B,D,A,-,-,A,D,0,Y,,,,Y,,-,"- ",0,1,0,0,1,0,0,0,0,"- ","- ",,,"SAN DIEGO","SAN DIEGO",-117.05404171000001,32.569618290000001
8438537,2017,2017-08-29,3711,2017-08-15,2215,6734,,2,5,7,3711,0,0,0,,0,521,"14TH ST","IMPERIAL AV",98.00,N,N,A,-,N,,,,,,,,,,N,3,0,1,2,C,-,18,,,N,G,B,F,A,H,-,C,D,0,Y,,,,Y,Y,-,"- ",0,1,0,0,1,0,0,0,0,"- ","- ",,,"SAN DIEGO","SAN DIEGO",-117.15188000000001,32.70654846
8438545,2017,2017-08-29,3711,2017-08-16,0613,6628,,3,5,7,3711,0,0,0,,0,529,"6TH AV","CEDAR ST",111.00,N,N,A,-,N,,,,,,,,,,N,3,0,1,2,A,-,11,21950,B,N,G,B,D,A,H,-,A,D,0,Y,,,,Y,,N,60,0,1,0,0,1,0,0,0,0,"- ","- ",,,"SAN DIEGO","SAN DIEGO",-117.15930163,32.722274050000003
8438553,2017,2017-08-29,3711,2017-08-17,1744,7527,,4,5,7,3711,0,0,0,,0,827,"50TH ST","UNIVERSITY AV",50.00,S,N,A,-,N,,,,,,,,,,Y,3,0,1,2,A,-,10,21950,A,M,G,B,D,A,H,-,A,D,0,Y,,,,Y,,A,01,0,1,0,0,1,0,0,0,0,"- ","- ",,,"SAN DIEGO","SAN DIEGO",-117.08698,32.749213040000001
8438557,2017,2017-08-29,3711,2017-08-09,2107,7178,CEN,3,5,7,3711,0,0,0,,0,531,"PERSHING DR","FLORIDA ST",0.00,,Y,A,-,N,,,,,,,,,,N,4,0,1,1,A,-,05,21650,1,N,G,G,A,A,H,-,C,A,0,,Y,,,Y,,L,04,0,0,1,0,0,0,1,0,0,"- ","- ",,,"SAN DIEGO","SAN DIEGO",-117.14262005,32.722720080000002
8438865,2017,2018-06-14,3711,2017-08-06,0515,6252,,7,5,7,3711,0,0,0,,0,321,"FAIRMONT AV","RT 8",65.00,W,N,A,-,Y,SD,11,8,-,-,6.141,R,4,E,Y,2,0,2,3,A,-,11,21950,B,N,G,B,D,A,H,-,C,A,0,Y,,,,Y,,N,60,2,0,0,0,2,0,0,0,0,"- ","- ",,,"SAN DIEGO","SAN DIEGO",-117.10365276,32.778761070000002
8439168,2017,2017-09-08,3700,2017-07-05,1550,SH7709,,3,5,4,3780,0,0,0,,0,411,"COMMUNITY RD","POWAY RD",183.00,N,N,A,-,N,,,,,,,,,,N,3,0,1,2,A,-,05,21650,1,N,D,G,A,A,H,-,A,A,0,,Y,,Y,Y,,L,04,0,1,0,0,0,0,1,0,0,"- ","- ",,,"SAN DIEGO",POWAY,-117.04078364999999,32.956880689999998
8440230,2017,2017-09-06,3705,2017-08-01,2040,EC0359,,2,5,5,3705,0,0,0,,0,008,"W CHASE AV","EMERALD AV",115.00,E,N,A,-,N,,,,,,,,,,N,3,0,1,2,A,-,11,21955,,M,G,B,D,A,H,-,C,A,0,Y,,,,Y,Y,N,60,0,1,0,0,1,0,0,0,0,"- ","- ",,,"SAN DIEGO","EL CAJON",-116.96836716999999,32.780410000000003
8441868,2017,2017-10-03,3711,2017-08-02,1600,6726,,3,5,7,3711,0,0,0,,0,627,UNIVERSITY,"UNIVERSITY 500",0.00,,-,A,-,N,,,,,,,,,,N,4,0,1,2,A,-,12,21453,A,N,G,B,B,A,H,-,A,A,0,Y,,,,Y,,-,,0,0,1,0,1,0,0,0,0,"- ","- ",,,"SAN DIEGO","SAN DIEGO",-117.16043472,32.74826376
8441899,2017,2017-09-14,3710,2017-07-14,1730,OC1357,001,5,5,6,3710,0,0,0,,0,001,"HARBOR DR","S HARBOR DR",490.00,S,N,A,-,N,,,,,,,,,,N,4,0,1,2,A,-,06,21750,,N,H,G,A,A,H,-,A,D,0,,Y,,,Y,,L,04,0,0,1,0,0,0,1,0,0,"- ","- ",,,"SAN DIEGO",OCEANSIDE,-117.38953770000001,33.206811799999997
8441983,2017,2017-09-01,3700,2017-08-11,0900,SH3913,,5,5,5,3712,0,0,0,,0,355,"OLEANDER AV","SMILAX RD",206.00,W,N,A,-,N,,,,,,,,,,N,3,0,1,2,A,-,03,22350,,N,G,B,E,A,H,-,A,D,0,Y,,,,Y,,D,22,0,1,0,0,1,0,0,0,0,"- ","- ",,,"SAN DIEGO","SAN MARCOS",-117.20977331,33.153988750000003
8441991,2017,2017-08-31,3700,2017-08-01,1004,SH2558,,2,5,5,3712,0,0,0,,0,350,"LAS VALLECITOS BL","KNOLL RD",0.00,,Y,A,-,N,,,,,,,,,,Y,3,0,1,2,A,-,03,22350,,N,C,G,A,A,H,-,A,D,0,,,Y,Y,Y,,O,05,0,1,0,0,0,0,0,0,1,"- ","- ",,,"SAN DIEGO","SAN MARCOS",-117.17490002,33.140530099999999
8442618,2017,2017-08-31,3710,2017-06-17,0858,OC1426,011,6,5,6,3710,0,0,0,,0,004,"OCEANSIDE BL","GREENBRIER DR",252.00,W,N,A,-,N,,,,,,,,,,N,3,0,1,2,A,-,08,22107,,N,H,G,A,A,H,-,A,A,0,,Y,,,Y,,A,01,0,1,0,0,0,0,1,0,0,"- ","- ",33.19417,-117.35502,"SAN DIEGO",OCEANSIDE,-117.35564968,33.193852550000003
8443529,2017,2017-09-08,3711,2017-08-25,1417,7547,,5,5,7,3711,0,0,0,,0,934,"SEAGROVE ST","SEACHASE ST",0.00,,Y,A,-,N,,,,,,,,,,N,3,0,1,2,A,-,10,21950,A,N,D,B,D,A,H,-,A,D,0,Y,,,,Y,,N,60,0,1,0,0,1,0,0,0,0,"- ","- ",,,"SAN DIEGO","SAN DIEGO",-117.20502,32.957510059999997
8443775,2017,2017-09-12,3711,2017-08-25,2026,7536,CENTR,5,5,7,3711,0,0,0,,0,,"PRESIDENTS WY","PARK BL",0.00,,Y,A,-,N,,,,,,,,,,N,4,0,1,2,A,-,11,21461,5,N,G,B,B,A,H,-,C,A,0,Y,,,,Y,Y,N,60,0,0,1,0,1,0,0,0,0,"- ","- ",,,"SAN DIEGO","SAN DIEGO",-117.15059004,32.725590080000003
8443791,2017,2017-09-12,3711,2017-08-29,1135,6018,,2,5,7,3711,0,0,0,,0,625,"TAYLOR ST","MORENA BL",27.00,W,N,A,-,N,,,,,,,,,,N,4,0,1,2,A,-,11,21456,B,N,-,B,B,A,H,-,A,A,0,Y,,,,Y,,N,60,0,0,1,0,1,0,0,0,0,"- ","- ",,,"SAN DIEGO","SAN DIEGO",-117.1973004,32.758309519999997
8443807,2017,2017-09-12,3711,2017-08-27,2244,7464,SPD,7,5,7,3711,0,0,0,,0,832,"EL CAJON BL","MARLBOROUGH AV",23.00,S,N,A,-,N,,,,,,,,,,N,4,0,1,2,A,-,10,21950,A,M,G,B,B,A,H,-,C,A,0,Y,,,,Y,,-,,0,0,1,0,1,0,0,0,0,"- ","- ",,,"SAN DIEGO","SAN DIEGO",-117.10615,32.755220000000001
8443823,2017,2017-09-12,3711,2017-08-25,2009,4576,,5,5,7,3711,0,0,0,,0,822,"UIVERSITY AV","54TH ST",545.00,E,N,A,-,N,,,,,,,,,,N,2,0,1,2,A,-,11,21954,A,N,G,B,D,A,H,-,C,D,0,Y,,,,Y,,N,60,1,0,0,0,1,0,0,0,0,"- ","- ",,,"SAN DIEGO","SAN DIEGO",-117.07783360000001,32.748253759999997
8443827,2017,2017-09-12,3711,2017-08-28,1949,7238,,1,5,7,3711,0,0,0,,0,833,"UNIVERSITY AV","HIGHLAND AV",350.00,W,N,A,-,N,,,,,,,,,,N,3,0,1,2,A,-,05,21650,1,N,D,G,A,A,H,-,C,D,0,,Y,,,Y,,L,04,0,1,0,0,0,0,1,0,0,"- ","- ",,,"SAN DIEGO","SAN DIEGO",-117.0998645,32.749609999999997
8443928,2017,2017-09-11,3706,2017-08-11,1315,374,ESCON,5,5,6,3706,0,0,0,,0,052,"GRAND AV","ORANGE ST",35.00,W,N,A,-,N,,,,,,,,,,N,3,0,1,2,A,-,05,21650,1,N,H,G,A,A,H,-,A,D,0,,Y,,,Y,,L,04,0,1,0,0,0,0,1,0,0,"- ","- ",33.196689999999997,-117.08551,"SAN DIEGO",ESCONDIDO,-117.08561699000001,33.119559709999997
8443929,2017,2017-09-11,3711,2017-08-30,0630,8192,,3,5,7,3711,0,0,0,,0,822,"UNIVERSITY AV","54TH ST",260.00,E,N,A,-,N,,,,,,,,,,N,3,0,1,2,A,-,11,21955,,N,A,B,D,A,H,-,B,D,0,Y,,,,Y,,N,60,0,1,0,0,1,0,0,0,0,"- ","- ",,,"SAN DIEGO","SAN DIEGO",-117.07868473000001,32.748557179999999
8444045,2017,2017-09-14,3706,2017-08-11,1900,380,ESCON,5,5,6,3706,0,0,0,,0,043,"LAS VILLAS WY","EL NORTE PKWY",6.00,S,N,A,-,N,,,,,,,,,,N,3,0,1,2,A,-,05,21650,1,N,H,G,A,A,H,-,A,A,0,,Y,,,Y,,L,04,0,1,0,0,0,0,1,0,0,"- ","- ",33.140560000000001,-117.09430999999999,"SAN DIEGO",ESCONDIDO,-117.09437764,33.140372939999999
8444254,2017,2017-09-15,3709,2017-08-28,0525,NC0484,,1,5,5,3709,0,0,0,,0,021,"EAST 4TH ST","HIGHLAND AV",0.00,,Y,A,-,N,,,,,,,,,,N,4,0,1,2,A,-,11,21950,B,N,G,B,B,A,H,-,A,A,0,Y,,,,Y,,N,60,0,0,1,0,1,0,0,0,0,"- ","- ",,,"SAN DIEGO","NATIONAL CITY",-117.10007009,32.68159009
8444398,2017,2017-09-22,3711,2017-07-23,1354,6621,SD,7,5,7,3711,0,0,0,,0,116,"COWLEY WY","DAKOTA DR",190.00,S,N,A,-,N,,,,,,,,,,N,4,0,1,2,A,-,08,22107,,N,G,B,F,A,H,-,A,D,0,Y,,,,Y,,A,01,0,0,1,0,1,0,0,0,0,"- ","- ",,,"SAN DIEGO","SAN DIEGO",-117.19518401000001,32.803968920000003
8444603,2017,2017-08-31,3706,2017-08-13,1915,406,ESCON,7,5,6,3706,0,0,0,,0,045,"ANDREASEN DR","MISSION RD",0.00,,Y,A,-,N,,,,,,,,,,N,3,0,1,2,A,-,09,21802,A,N,H,G,A,A,H,-,A,A,0,,Y,,,Y,,L,04,0,1,0,0,0,0,1,0,0,"- ","- ",33.123959999999997,-117.10639,"SAN DIEGO",ESCONDIDO,-117.10636006999999,33.124110010000003
8444676,2017,2017-08-31,3708,2017-07-11,1330,LM1217,,2,5,5,3708,0,0,0,,0,003,"70TH ST","ALVARADO RD",250.00,S,N,A,-,N,,,,,,,,,,N,3,0,1,2,A,-,08,22100,A,N,D,G,A,A,H,-,A,A,0,,Y,,,Y,,D,22,0,1,0,0,0,0,1,0,0,"- ","- ",,,"SAN DIEGO","LA MESA",-117.04682726,32.77260519
8444710,2017,2017-08-31,3706,2017-08-12,0543,483,ESCON,6,5,6,3706,0,0,0,,0,044,"VALLEY PKWY","MIDWAY DR",500.00,W,N,A,-,N,,,,,,,,,,N,3,0,1,2,A,-,08,22107,,F,H,G,A,A,H,-,B,D,0,,Y,,,Y,,A,01,0,1,0,0,0,0,1,0,0,"- ","- ",33.137560000000001,-117.05184,"SAN DIEGO",ESCONDIDO,-117.05323776,33.136852320000003
8445034,2017,2017-09-12,3711,2017-08-24,1930,7496,,4,5,7,3711,0,0,0,,0,528,"KETTNER BL","W BEECH",200.00,S,N,A,-,N,,,,,,,,,,N,4,0,1,2,D,-,00,,,M,G,B,E,A,H,-,C,D,0,Y,,,,Y,,-,"- ",0,0,1,0,1,0,0,0,0,"- ","- ",,,"SAN DIEGO","SAN DIEGO",-117.16921000000001,32.720352120000001
8445312,2017,2017-09-05,3700,2017-06-27,1650,SH3368,,2,5,5,3781,0,0,0,,0,518,"CUYAMACA ST","BUENA VISTA AV",8.00,N,N,A,-,N,,,,,,,,,,N,3,0,1,2,A,-,10,21950,A,N,G,B,B,A,H,-,A,A,0,Y,,,,Y,Y,A,07,0,1,0,0,1,0,0,0,0,"- ","- ",,,"SAN DIEGO",SANTEE,-116.98389966000001,32.835051909999997
8445316,2017,2017-09-05,3700,2017-06-24,0946,SH7516,,6,5,5,3781,0,0,0,,0,513,"CUYAMACA ST","MISSION GORGE RD",466.00,N,N,A,-,N,,,,,,,,,,N,4,0,1,2,A,-,05,21650,1,N,G,G,A,A,H,-,A,D,0,,Y,,,Y,,L,04,0,0,1,0,0,0,1,0,0,"- ","- ",,,"SAN DIEGO",SANTEE,-116.98388,32.840036259999998
8445450,2017,2017-09-06,3705,2017-08-17,2020,EC0369,,4,5,5,3705,0,0,0,,0,009,"EAST MAIN ST","2ND ST",184.00,W,N,A,-,N,,,,,,,,,,N,3,0,1,2,A,-,11,21954,A,N,G,B,D,A,H,-,C,D,0,Y,,,,Y,,N,60,0,1,0,0,1,0,0,0,0,"- ","- ",,,"SAN DIEGO","EL CAJON",-116.93789128,32.794946490000001
8445835,2017,2018-05-08,3711,2017-08-24,1730,7532,,4,5,7,3711,0,0,0,,0,122,"GARNET AV","EVERTS ST",0.00,,Y,B,-,N,,,,,,,,,,N,4,0,1,2,A,-,08,22107,,N,D,G,A,A,H,-,A,A,0,,Y,,,Y,,-,,0,0,1,0,0,0,1,0,0,"- ","- ",,,"SAN DIEGO","SAN DIEGO",-117.24817011,32.798140099999998
8446432,2017,2017-09-13,3711,2017-09-01,1057,7601,SDPD,5,5,7,3711,0,0,0,,0,614,"EBERS ST","SARATOGA  AV",100.00,N,N,A,-,N,,,,,,,,,,Y,2,0,2,5,A,-,09,21804,A,N,D,B,E,A,H,-,A,D,0,Y,,,,Y,,-,,1,0,1,0,0,0,0,0,0,"- ","- ",,,"SAN DIEGO","SAN DIEGO",-117.24420067,32.74557824
8446448,2017,2017-09-14,3711,2017-09-01,0725,6722,,5,5,7,3711,0,0,0,,0,242,CAPRICORN,"WESTVIEW PKWY",0.00,,Y,A,-,N,,,,,,,,,,N,4,0,1,2,A,-,08,22107,,N,C,B,E,A,H,-,A,A,0,Y,,,,Y,,-,,0,0,1,0,1,0,0,0,0,"- ","- ",,,"SAN DIEGO","SAN DIEGO",-117.11918004,32.924350009999998
8446456,2017,2017-09-14,3711,2017-09-03,2145,7442,,7,5,7,3711,0,0,0,,0,832,"VAN DYKE AV","UNIVERSITY AV",0.00,,Y,A,-,N,,,,,,,,,,N,4,0,1,2,A,-,10,21950,A,N,G,B,B,A,H,-,C,A,0,Y,,,,Y,,-,,0,0,1,0,1,0,0,0,0,"- ","- ",,,"SAN DIEGO","SAN DIEGO",-117.10320006000001,32.749660050000003
8446460,2017,2017-09-14,3711,2017-09-04,0746,6082,,1,5,7,3711,0,0,0,,0,124,"TORREY PINES RD","HILLSIDE DR",15.00,E,N,B,-,N,,,,,,,,,,N,3,0,1,2,A,-,10,21950,A,N,G,B,B,A,H,-,A,D,0,Y,,,,Y,,-,,0,1,0,0,1,0,0,0,0,"- ","- ",,,"SAN DIEGO","SAN DIEGO",-117.26166581,32.84945725
8446464,2017,2017-09-14,3711,2017-09-01,2208,7132,SDPD,5,5,7,3711,0,0,0,,0,242,"MIRA MESA BL","MIRA MESA BL 9400",0.00,,N,A,-,N,,,,,,,,,,N,4,0,1,2,A,-,10,21950,A,N,G,B,B,A,H,-,C,A,0,Y,,,,Y,,A,01,0,0,1,0,1,0,0,0,0,"- ","- ",32.917400000000001,-117.1208,"SAN DIEGO","SAN DIEGO",-117.12271929000001,32.917255400000002
8447083,2017,2017-09-11,3700,2017-03-03,0815,SH2619,,5,5,5,3712,0,0,0,,0,355,"SOUTH RANCHO SANTA FE RD","W SAN MARCOS",0.00,,N,A,-,N,,,,,,,,,,N,4,0,1,2,A,-,10,21952,,N,G,B,D,A,H,-,A,D,0,Y,,,,Y,,D,22,0,0,1,0,1,0,0,0,0,"- ","- ",,,"SAN DIEGO","SAN MARCOS",-117.20844013,33.131350060000003
8447446,2017,2017-09-28,3700,2017-08-08,1430,SH0021,,2,5,5,3713,0,0,0,,0,307,"EAST VISTA WY","FRANKLIN LN",330.00,S,N,A,-,N,,,,,,,,,,N,2,0,1,2,D,-,00,,,N,G,B,F,A,H,-,A,D,0,Y,,,,Y,,-,"- ",1,0,0,0,1,0,0,0,0,"- ","- ",,,"SAN DIEGO",VISTA,-117.23610877,33.207159230000002
8447521,2017,2017-10-02,3711,2017-08-20,1023,7367,,7,5,7,3711,0,0,0,,0,451,"EUCLID AV","MARILOU RD",75.00,N,N,A,-,N,,,,,,,,,,N,4,0,1,2,A,-,11,21957,,N,B,B,D,A,H,-,A,A,0,Y,,,,Y,,N,60,0,0,1,0,1,0,0,0,0,"- ","- ",,,"SAN DIEGO","SAN DIEGO",-117.08492098000001,32.722505419999997
8447560,2017,2017-09-11,3700,2017-08-14,1458,SH3079,,1,5,5,3713,0,0,0,,0,310,"VISTA VILLAGE DR","LADO DE LOMA DR",0.00,,Y,A,-,N,,,,,,,,,,N,3,0,1,2,A,-,11,21456,B,N,G,B,B,A,H,-,A,A,0,Y,,,,Y,,N,60,0,1,0,0,1,0,0,0,0,"- ","- ",,,"SAN DIEGO",VISTA,-117.24889004000001,33.196580009999998
8447569,2017,2017-10-02,3711,2017-08-22,1512,6180,,2,5,7,3711,0,0,0,,0,834,"UNIVERSITY AV","MARLBOROUGH AV",0.00,,Y,A,-,N,,,,,,,,,,N,4,0,1,2,A,-,09,21801,A,N,-,G,A,A,G,-,A,A,0,,Y,,,Y,,A,01,0,0,1,0,0,0,1,0,0,"- ","- ",,,"SAN DIEGO","SAN DIEGO",-117.10569,32.74968003
8447585,2017,2017-10-02,3711,2017-08-22,1325,5572,,2,5,7,3711,0,0,0,,0,326,"MONTEZUMA RD","55TH ST",200.00,E,N,A,-,N,,,,,,,,,,N,4,0,1,2,A,-,04,21703,,N,C,G,A,A,H,-,A,D,0,,Y,,,Y,,L,04,0,0,1,0,0,0,1,0,0,"- ","- ",,,"SAN DIEGO","SAN DIEGO",-117.07561158,32.770710000000001
8449382,2017,2017-09-26,3711,2017-08-20,1844,8334,,7,5,7,3711,0,0,0,,0,432,"IMPERIAL AV","SAN JACINTO DR",15.00,W,N,A,-,N,,,,,,,,,,N,4,0,1,2,-,-,"- ",,,N,A,B,B,A,H,-,B,A,0,Y,,,,Y,,-,"- ",0,0,1,0,1,0,0,0,0,"- ","- ",,,"SAN DIEGO","SAN DIEGO",-117.08268921,32.705615729999998
8449383,2017,2018-05-08,3701,2017-08-27,1432,CB5355,,7,5,5,3701,0,0,0,,0,001,"CARLSBAD VILLAGE DR","ROOSEVELT ST",0.00,,Y,B,-,N,,,,,,,,,,N,4,0,1,2,A,-,10,21950,A,N,G,B,B,A,H,-,A,A,0,Y,,,,Y,,A,01,0,0,1,0,1,0,0,0,0,"- ","- ",,,"SAN DIEGO",CARLSBAD,-117.34769,33.160210059999997
8449391,2017,2017-09-26,3711,2017-08-25,1545,5348,SANDI,5,5,7,3711,0,0,0,,0,531,"PARK BL","ZOO DR",300.00,N,N,A,-,N,,,,,,,,,,N,3,0,1,2,A,-,17,22517,,N,H,G,A,A,H,-,A,-,0,,Y,,,Y,,-,"- ",0,1,0,0,0,0,1,0,0,"- ","- ",,,"SAN DIEGO","SAN DIEGO",-117.1475155,32.74103436
8450079,2017,2017-09-27,3710,2017-07-01,1829,OC1413,,6,5,6,3710,0,0,0,,0,026,"EL CAMINIO REAL","VISTA WY",367.00,S,N,A,-,N,,,,,,,,,,N,4,0,1,3,A,-,03,22350,,F,C,B,D,A,H,-,A,A,0,Y,,,,Y,Y,A,01,0,0,1,0,1,0,0,0,0,"- ","- ",,,"SAN DIEGO",OCEANSIDE,-117.32696161,33.182189049999998
8450152,2017,2017-09-21,3711,2017-09-10,1045,7626,,7,5,7,3711,0,0,0,,0,512,"31ST ST","MARTIN AV",18.00,N,N,A,-,N,,,,,,,,,,N,3,0,1,2,A,-,12,22450,,N,D,G,A,A,H,-,A,D,0,,Y,,,Y,,L,04,0,1,0,0,0,0,1,0,0,"- ","- ",,,"SAN DIEGO","SAN DIEGO",-117.12733095,32.699139299999999