CASE_ID,ACCIDENT_YEAR,PROC_DATE,JURIS,COLLISION_DATE,COLLISION_TIME,OFFICER_ID,REPORTING_DISTRICT,DAY_OF_WEEK,CHP_SHIFT,POPULATION,CNTY_CITY_LOC,SPECIAL_COND,BEAT_TYPE,CHP_BEAT_TYPE,CITY_DIVISION_LAPD,CHP_BEAT_CLASS,BEAT_NUMBER,PRIMARY_RD,SECONDARY_RD,DISTANCE,DIRECTION,INTERSECTION,WEATHER_1,WEATHER_2,STATE_HWY_IND,CALTRANS_COUNTY,CALTRANS_DISTRICT,STATE_ROUTE,ROUTE_SUFFIX,POSTMILE_PREFIX,POSTMILE,LOCATION_TYPE,RAMP_INTERSECTION,SIDE_OF_HWY,TOW_AWAY,COLLISION_SEVERITY,NUMBER_KILLED,NUMBER_INJURED,PARTY_COUNT,PRIMARY_COLL_FACTOR,PCF_CODE_OF_VIOL,PCF_VIOL_CATEGORY,PCF_VIOLATION,PCF_VIOL_SUBSECTION,HIT_AND_RUN,TYPE_OF_COLLISION,MVIW,PED_ACTION,ROAD_SURFACE,ROAD_COND_1,ROAD_COND_2,LIGHTING,CONTROL_DEVICE,CHP_ROAD_TYPE,PEDESTRIAN_ACCIDENT,BICYCLE_ACCIDENT,MOTORCYCLE_ACCIDENT,TRUCK_ACCIDENT,NOT_PRIVATE_PROPERTY,ALCOHOL_INVOLVED,STWD_VEHTYPE_AT_FAULT,CHP_VEHTYPE_AT_FAULT,COUNT_SEVERE_INJ,COUNT_VISIBLE_INJ,COUNT_COMPLAINT_PAIN,COUNT_PED_KILLED,COUNT_PED_INJURED,COUNT_BICYCLIST_KILLED,COUNT_BICYCLIST_INJURED,COUNT_MC_KILLED,COUNT_MC_INJURED,PRIMARY_RAMP,SECONDARY_RAMP,LATITUDE,LONGITUDE,COUNTY,CITY,POINT_X,POINT_Y
8488227,2017,2017-11-22,3700,2017-09-01,1140,SH2573,,5,5,5,3782,0,0,0,,0,212,"LA COSTA AV","PIRAEUS ST",0.00,,Y,A,-,N,,,,,,,,,,N,3,0,1,2,A,-,08,22107,,F,D,G,A,A,H,-,A,A,0,,Y,,,Y,,A,01,0,1,0,0,0,0,1,0,0,"- ","- ",,,"SAN DIEGO",ENCINITAS,-117.29634004,33.084690070000001
8488338,2017,2017-11-22,3700,2017-09-22,1927,SH0690,,5,5,5,3782,0,0,0,,0,214,"ENCINITAS BL","DRIVEWAY OF MOONLIGHT MARKETPLACE",465.00,W,N,A,-,N,,,,,,,,,,Y,2,0,1,2,A,-,11,21954,A,F,G,B,D,A,H,-,C,D,0,Y,,,,Y,Y,N,60,1,0,0,0,1,0,0,0,0,"- ","- ",,,"SAN DIEGO",ENCINITAS,,
8488506,2017,2017-12-05,3711,2017-10-12,1749,SD6764,,4,5,7,3711,0,0,0,,0,124,"LA JOLLA SHORES DR","DOWNWIND WY",15.00,S,N,A,-,N,,,,,,,,,,N,2,0,1,2,A,-,10,21950,A,N,G,B,B,A,H,-,B,A,0,Y,,,,Y,,A,01,1,0,0,0,1,0,0,0,0,"- ","- ",,,"SAN DIEGO","SAN DIEGO",-117.25200069,32.867889910000002
8488510,2017,2017-12-05,3711,2017-10-29,1931,7462,,7,5,7,3711,0,0,0,,0,526,"CEDAR ST","2ND AV",0.00,,Y,A,-,N,,,,,,,,,,N,4,0,1,2,A,-,09,21802,A,N,D,G,A,A,H,-,C,D,0,,Y,,,Y,Y,L,04,0,0,1,0,0,0,1,0,0,"- ","- ",,,"SAN DIEGO","SAN DIEGO",-117.16293002,32.721980010000003
8488576,2017,2017-12-13,3711,2017-11-04,1456,6045,,6,5,7,3711,0,0,0,,0,321,"MISSION GORGE RD","RAINIER AV",0.00,,Y,A,-,N,,,,,,,,,,N,4,0,2,3,A,-,08,22107,,N,G,B,B,A,H,-,A,A,0,Y,,,,Y,,-,,0,0,2,0,2,0,0,0,0,"- ","- ",,,"SAN DIEGO","SAN DIEGO",-117.09770005999999,32.789820089999999
8488580,2017,2017-12-13,3711,2017-11-04,0808,7605,SD,6,5,7,3711,0,0,0,,0,613,"WEST POINT LOMA BL","GROTON ST",0.00,,Y,A,-,N,,,,,,,,,,N,4,0,1,2,A,-,10,21950,A,N,G,B,B,A,H,-,A,A,0,Y,,,,Y,,-,,0,0,1,0,1,0,0,0,0,"- ","- ",,,"SAN DIEGO","SAN DIEGO",-117.22194003,32.754340089999999
8488592,2017,2018-03-09,3711,2017-11-05,2100,7607,,7,5,7,3711,0,0,0,,0,083,"FAIRMONT AV","REDWOOD ST",12.00,N,N,A,-,N,,,,,,,,,,N,3,0,1,2,A,-,10,21950,A,N,D,G,A,A,H,-,C,A,0,,Y,,,Y,,A,08,0,1,0,0,0,0,1,0,0,"- ","- ",,,"SAN DIEGO","SAN DIEGO",-117.10099,32.738452870000003
8488616,2017,2017-12-13,3711,2017-11-05,1111,6629,SD,7,5,7,3711,0,0,0,,0,442,"ALPHA ST","ALPHA ST  4000",15.00,S,N,A,-,N,,,,,,,,,,N,4,0,1,2,A,-,05,21651,,N,D,G,A,A,H,-,A,A,0,,Y,,,Y,,L,04,0,0,1,0,0,0,1,0,0,"- ","- ",,,"SAN DIEGO","SAN DIEGO",,
8488620,2017,2017-12-13,3711,2017-11-06,0015,7214,,1,5,7,3711,0,0,0,,0,517,"30TH ST",BROADWAY,0.00,,Y,A,-,N,,,,,,,,,,N,3,0,1,2,A,-,11,21950,B,N,G,B,D,A,H,-,C,D,0,Y,,,,Y,,N,60,0,1,0,0,1,0,0,0,0,"- ","- ",,,"SAN DIEGO","SAN DIEGO",-117.12959005,32.715870049999999
8488640,2017,2017-12-14,3711,2017-11-06,0637,5899,,1,5,7,3711,0,0,0,,0,813,"OHIO ST","HOWARD AV",4.00,S,N,A,-,N,,,,,,,,,,N,3,0,1,2,A,-,09,21802,A,N,D,G,A,A,-,-,A,A,0,,Y,,,Y,,-,,0,1,0,0,0,0,1,0,0,"- ","- ",,,"SAN DIEGO","SAN DIEGO",-117.12897949000001,32.754059050000002
8488653,2017,2017-11-28,3711,2017-11-04,0355,6146,,6,5,7,3711,0,0,0,,0,521,"F ST","PARK BL",0.00,,Y,A,-,N,,,,,,,,,,N,2,0,1,2,A,-,11,21954,A,F,G,B,E,A,H,-,C,A,0,Y,,,,Y,,N,60,1,0,0,0,1,0,0,0,0,"- ","- ",,,"SAN DIEGO","SAN DIEGO",-117.15375011,32.713640040000001
8489066,2017,2017-12-07,3705,2017-10-30,0914,EC0344,,1,5,5,3705,0,0,0,,0,006,CUYAMACA,WELD,0.00,,Y,B,-,N,,,,,,,,,,N,3,0,1,2,A,-,08,22100,B,N,B,G,A,A,H,-,A,A,0,,Y,,,Y,,L,04,0,1,0,0,0,0,1,0,0,"- ","- ",,,"SAN DIEGO","EL CAJON",-116.98382011,32.827640029999998
8489169,2017,2017-11-30,3705,2017-09-24,1931,EC0295,,7,5,5,3705,0,0,0,,0,006,"FLETCHER PKWY","JACKMAN ST",5.00,W,N,A,-,N,,,,,,,,,,Y,2,0,1,2,A,-,10,21950,,N,G,B,B,A,H,-,C,D,0,Y,,,,Y,Y,-,"- ",1,0,0,0,1,0,0,0,0,"- ","- ",,,"SAN DIEGO","EL CAJON",-116.97334621,32.807560000000002
8489533,2017,2018-06-20,3700,2017-10-26,2350,SH0817,,4,5,5,3712,0,0,0,,0,357,"SOUTH TWIN OAKS VALLEY RD","RT 78",18.00,S,N,A,-,Y,SD,11,78,-,-,12.788,R,4,E,N,4,0,1,2,A,-,09,21453,B,N,B,G,A,A,H,-,C,A,0,,Y,,,Y,,A,01,0,0,1,0,0,0,1,0,0,"- ",EF,,,"SAN DIEGO","SAN MARCOS",-117.16585926,33.136918600000001
8489697,2017,2017-11-21,3708,2017-10-10,0740,LM1225,,2,5,5,3708,0,0,0,,0,001,"UNIVERSITY AV","LOWELL ST",0.00,,Y,A,-,N,,,,,,,,,,N,3,0,1,2,A,-,10,21950,A,N,G,B,B,A,H,-,A,A,0,Y,,,,Y,,D,22,0,1,0,0,1,0,0,0,0,"- ","- ",,,"SAN DIEGO","LA MESA",-117.03723001,32.757800029999999
8489886,2017,2017-12-01,3711,2017-10-25,1214,7339,SANDI,3,5,7,3711,0,0,0,,0,437,"CASEY ST","ATTLEBOROUGH CT",150.00,S,N,A,-,N,,,,,,,,,,N,4,0,1,3,A,-,08,22107,,N,B,B,E,A,H,-,A,D,0,Y,,,,Y,,A,01,0,0,1,0,1,0,0,0,0,"- ","- ",,,"SAN DIEGO","SAN DIEGO",-117.03863353,32.68093081
8490216,2017,2017-12-11,3711,2017-11-02,1827,6781,,4,5,7,3711,0,0,0,,0,823,"COLLEGE AV","STREAMVIEW DR",0.00,,Y,A,-,N,,,,,,,,,,N,4,0,1,2,A,-,10,21950,A,M,G,B,B,A,H,-,C,A,0,Y,,,,Y,Y,-,,0,0,1,0,1,0,0,0,0,"- ","- ",,,"SAN DIEGO","SAN DIEGO",-117.05877009,32.745510070000002
8490228,2017,2017-12-11,3711,2017-11-01,0635,4274,,3,5,7,3711,0,0,0,,0,315,"CAMINO DEL RIO N","MISSION CENTER PKWY",3.00,W,N,A,-,N,,,,,,,,,,N,3,0,1,2,A,-,09,21804,A,N,D,G,A,A,H,-,D,D,0,,Y,,,Y,,-,,0,1,0,0,0,0,1,0,0,"- ","- ",,,"SAN DIEGO","SAN DIEGO",-117.15334933,32.76685767
8490236,2017,2017-12-11,3711,2017-11-01,1631,7658,,3,5,7,3711,0,0,0,,0,324,"NAVAJO RD","LAKE MURRAY BL",300.00,W,N,A,-,N,,,,,,,,,,N,3,0,1,2,A,-,05,21650,,N,H,G,A,A,H,-,A,D,0,,Y,,,Y,,L,04,0,1,0,0,0,0,1,0,0,"- ","- ",,,"SAN DIEGO","SAN DIEGO",-117.01142867999999,32.803006170000003
8491052,2017,2017-12-12,3711,2017-11-06,1909,7525,,1,5,7,3711,0,0,0,,0,126,"VILLA LA JOLLA DR","VISTA NORTE",150.00,N,N,A,-,N,,,,,,,,,,,3,0,1,2,B,-,22,,,N,D,G,A,A,H,-,C,A,0,,Y,,,Y,,A,01,0,1,0,0,0,0,1,0,0,"- ","- ",,,"SAN DIEGO","SAN DIEGO",-117.23385125,32.87071392
8491060,2017,2017-12-12,3711,2017-11-07,1520,7672,,2,5,7,3711,0,0,0,,0,,"UNIVERSITY AV","58TH ST",246.00,W,N,A,-,N,,,,,,,,,,N,3,0,1,2,A,-,08,22107,,N,D,G,A,A,H,-,A,A,0,,Y,,,Y,Y,A,01,0,1,0,0,0,0,1,0,0,"- ","- ",,,"SAN DIEGO","SAN DIEGO",-117.07286999999999,32.749139999999997
8491068,2017,2018-01-09,3711,2017-11-03,2250,7697,,5,5,7,3711,0,0,0,,0,122,"LAMONT ST","GRAND AV",150.00,N,-,A,-,N,,,,,,,,,,N,4,0,1,2,A,-,21,22106,,M,G,B,D,A,H,-,D,-,0,Y,,,,Y,Y,-,,0,0,1,0,1,0,0,0,0,"- ","- ",,,"SAN DIEGO","SAN DIEGO",-117.23492809,32.799586210000001
8491653,2017,2017-11-27,3710,2017-09-20,1549,OC1428,008,3,5,6,3710,0,0,0,,0,002,"VINE ST","BIRCHLEY PL",49.00,S,N,A,-,N,,,,,,,,,,N,4,0,1,2,A,-,21,22106,,N,G,B,C,A,H,-,A,D,0,Y,,,,Y,,D,22,0,0,1,0,1,0,0,0,0,"- ","- ",33.190429999999999,-117.36512,"SAN DIEGO",OCEANSIDE,-117.36492276,33.19028059
8491688,2017,2017-12-05,3710,2017-11-06,0655,OC0778,008,1,5,6,3710,0,0,0,,0,003,"OCEANSIDE BL","DITMAR ST",5.00,E,N,A,-,N,,,,,,,,,,N,4,0,1,2,A,-,09,21801,A,N,H,G,A,A,H,-,A,A,0,,Y,,,Y,,A,01,0,0,1,0,0,0,1,0,0,"- ","- ",33.184849999999997,-117.36717,"SAN DIEGO",OCEANSIDE,-117.36727621,33.184787299999996
8491794,2017,2017-12-14,3710,2017-10-10,2103,OC1351,016,2,5,6,3710,0,0,0,,0,008,"MISSION AV","EL CAMINIO REAL",779.00,W,N,A,-,N,,,,,,,,,,N,4,0,1,2,A,-,11,21954,A,N,G,B,D,A,H,-,C,D,0,Y,,,,Y,Y,N,60,0,0,1,0,1,0,0,0,0,"- ","- ",,,"SAN DIEGO",OCEANSIDE,-117.332791,33.224338930000002
8492371,2017,2017-12-13,3700,2017-11-03,0924,SH3913,,5,5,5,3712,0,0,0,,0,354,"AVENIDA RICARDO","CENTER DR",86.00,N,N,A,-,N,,,,,,,,,,N,3,0,1,2,A,-,11,21950,B,F,G,B,D,A,H,-,A,D,0,Y,,,,Y,,N,60,0,1,0,0,1,0,0,0,0,"- ","- ",,,"SAN DIEGO","SAN MARCOS",-117.12179011000001,33.136332860000003
8492756,2017,2017-12-13,3700,2017-10-23,0521,SH5502,,1,5,5,3782,0,0,0,,0,221,"SOUTH VULCAN AV","EAST D ST",6.00,S,N,A,-,N,,,,,,,,,,N,4,0,1,2,A,-,10,21950,A,N,G,B,B,A,H,-,B,A,0,Y,,,,Y,,D,22,0,0,1,0,1,0,0,0,0,"- ","- ",,,"SAN DIEGO",ENCINITAS,-117.29261751,33.046083699999997
8492865,2017,2017-12-06,3700,2017-11-10,0820,SH0320,,5,5,5,3713,0,0,0,,0,318,"LA MIRADA DR","LA MIRADA CT",228.00,W,N,A,-,N,,,,,,,,,,N,3,0,1,2,A,-,10,21952,,N,D,B,C,A,H,-,A,D,0,Y,,,,Y,,A,01,0,1,0,0,1,0,0,0,0,"- ","- ",,,"SAN DIEGO",VISTA,-117.22768295,33.152008019999997
8493227,2017,2018-06-08,3711,2017-11-10,1005,7663,,5,5,7,3711,0,0,0,,0,811,"33RD ST","MADISON AV",0.00,,N,A,-,N,,,,,,,,,,N,3,0,1,2,A,-,11,21950,B,N,G,B,D,A,H,-,A,D,0,Y,,,,Y,,N,60,0,1,0,0,1,0,0,0,0,"- ","- ",,,"SAN DIEGO","SAN DIEGO",-117.12287010999999,32.760990020000001
8493591,2017,2017-12-08,3700,2017-11-16,1032,SH3913,,4,5,5,3712,0,0,0,,0,352,"VINEYARD RD","SHIRLEY DR",0.00,,Y,A,-,N,,,,,,,,,,N,4,0,1,2,A,-,11,21956,A,N,G,B,E,A,H,-,A,D,0,Y,,,,Y,,N,60,0,0,1,0,1,0,0,0,0,"- ","- ",,,"SAN DIEGO","SAN MARCOS",-117.15367012,33.152870059999998
8493705,2017,2017-12-11,3705,2017-10-25,1507,EC0337,,3,5,5,3705,0,0,0,,0,009,JAMACHA,"GRANITE HILLS",396.00,S,N,A,-,N,,,,,,,,,,N,3,0,1,2,A,-,05,21202,A,N,D,G,A,A,H,-,A,D,0,,Y,,,Y,,L,04,0,1,0,0,0,0,1,0,0,"- ","- ",,,"SAN DIEGO","EL CAJON",-116.92793,32.784205530000001
8493755,2017,2017-12-14,3706,2017-11-14,1200,512,ESCON,2,5,6,3706,0,0,0,,0,052,"BEECH ST","VALLEY PKWY",0.00,,Y,A,-,N,,,,,,,,,,N,4,0,1,2,A,-,11,21954,A,N,G,B,D,A,H,-,A,D,0,Y,,,,Y,,N,60,0,0,1,0,1,0,0,0,0,"- ","- ",,,"SAN DIEGO",ESCONDIDO,-117.06842002,33.129840090000002
8494287,2017,2017-12-14,3711,2017-11-08,1415,7626,,3,5,7,3711,0,0,0,,0,523,"4TH AV","G ST",3.00,S,N,B,-,N,,,,,,,,,,N,4,0,1,2,A,-,10,21950,,N,G,B,B,A,H,-,A,A,0,Y,,,,Y,,N,60,0,0,1,0,1,0,0,0,0,"- ","- ",,,"SAN DIEGO","SAN DIEGO",-117.16106000000001,32.712561780000001
8494299,2017,2018-03-03,3711,2017-11-02,0614,5747,,4,5,7,3711,0,0,0,,0,614,"SUNSET CLIFFS BL","NIAGARA AV",104.00,S,N,A,-,N,,,,,,,,,,N,4,0,1,2,A,-,17,22517,,N,B,G,A,A,H,-,C,D,0,,Y,,,Y,,-,,0,0,1,0,0,0,1,0,0,"- ","- ",,,"SAN DIEGO","SAN DIEGO",-117.24853625,32.743678320000001
8494315,2017,2017-12-14,3711,2017-11-02,0633,7619,,4,5,7,3711,0,0,0,,0,521,"BROADWAY AV","15TH ST",0.00,,Y,A,-,N,,,,,,,,,,N,4,0,1,2,A,-,08,22107,,N,C,G,A,A,H,-,B,A,0,,Y,,,Y,,A,01,0,0,1,0,0,0,1,0,0,"- ","- ",,,"SAN DIEGO","SAN DIEGO",-117.15039011,32.715740019999998
8494847,2017,2017-12-06,3711,2017-11-12,1850,7607,,7,5,7,3711,0,0,0,,0,835,"SYCAMORE DR","SYCAMORE DR  4220",8.00,N,N,A,-,N,,,,,,,,,,N,4,0,2,3,A,-,03,22350,,M,G,B,D,A,H,-,C,D,0,Y,,,,Y,Y,A,01,0,0,2,0,2,0,0,0,0,"- ","- ",,,"SAN DIEGO","SAN DIEGO",,
8494859,2017,2017-12-06,3711,2017-11-10,0111,MIRANDA,,5,5,7,3711,0,0,0,,0,822,"EL CAJON BL","EL CAJON  4300",50.00,E,N,A,-,N,,,,,,,,,,N,4,0,1,2,A,-,08,22107,,M,C,G,A,A,H,-,C,D,0,,Y,,,Y,,-,,0,0,1,0,0,0,1,0,0,"- ","- ",,,"SAN DIEGO","SAN DIEGO",,
8494863,2017,2018-06-08,3711,2017-11-04,0631,6789,,6,5,7,3711,0,0,0,,0,622,"PACIFIC HWY","SEA WORLD DR",474.00,S,N,A,-,N,,,,,,,,,,N,3,0,1,2,A,-,11,21950,B,N,G,B,D,A,H,-,D,D,0,Y,,,,Y,,N,60,0,1,0,0,1,0,0,0,0,"- ","- ",,,"SAN DIEGO","SAN DIEGO",-117.20713742,32.766731630000002
8494869,2017,2018-01-08,3700,2017-11-05,1700,SH0081,,7,5,5,3712,0,0,0,,0,352,"EAST MISSION RD","E MISSION RD 500",0.00,,N,A,-,N,,,,,,,,,,N,4,0,1,2,D,-,00,,,N,D,G,A,A,H,-,A,D,0,,Y,,,Y,,-,"- ",0,0,1,0,0,0,1,0,0,"- ","- ",,,"SAN DIEGO","SAN MARCOS",-117.15199113,33.144462539999999
8496295,2017,2017-12-12,3700,2017-11-06,1509,SH2558,,1,5,5,3712,0,0,0,,0,352,"MULBERRY DR","EAST MISSION RD",0.00,,Y,A,-,N,,,,,,,,,,N,3,0,1,2,A,-,09,21804,A,N,G,G,A,A,H,-,A,D,0,,Y,,Y,Y,,F,26,0,1,0,0,0,0,1,0,0,"- ","- ",,,"SAN DIEGO","SAN MARCOS",-117.14939,33.145070029999999
8496741,2017,2017-12-09,3711,2017-11-09,1535,5226,,4,5,7,3711,0,0,0,,0,531,"PARK BL","ZOO PL",0.00,,Y,A,-,N,,,,,,,,,,N,3,0,1,2,A,-,10,21950,A,N,G,B,B,A,H,-,A,A,0,Y,,,,Y,,A,01,0,1,0,0,1,0,0,0,0,"- ","- ",,,"SAN DIEGO","SAN DIEGO",-117.14585002,32.735210029999998
8496745,2017,2018-06-26,3711,2017-10-21,1742,7575,,6,5,7,3711,0,0,0,,0,233,"RANCHO PENASQUITOS BL","AZUAGA ST",21.00,S,N,A,-,Y,SD,11,56,-,-,8.333,R,4,E,N,2,0,1,2,A,-,09,21804,A,N,B,G,A,A,H,-,A,A,0,,Y,,,Y,,L,04,1,0,0,0,0,0,1,0,0,"- ","- ",,,"SAN DIEGO","SAN DIEGO",-117.11727901,32.957117519999997
8496749,2017,2018-02-16,3711,2017-10-21,0924,7652,,6,5,7,3711,0,0,0,,0,313,KIRKCALDY,"KIRKCALDY 4100",0.00,,-,A,-,N,,,,,,,,,,N,3,0,1,2,A,-,17,22517,,N,H,G,A,A,H,-,A,D,0,,Y,,,Y,,A,01,0,1,0,0,0,0,1,0,0,"- ","- ",,,"SAN DIEGO","SAN DIEGO",-117.15854824,32.81709506
8496882,2017,2018-02-17,3711,2017-11-18,2158,7303,MC,6,5,7,3711,0,0,0,,0,813,"LINCOLN ST","LINCOLN ST 3000",6.00,S,N,A,-,N,,,,,,,,,,N,4,0,1,2,A,-,10,21950,A,N,A,B,B,A,H,-,C,A,0,Y,,,,Y,,-,,0,0,1,0,1,0,0,0,0,"- ","- ",,,"SAN DIEGO","SAN DIEGO",,
8496886,2017,2018-02-17,3711,2017-11-14,1120,7467,SD,2,5,7,3711,0,0,0,,0,525,"W G ST","W G ST 100",20.00,S,N,A,-,N,,,,,,,,,,N,4,0,1,2,A,-,10,21950,A,N,G,B,B,A,H,-,A,A,0,Y,,,,Y,,-,,0,0,1,0,1,0,0,0,0,"- ","- ",,,"SAN DIEGO","SAN DIEGO",,
8496926,2017,2018-02-17,3711,2017-11-10,1429,4923,,5,5,7,3711,0,0,0,,0,242,"KARMA DR","CHANCE WY",5.00,W,N,A,-,N,,,,,,,,,,N,3,0,1,2,A,-,11,21954,A,N,G,B,D,A,H,-,A,D,0,Y,,,,Y,,N,60,0,1,0,0,1,0,0,0,0,"- ","- ",,,"SAN DIEGO","SAN DIEGO",-117.1225262,32.920050949999997
8496935,2017,2017-12-16,3700,2017-10-22,1022,SH0205,,7,5,4,3780,0,0,0,,0,413,"POMERADO RD","RIMBACH RD",0.00,,Y,A,-,N,,,,,,,,,,N,2,0,1,2,A,-,09,21801,A,N,H,G,A,A,H,-,A,D,0,,Y,,,Y,,A,01,1,0,0,0,0,0,1,0,0,"- ","- ",,,"SAN DIEGO",POWAY,-117.06248002,32.955910009999997
8496949,2017,2018-02-17,3711,2017-11-18,1646,5923,SANDI,6,5,7,3711,0,0,0,,0,611,"MIDWAY DR","MIDWAY DR 2800",8.00,E,N,A,-,N,,,,,,,,,,N,4,0,1,2,A,I,"- ",,,N,D,G,A,A,H,-,B,D,0,,Y,,,Y,,L,04,0,0,1,0,0,0,1,0,0,"- ","- ",,,"SAN DIEGO","SAN DIEGO",,
8497193,2017,2018-01-08,3711,2017-11-24,1307,7176,,5,5,7,3711,0,0,0,,0,531,"PARK BL","SPACE THEATER WY",364.00,N,N,A,-,N,,,,,,,,,,N,3,0,1,2,A,-,11,21950,B,N,G,B,D,A,H,-,A,D,0,Y,,,,Y,,N,60,0,1,0,0,1,0,0,0,0,"- ","- ",,,"SAN DIEGO","SAN DIEGO",-117.14619398000001,32.730596910000003
8497928,2017,2017-12-04,3702,2017-10-02,0630,CV0506,,1,5,6,3702,0,0,0,,0,031,"EAST H ST","PASEO DEL REY",3.00,W,N,A,-,N,,,,,,,,,,N,2,0,1,3,A,-,11,21950,B,N,G,B,C,A,H,-,C,A,0,Y,,,,Y,Y,N,60,1,0,0,0,1,0,0,0,0,"- ","- ",,,"SAN DIEGO","CHULA VISTA",-117.02928966,32.636020850000001
8497956,2017,2017-12-04,3702,2017-10-08,1250,CV1198,,7,5,6,3702,0,0,0,,0,021,BROADWAY,"PALOMAR ST",585.00,N,N,A,-,N,,,,,,,,,,N,4,0,1,2,A,-,05,21202,A,N,G,G,A,A,H,-,A,D,0,,Y,,,Y,,L,04,0,0,1,0,0,0,1,0,0,"- ","- ",,,"SAN DIEGO","CHULA VISTA",-117.0793618,32.604939039999998
8497976,2017,2017-12-04,3702,2017-10-24,0814,CV0984,,2,5,6,3702,0,0,0,,0,041,"MONARCH DR","SANTA LUCIA RD",6.00,W,N,A,-,N,,,,,,,,,,N,3,0,1,2,A,-,10,21950,A,N,G,B,B,A,H,-,A,D,0,Y,,,,Y,,A,01,0,1,0,0,1,0,0,0,0,"- ","- ",,,"SAN DIEGO","CHULA VISTA",-116.99617981999999,32.625303189999997
8497983,2017,2017-12-04,3702,2017-09-27,1217,CV0790,,3,5,6,3702,0,0,0,,0,023,"EAST L ST","MONSERATE AV",0.00,,Y,A,-,N,,,,,,,,,,N,4,0,1,2,A,-,11,21950,B,N,G,B,D,A,H,-,A,A,0,Y,,,,Y,,N,60,0,0,1,0,1,0,0,0,0,"- ","- ",,,"SAN DIEGO","CHULA VISTA",-117.05193011999999,32.626240109999998
8497987,2017,2017-12-04,3702,2017-09-29,2144,CV1212,,5,5,6,3702,0,0,0,,0,014,"N 4TH AV","C ST",97.00,N,N,A,-,N,,,,,,,,,,N,2,0,1,2,A,-,11,21950,B,N,G,B,D,A,H,-,C,A,0,Y,,,,Y,,N,60,1,0,0,0,1,0,0,0,0,"- ","- ",,,"SAN DIEGO","CHULA VISTA",-117.08808947999999,32.650782020000001
8498342,2017,2017-12-12,3705,2017-10-31,1844,EC0373,,2,5,5,3705,0,0,0,,0,007,"OAKDALE AV",GRAPE,239.00,E,N,A,-,N,,,,,,,,,,N,2,0,1,2,A,-,11,21954,A,N,G,B,D,A,H,-,C,D,0,Y,,,,Y,,N,60,1,0,0,0,1,0,0,0,0,"- ","- ",,,"SAN DIEGO","EL CAJON",-116.93056507999999,32.802041389999999
8498534,2017,2017-12-11,3711,2017-11-06,0941,HB5627,,1,5,7,3711,0,0,0,,0,503,"NORTH HARBOR DR","LIGHT POLE LO23",249.00,E,N,B,-,N,,,,,,,,,,N,3,0,1,2,A,-,03,22350,,N,C,G,A,A,H,-,A,D,0,,Y,,,Y,,A,01,0,1,0,0,0,0,1,0,0,"- ","- ",,,"SAN DIEGO","SAN DIEGO",,
8498550,2017,2017-12-11,3705,2017-11-03,1849,EC0361,,5,5,5,3705,0,0,0,,0,009,"2ND ST",MADISON,657.00,S,N,A,-,N,,,,,,,,,,N,3,0,1,2,A,-,11,21955,,N,G,B,D,A,H,-,C,D,0,Y,,,,Y,,N,60,0,1,0,0,1,0,0,0,0,"- ","- ",,,"SAN DIEGO","EL CAJON",-116.93575,32.798350749999997
8498673,2017,2017-12-28,3711,2017-11-25,1722,7553,,6,5,7,3711,0,0,0,,0,813,"UNIVERSITY AV","UNIVERSITY AV 3152",0.00,,N,B,-,N,,,,,,,,,,N,3,0,1,2,A,I,10,21950,A,N,G,B,C,A,H,-,C,D,0,Y,,,,Y,,A,07,0,1,0,0,1,0,0,0,0,"- ","- ",,,"SAN DIEGO","SAN DIEGO",-117.12622583,32.748490850000003
8498732,2017,2017-12-26,3711,2017-11-27,1347,7540,,1,5,7,3711,0,0,0,,0,826,"EL CAJON BL","WINONA AV",19.00,W,N,A,-,N,,,,,,,,,,N,4,0,1,2,A,-,10,21950,A,N,G,B,B,A,H,-,A,A,0,Y,,,,Y,,A,08,0,0,1,0,1,0,0,0,0,"- ","- ",,,"SAN DIEGO","SAN DIEGO",-117.08795073,32.75664132
8498763,2017,2018-01-10,3711,2017-11-28,1730,5958,,2,5,7,3711,0,0,0,,0,242,"MIRA MESA BL","MIRA MESA BL 8900",0.00,,-,A,-,N,,,,,,,,,,N,4,0,1,2,A,-,09,21804,A,N,G,B,F,A,H,-,C,D,0,Y,,,,Y,,-,,0,0,1,0,1,0,0,0,0,"- ","- ",,,"SAN DIEGO","SAN DIEGO",-117.13297248000001,32.913867430000003
8498783,2017,2018-01-10,3711,2017-11-24,0912,7309,,5,5,7,3711,0,0,0,,0,124,"LA JOLLA SHORES DR","LA JOLLA SHORES DR 9100",0.00,,-,A,-,N,,,,,,,,,,N,2,0,2,2,A,-,03,22350,,N,B,G,A,A,H,-,A,D,0,,Y,,,Y,,L,04,1,1,0,0,0,0,2,0,0,"- ","- ",32.8703,-117.25,"SAN DIEGO","SAN DIEGO",-117.25,32.8703
8498881,2017,2017-12-06,3711,2017-10-27,0830,1521,E,5,5,7,3711,0,0,0,,0,SDSU,"EAST CAMPUS DR","ZURA WY",202.00,N,N,A,-,N,,,,,,,,,,N,3,0,1,2,A,-,12,22450,,N,B,B,C,A,H,-,A,A,0,Y,,,,Y,Y,A,01,0,1,0,0,1,0,0,0,0,"- ","- ",32.773800000000001,-117.06704999999999,"SAN DIEGO","SAN DIEGO",-117.06701755,32.77364171
8499059,2017,2017-11-27,3710,2017-09-19,1850,OC1391,012,2,5,6,3710,0,0,0,,0,004,"SHADOW TREE DR","MORNING VIEW DR",436.00,N,N,A,-,N,,,,,,,,,,N,4,0,1,2,A,-,11,21954,A,N,G,B,D,A,H,-,A,D,0,Y,,,,Y,,N,60,0,0,1,0,1,0,0,0,0,"- ","- ",33.234180000000002,-117.35012,"SAN DIEGO",OCEANSIDE,-117.35256597,33.2325722