CASE_ID,ACCIDENT_YEAR,PROC_DATE,JURIS,COLLISION_DATE,COLLISION_TIME,OFFICER_ID,REPORTING_DISTRICT,DAY_OF_WEEK,CHP_SHIFT,POPULATION,CNTY_CITY_LOC,SPECIAL_COND,BEAT_TYPE,CHP_BEAT_TYPE,CITY_DIVISION_LAPD,CHP_BEAT_CLASS,BEAT_NUMBER,PRIMARY_RD,SECONDARY_RD,DISTANCE,DIRECTION,INTERSECTION,WEATHER_1,WEATHER_2,STATE_HWY_IND,CALTRANS_COUNTY,CALTRANS_DISTRICT,STATE_ROUTE,ROUTE_SUFFIX,POSTMILE_PREFIX,POSTMILE,LOCATION_TYPE,RAMP_INTERSECTION,SIDE_OF_HWY,TOW_AWAY,COLLISION_SEVERITY,NUMBER_KILLED,NUMBER_INJURED,PARTY_COUNT,PRIMARY_COLL_FACTOR,PCF_CODE_OF_VIOL,PCF_VIOL_CATEGORY,PCF_VIOLATION,PCF_VIOL_SUBSECTION,HIT_AND_RUN,TYPE_OF_COLLISION,MVIW,PED_ACTION,ROAD_SURFACE,ROAD_COND_1,ROAD_COND_2,LIGHTING,CONTROL_DEVICE,CHP_ROAD_TYPE,PEDESTRIAN_ACCIDENT,BICYCLE_ACCIDENT,MOTORCYCLE_ACCIDENT,TRUCK_ACCIDENT,NOT_PRIVATE_PROPERTY,ALCOHOL_INVOLVED,STWD_VEHTYPE_AT_FAULT,CHP_VEHTYPE_AT_FAULT,COUNT_SEVERE_INJ,COUNT_VISIBLE_INJ,COUNT_COMPLAINT_PAIN,COUNT_PED_KILLED,COUNT_PED_INJURED,COUNT_BICYCLIST_KILLED,COUNT_BICYCLIST_INJURED,COUNT_MC_KILLED,COUNT_MC_INJURED,PRIMARY_RAMP,SECONDARY_RAMP,LATITUDE,LONGITUDE,COUNTY,CITY,POINT_X,POINT_Y
8624234,2018,2018-05-30,3711,2018-05-02,1226,6366,,3,5,7,3711,0,0,0,,0,512,"IMPERIAL AV","S 25TH ST",260.00,E,N,B,-,N,,,,,,,,,,N,3,0,1,2,A,-,09,21804,A,N,D,G,A,A,H,-,A,D,0,,Y,,,Y,Y,J,48,0,1,0,0,0,0,1,0,0,"- ","- ",,,"SAN DIEGO","SAN DIEGO",-117.13935089111328,32.706352233886719
8624260,2018,2018-08-17,3711,2018-05-15,2218,4310,,2,5,7,3711,0,0,0,,0,521,"17TH ST","B ST",12.00,S,N,A,-,Y,SD,11,5,-,R,15.816,R,4,S,N,3,0,1,2,A,-,11,21954,A,N,G,B,D,A,H,-,D,D,0,Y,,,,Y,,N,60,0,1,0,0,1,0,0,0,0,"- ","- ",,,"SAN DIEGO","SAN DIEGO",-117.15122985839844,32.723934173583984
8624973,2018,2018-07-03,3711,2018-06-01,2221,7560,SANDI,5,5,7,3711,0,0,0,,0,822,"UNIVERSITY AV","58TH ST",3.00,E,N,A,-,N,,,,,,,,,,N,3,0,1,2,A,-,10,21950,,N,G,B,B,A,H,-,C,A,0,Y,,,,Y,,-,,0,1,0,0,1,0,0,0,0,"- ","- ",,,"SAN DIEGO","SAN DIEGO",-117.07286071777344,32.7491455078125
8624980,2018,2018-07-02,3701,2018-05-26,1248,CB5492,,6,5,5,3701,0,0,0,,0,002,"CARLSBAD BL","HEMLOCK AV",6.00,S,N,A,-,N,,,,,,,,,,N,3,0,1,2,A,-,10,21950,A,N,G,B,C,A,H,-,A,A,0,Y,,,,Y,,A,01,0,1,0,0,1,0,0,0,0,"- ","- ",,,"SAN DIEGO",CARLSBAD,-117.34638214111328,33.148826599121094
8625523,2018,2018-05-30,3711,2018-05-15,1718,5679,,2,5,7,3711,0,0,0,,0,234,"WEST BERNARDO DR","BERNARDO CENTER DR",325.00,W,N,A,-,N,,,,,,,,,,N,3,0,1,2,A,-,09,21801,A,N,D,G,A,A,H,-,A,D,0,,Y,,,Y,,A,01,0,1,0,0,0,0,1,0,0,"- ","- ",,,"SAN DIEGO","SAN DIEGO",-117.08969116210938,33.008686065673828
8625527,2018,2018-05-31,3711,2018-05-12,1847,7601,SANDI,6,5,7,3711,0,0,0,,0,627,"10TH AV","UNIVERSITY AV",22.00,S,N,B,-,N,,,,,,,,,,N,3,0,1,2,A,-,08,22107,,N,B,G,A,A,H,-,A,A,0,,Y,,,Y,,L,04,0,1,0,0,0,0,1,0,0,"- ","- ",,,"SAN DIEGO","SAN DIEGO",-117.15528106689453,32.748359680175781
8625531,2018,2018-05-30,3711,2018-05-16,0848,6392,SD,3,5,7,3711,0,0,0,,0,936,"HIGHLAND VILLAGE PL","CAMINO DEL SUR",15.00,W,N,A,-,N,,,,,,,,,,N,3,0,1,2,A,-,10,21950,A,N,D,G,A,A,H,-,A,A,0,,Y,,,Y,,-,,0,1,0,0,0,0,1,0,0,"- ","- ",,,"SAN DIEGO","SAN DIEGO",-117.15278625488281,32.961799621582031
8625555,2018,2018-05-31,3711,2018-05-09,0809,6366,,3,5,7,3711,0,0,0,,0,526,"ASH ST","4TH AV",0.00,,Y,A,-,N,,,,,,,,,,N,2,0,1,2,A,-,17,21451,A,N,G,B,B,A,H,-,A,A,0,Y,,,,Y,,A,01,1,0,0,0,1,0,0,0,0,"- ","- ",,,"SAN DIEGO","SAN DIEGO",-117.1611328125,32.719890594482422
8625570,2018,2018-05-30,3711,2018-05-10,0645,7731,,4,5,7,3711,0,0,0,,0,31S,"MISSION VALLEY RD","MURRAY CANYON RD",0.00,,Y,B,-,N,,,,,,,,,,N,4,0,1,2,A,-,08,22107,,M,G,B,-,A,H,-,A,D,0,Y,,,,Y,,-,,0,0,1,0,1,0,0,0,0,"- ","- ",,,"SAN DIEGO","SAN DIEGO",-117.15791702,32.775806129999999
8625578,2018,2018-05-30,3711,2018-05-15,1611,6176,,2,5,7,3711,0,0,0,,0,452,"61ST ST","SKYLINE DR",0.00,,Y,A,-,N,,,,,,,,,,N,3,0,1,2,A,-,11,21453,D,N,G,B,B,A,H,-,A,A,0,Y,,,,Y,,N,60,0,1,0,0,1,0,0,0,0,"- ","- ",,,"SAN DIEGO","SAN DIEGO",-117.06681823730469,32.701408386230469
8625595,2018,2018-05-31,3711,2018-05-16,0803,6564,,3,5,7,3711,0,0,0,,0,445,"MARKET ST","COTTON ST",405.00,W,N,B,-,N,,,,,,,,,,N,3,0,1,2,A,-,03,22350,,N,A,G,A,A,H,-,A,D,0,,Y,,,Y,,L,04,0,1,0,0,0,0,1,0,0,"- ","- ",,,"SAN DIEGO","SAN DIEGO",-117.09628295898438,32.711441040039062
8626081,2018,2018-06-06,3711,2018-05-15,1644,7734,,2,5,7,3711,0,0,0,,0,024,"CAMINO RUIZ","MIRA MESA BL",0.00,,Y,A,-,N,,,,,,,,,,N,3,0,1,2,A,-,10,21950,A,N,G,G,A,A,H,-,A,A,0,,Y,,,Y,,A,01,0,1,0,0,0,0,1,0,0,"- ","- ",,,"SAN DIEGO","SAN DIEGO",-117.14399719238281,32.912818908691406
8626093,2018,2018-06-06,3711,2018-05-16,0859,6764,,3,5,7,3711,0,0,0,,0,934,"VISTA RICA","PLEASANT RIDGE",7.00,W,N,A,-,N,,,,,,,,,,N,4,0,1,2,B,-,22,,,N,G,B,E,A,D,-,A,D,0,Y,,,,Y,,A,01,0,0,1,0,1,0,0,0,0,"- ","- ",,,"SAN DIEGO","SAN DIEGO",-117.22331991999999,32.925790040000003
8626101,2018,2018-06-06,3711,2018-05-18,1803,7261,,5,5,7,3711,0,0,0,,0,451,"BAYVIEW HEIGHTS PL","BAYVIEW HEIGHTS DR",259.00,N,N,A,-,N,,,,,,,,,,N,3,0,1,2,A,-,11,21950,B,N,G,B,D,A,H,-,A,D,0,Y,,,,Y,,N,60,0,1,0,0,1,0,0,0,0,"- ","- ",,,"SAN DIEGO","SAN DIEGO",-117.07858276367188,32.724430084228516
8626114,2018,2018-06-04,3711,2018-05-19,1129,5790,,6,5,7,3711,0,0,0,,0,231,"SPRINGHURST DR","SABRE SPRINGS PKWY",0.00,,Y,B,-,N,,,,,,,,,,N,3,0,1,2,A,-,09,21802,A,N,D,G,A,A,H,-,A,D,0,,Y,,,Y,,-,,0,1,0,0,0,0,1,0,0,"- ","- ",,,"SAN DIEGO","SAN DIEGO",-117.07717132568359,32.945949554443359
8626117,2018,2018-06-06,3711,2018-05-14,0947,7458,,1,5,7,3711,0,0,0,,0,122,"JEWELL ST","GARNET AV",150.00,S,N,A,-,N,,,,,,,,,,Y,3,0,1,2,A,-,09,21804,A,N,D,G,A,A,H,-,A,D,0,,Y,,,Y,Y,L,04,0,1,0,0,0,0,1,0,0,"- ","- ",,,"SAN DIEGO","SAN DIEGO",-117.23886108398438,32.799800872802734
8626121,2018,2018-06-06,3711,2018-05-19,0403,6146,,6,5,7,3711,0,0,0,,0,122,"GARNET AV","MORRELL ST",120.00,W,N,A,-,N,,,,,,,,,,Y,2,0,1,2,A,-,11,21954,A,N,G,B,D,A,H,-,C,D,0,Y,,,,Y,,N,60,1,0,0,0,1,0,0,0,0,"- ","- ",,,"SAN DIEGO","SAN DIEGO",-117.23387908935547,32.801322937011719
8626122,2018,2018-06-04,3711,2018-05-16,0730,5611,,3,5,7,3711,0,0,0,,0,243,"MIRAMAR RD","PRODUCTION AV",47.00,E,N,B,-,N,,,,,,,,,,N,3,0,1,1,A,-,03,22350,,N,E,G,A,A,C,-,A,D,0,,Y,,,Y,,L,04,0,1,0,0,0,0,1,0,0,"- ","- ",,,"SAN DIEGO","SAN DIEGO",-117.16471862792969,32.878757476806641
8626130,2018,2018-06-04,3711,2018-05-18,0724,7361,,5,5,7,3711,0,0,0,,0,517,"25TH ST",BROADWAY,0.00,,N,A,-,N,,,,,,,,,,N,4,0,1,2,A,-,11,21954,A,N,G,B,D,A,H,-,A,A,0,Y,,,,Y,,N,60,0,0,1,0,1,0,0,0,0,"- ","- ",32.715320587158203,-117.14028167724609,"SAN DIEGO","SAN DIEGO",-117.14028167724609,32.7158203125
8626862,2018,2018-06-05,3702,2018-05-19,1633,CV1079,,6,5,6,3702,0,0,0,,0,031,"BERLAND WY","FLOYD AV",210.00,E,N,A,-,N,,,,,,,,,,N,3,0,1,3,C,-,18,,,N,G,B,F,A,H,-,A,D,0,Y,,,,Y,,-,"- ",0,1,0,0,1,0,0,0,0,"- ","- ",,,"SAN DIEGO","CHULA VISTA",-117.04126739501953,32.634010314941406
8626871,2018,2018-06-05,3708,2018-04-19,0829,IM1266,,4,5,5,3708,0,0,0,,0,002,"SPRING ST","LEMON AV",228.00,S,N,A,-,N,,,,,,,,,,N,4,0,1,2,A,-,11,21954,A,N,G,B,E,A,D,-,A,A,0,Y,,,,Y,,N,60,0,0,1,0,1,0,0,0,0,"- ","- ",,,"SAN DIEGO","LA MESA",-117.01924896240234,32.763141632080078
8626876,2018,2018-06-08,3710,2018-04-28,1050,OC1169,009,6,5,6,3710,0,0,0,,0,002,"SOUTH COAST HWY","MICHIGAN AV",78.00,N,N,A,-,N,,,,,,,,,,N,3,0,1,2,A,-,08,22107,,N,H,G,A,A,H,-,A,A,0,,Y,,Y,Y,,F,55,0,1,0,0,0,0,1,0,0,"- ","- ",,,"SAN DIEGO",OCEANSIDE,-117.37708282470703,33.192974090576172
8627009,2018,2018-06-06,3711,2018-05-17,0801,7280,,4,5,7,3711,0,0,0,,0,627,"5TH AV","PENNSYLVANIA AV",0.00,,Y,A,-,N,,,,,,,,,,N,3,0,1,2,A,-,00,20002,,M,H,G,A,A,H,-,A,A,0,,Y,,,Y,,-,99,0,1,0,0,0,0,1,0,0,"- ","- ",32.745201110839844,-117.160400390625,"SAN DIEGO","SAN DIEGO",-117.160400390625,32.745128631591797
8627033,2018,2018-06-06,3711,2018-05-07,1233,7290,SANDI,1,5,7,3711,0,0,0,,0,315,"CAMINO DE LA SIESTA","CAMINO DE LA SIESTA 5000",0.00,,N,A,-,N,,,,,,,,,,N,4,0,1,2,A,-,11,21954,A,N,G,B,E,A,H,-,A,D,0,Y,,,,Y,,N,60,0,0,1,0,1,0,0,0,0,"- ","- ",,,"SAN DIEGO","SAN DIEGO",-117.15992153000001,32.764549770000002
8627037,2018,2018-06-06,3711,2018-05-17,2013,5968,,4,5,7,3711,0,0,0,,0,821,"54TH ST","WAVERLY AV",0.00,,Y,B,-,N,,,,,,,,,,N,4,0,1,2,A,-,21,22106,,N,G,B,E,A,H,-,C,A,0,Y,,,,Y,,-,,0,0,1,0,1,0,0,0,0,"- ","- ",,,"SAN DIEGO","SAN DIEGO",,
8627389,2018,2018-06-05,3700,2018-05-07,0730,SH6298,,1,5,5,3712,0,0,0,,0,356,"WEST MISSION RD","NORTH LAS POSAS RD",0.00,,Y,A,-,N,,,,,,,,,,N,3,0,1,2,B,-,22,,,N,G,G,A,A,H,-,A,A,0,,Y,,,Y,,A,01,0,1,0,0,0,0,1,0,0,"- ","- ",,,"SAN DIEGO","SAN MARCOS",-117.18900299072266,33.148410797119141
8627524,2018,2018-06-04,3702,2018-04-09,2005,CV1099,,1,5,6,3702,0,0,0,,0,022,"MOSS ST","3RD AV",465.00,E,N,A,-,N,,,,,,,,,,N,3,0,1,2,A,-,11,21955,,N,G,B,D,A,H,-,D,D,0,Y,,,,Y,,N,60,0,1,0,0,1,0,0,0,0,"- ","- ",,,"SAN DIEGO","CHULA VISTA",-117.06893157958984,32.6171875
8627536,2018,2018-06-04,3702,2018-04-05,1015,CV1219,,4,5,6,3702,0,0,0,,0,012,"H ST","FIG ST",0.00,,Y,A,-,N,,,,,,,,,,N,3,0,1,2,A,-,10,21950,A,N,G,B,B,A,H,-,A,A,0,Y,,,,Y,,A,01,0,1,0,0,1,0,0,0,0,"- ","- ",,,"SAN DIEGO","CHULA VISTA",-117.08293914794922,32.632789611816406
8627560,2018,2018-06-04,3702,2018-04-07,1725,CV0969,,6,5,6,3702,0,0,0,,0,022,"4TH AV","OXFORD ST",5.00,S,N,A,-,N,,,,,,,,,,N,4,0,1,2,A,-,05,21650,1,N,D,G,A,A,H,-,A,A,0,,Y,,,Y,,L,04,0,0,1,0,0,0,1,0,0,"- ","- ",,,"SAN DIEGO","CHULA VISTA",-117.07182312011719,32.609058380126953
8627577,2018,2018-06-06,3705,2018-05-19,0022,EC0360,,6,5,5,3705,0,0,0,,0,004,"S 1ST ST","E LEXINGTON AV",0.00,,Y,A,-,N,,,,,,,,,,N,4,0,1,2,A,-,09,21802,B,N,D,G,A,A,H,-,C,D,0,,Y,,,Y,,A,01,0,0,1,0,0,0,1,0,0,"- ","- ",,,"SAN DIEGO","EL CAJON",-116.94461059570312,32.792770385742188
8627600,2018,2018-06-04,3702,2018-04-27,1808,CV1114,,5,5,6,3702,0,0,0,,0,041,"ANTIOCH AV","NEWCASTLE CT",0.00,,Y,A,-,N,,,,,,,,,,N,3,0,1,2,A,-,05,21202,A,N,D,G,A,A,H,-,A,D,0,,Y,,,Y,,L,04,0,1,0,0,0,0,1,0,0,"- ","- ",,,"SAN DIEGO","CHULA VISTA",-116.99739074707031,32.628551483154297
8627625,2018,2018-06-05,3700,2018-04-21,0928,SH7690,,6,5,4,3780,0,0,0,,0,411,"ESPOLA RD","TWIN PEAKS RD",196.00,S,N,A,-,N,,,,,,,,,,N,3,0,1,2,A,-,06,21750,,N,H,G,A,A,H,-,A,A,0,,Y,,,Y,,A,01,0,1,0,0,0,0,1,0,0,"- ","- ",,,"SAN DIEGO",POWAY,-117.02325439453125,32.977584838867188
8627905,2018,2018-06-12,3711,2018-05-17,1650,6104,,4,5,7,3711,0,0,0,,0,615,"SCOTT ST","EMERSON ST",0.00,,Y,A,-,N,,,,,,,,,,N,4,0,1,2,A,-,08,22100,A,N,D,G,A,A,H,-,A,D,0,,Y,,,Y,Y,D,22,0,0,1,0,0,0,1,0,0,"- ","- ",,,"SAN DIEGO","SAN DIEGO",-117.2283935546875,32.723751068115234
8628667,2018,2018-06-12,3711,2018-05-19,0705,7231,3711,6,5,7,3711,0,0,0,,0,625,"JUAN ST",TWIGGS,258.00,N,N,B,-,N,,,,,,,,,,N,3,0,1,2,A,-,09,21801,A,N,B,G,A,A,H,-,B,D,0,,Y,,,Y,,-,,0,1,0,0,0,0,1,0,0,"- ","- ",,,"SAN DIEGO","SAN DIEGO",-117.19552612304688,32.754878997802734
8628687,2018,2018-06-12,3711,2018-05-25,1154,7321,"SAN D",5,5,7,3711,0,0,0,,0,833,"WIGHTMAN AV","FAIRMOUNT AV",60.00,E,N,A,-,N,,,,,,,,,,N,4,0,1,2,A,-,21,22106,,N,G,B,E,A,H,-,A,D,0,Y,,,,Y,,-,,0,0,1,0,1,0,0,0,0,"- ","- ",,,"SAN DIEGO","SAN DIEGO",-117.10073852539062,32.747882843017578
8628695,2018,2018-06-12,3711,2018-05-20,2048,7419,"SAN D",7,5,7,3711,0,0,0,,0,522,"1ST AV","ISLAND AV",36.00,N,N,A,-,N,,,,,,,,,,N,3,0,1,2,A,-,10,21950,A,N,A,B,B,A,H,-,C,A,0,Y,,,,Y,,A,01,0,1,0,0,1,0,0,0,0,"- ","- ",,,"SAN DIEGO","SAN DIEGO",-117.16377258300781,32.710517883300781
8628712,2018,2018-06-13,3711,2018-05-15,1326,5937,,2,5,7,3711,0,0,0,,0,521,"IMPERIAL AV","16TH ST",6.00,N,N,A,-,N,,,,,,,,,,N,3,0,1,2,A,-,11,21950,B,M,-,G,E,A,H,-,A,A,0,Y,Y,,,Y,,N,60,0,1,0,0,0,0,1,0,0,"- ","- ",,,"SAN DIEGO","SAN DIEGO",-117.14945220947266,32.706279754638672
8628804,2018,2018-07-12,3706,2018-06-04,2106,510,ESCON,1,5,6,3706,0,0,0,,0,042,"LINCOLN AV",BROADWAY,15.00,E,N,A,-,N,,,,,,,,,,Y,3,0,1,2,A,-,01,23152,A,N,G,B,B,A,H,-,C,A,0,Y,,,,Y,,D,22,0,1,0,0,1,0,0,0,0,"- ","- ",33.133869171142578,-117.08690643310547,"SAN DIEGO",ESCONDIDO,-117.08675384521484,33.133766174316406
8629618,2018,2018-07-30,3711,2018-05-08,1818,7444,,2,5,7,3711,0,0,0,,0,529,"ELM ST","5TH ST",6.00,W,N,A,-,N,,,,,,,,,,N,3,0,1,2,A,-,11,21456,B,N,G,B,B,A,H,-,A,A,0,Y,,,,Y,,N,60,0,1,0,0,1,0,0,0,0,"- ","- ",,,"SAN DIEGO","SAN DIEGO",-117.16026306152344,32.724090576171875
8629624,2018,2018-08-07,3710,2018-03-30,2315,OC1185,14,5,5,6,3710,0,0,0,,0,004,"RT 76","BENET RD",12.00,E,N,A,-,Y,SD,11,76,-,R,1.780,H,-,E,Y,2,0,2,3,A,-,12,21453,A,N,H,G,A,A,H,-,C,A,0,,Y,,,Y,,L,04,1,1,0,0,0,0,2,0,0,"- ","- ",33.214649200439453,-117.35713195800781,"SAN DIEGO",OCEANSIDE,-117.35713958740234,33.214756011962891
8629651,2018,2018-06-27,3711,2018-05-17,0807,7592,SD,4,5,7,3711,0,0,0,,0,115,"GENESEE AV","CALGARY DR",765.00,N,-,A,-,N,,,,,,,,,,N,3,0,1,2,A,-,08,22107,,N,B,G,A,A,H,-,A,D,0,,Y,,,Y,,-,,0,1,0,0,0,0,1,0,0,"- ","- ",,,"SAN DIEGO","SAN DIEGO",-117.20724487304688,32.859638214111328
8629814,2018,2018-06-07,3711,2018-05-22,1726,7158,,2,5,7,3711,0,0,0,,0,452,"IMPERIAL AV","61ST ST",275.00,E,N,B,-,N,,,,,,,,,,N,4,0,1,2,A,-,09,21804,A,N,D,B,-,A,H,-,A,D,0,Y,,,,Y,,A,01,0,0,1,0,1,0,0,0,0,"- ","- ",,,"SAN DIEGO","SAN DIEGO",-117.06585693359375,32.709583282470703
8629822,2018,2018-06-07,3711,2018-05-16,0001,7701,SD,3,5,7,3711,0,0,0,,0,313,"RUFFIN RD","AERO DR",720.00,N,N,A,-,N,,,,,,,,,,N,3,0,1,1,A,-,03,22350,,N,F,G,A,A,H,-,C,D,0,,Y,,,Y,,L,04,0,1,0,0,0,0,1,0,0,"- ","- ",,,"SAN DIEGO","SAN DIEGO",-117.12973785400391,32.809879302978516
8630815,2018,2018-06-06,3701,2018-05-05,1609,CV5492,,6,5,5,3701,0,0,0,,0,001,"PIO PICO DR","KNOWLES AV",114.00,S,N,A,-,N,,,,,,,,,,N,2,0,1,2,B,-,22,,,N,E,G,A,A,H,-,A,D,0,,Y,,,Y,,L,04,1,0,0,0,0,0,1,0,0,"- ","- ",,,"SAN DIEGO",CARLSBAD,-117.34348297119141,33.166717529296875
8630823,2018,2018-06-06,3701,2018-05-05,1412,CB5519,,6,5,5,3701,0,0,0,,0,006,"MELROSE DR","RANCHO SANTA FE RD",12.00,E,N,A,-,N,,,,,,,,,,N,3,0,1,2,A,-,10,21950,A,N,G,B,B,A,H,-,A,A,0,Y,,,,Y,,A,08,0,1,0,0,1,0,0,0,0,"- ","- ",,,"SAN DIEGO",CARLSBAD,-117.22554016113281,33.107166290283203
8630918,2018,2018-06-07,3701,2018-05-04,1900,CB5512,,5,5,5,3701,0,0,0,,0,001,"ROOSEVELT ST","GRANDVIA POINT",0.00,,Y,A,-,N,,,,,,,,,,N,3,0,1,2,A,-,10,21950,A,F,G,B,B,A,H,-,A,A,0,Y,,,,Y,,D,22,0,1,0,0,1,0,0,0,0,"- ","- ",,,"SAN DIEGO",CARLSBAD,,
8631616,2018,2018-06-11,3700,2018-03-30,2142,SH0029,,5,5,5,3713,0,0,0,,0,311,"CIVIC CENTER DR","EUCALYPTUS AV",336.00,S,N,A,-,N,,,,,,,,,,N,2,0,1,2,A,-,11,21954,A,N,G,B,D,A,H,-,C,D,0,Y,,,,Y,Y,N,60,1,0,0,0,1,0,0,0,0,"- ","- ",,,"SAN DIEGO",VISTA,-117.23517608642578,33.201568603515625
8631620,2018,2018-06-11,3700,2018-03-12,1056,SH2558,,1,5,5,3712,0,0,0,,0,360,"CRAVEN RD","FOXHALL DR",0.00,,Y,A,-,N,,,,,,,,,,N,2,0,1,2,A,-,17,21208,B,N,C,G,A,A,D,-,A,D,0,,Y,,,Y,,L,04,1,0,0,0,0,0,1,0,0,"- ","- ",,,"SAN DIEGO","SAN MARCOS",-117.17659759521484,33.127769470214844
8631648,2018,2018-06-11,3711,2018-04-24,0824,3702,,2,5,7,3711,0,0,0,,0,723,"IRIS AV","27TH ST",350.00,E,N,A,-,N,,,,,,,,,,N,3,0,1,2,A,-,11,21950,B,N,G,B,C,A,H,-,A,A,0,Y,,,,Y,,N,60,0,1,0,0,1,0,0,0,0,"- ","- ",,,"SAN DIEGO","SAN DIEGO",-117.07434844970703,32.569160461425781
8631652,2018,2018-06-11,3711,2018-04-26,2240,7348,,4,5,7,3711,0,0,0,,0,611,"SPORTS ARENA BL",ROSECRANS,200.00,W,N,A,-,N,,,,,,,,,,N,4,0,1,2,A,-,11,21955,,N,G,B,D,A,H,-,D,A,0,Y,,,,Y,,N,60,0,0,1,0,1,0,0,0,0,"- ","- ",,,"SAN DIEGO","SAN DIEGO",-117.20555114746094,32.751678466796875
8631716,2018,2018-06-08,3700,2018-05-13,2024,SH0327,,7,5,5,3712,0,0,0,,0,359,"SOUTH RANCHO SANTA FE RD","WEST SAN MARCOS BL",408.00,N,N,A,-,N,,,,,,,,,,Y,2,0,1,2,A,-,11,21954,A,F,G,B,D,A,H,-,C,D,0,Y,,,,Y,Y,N,60,1,0,0,0,1,0,0,0,0,"- ","- ",,,"SAN DIEGO","SAN MARCOS",-117.20775604248047,33.132308959960938
8631731,2018,2018-06-07,3709,2018-05-15,1935,NC0436,,2,5,5,3709,0,0,0,,0,021,"MELROSE AV","VALVA AV",65.00,E,N,A,-,N,,,,,,,,,,N,4,0,1,2,A,-,08,22107,,F,G,B,F,A,H,-,B,D,0,Y,,,,Y,,A,07,0,0,1,0,1,0,0,0,0,"- ","- ",,,"SAN DIEGO","NATIONAL CITY",-117.08387756347656,32.689094543457031
8631751,2018,2018-06-07,3700,2018-05-21,1245,SH0021,,1,5,5,3713,0,0,0,,0,315,"JASMINE CT","GOLDENROD LN",80.00,E,N,A,-,N,,,,,,,,,,N,2,0,1,1,A,-,13,22515,A,N,G,B,A,A,H,-,A,D,0,,,,,Y,,A,08,1,0,0,0,0,0,0,0,0,"- ","- ",,,"SAN DIEGO",VISTA,-117.22658538818359,33.170558929443359
8632647,2018,2018-06-12,3711,2018-05-24,2033,KEYES,,4,5,7,3711,0,0,0,,0,115,"REGENTS RD","MAHAILA AV",20.00,W,N,A,-,N,,,,,,,,,,N,4,0,1,2,A,-,10,21950,A,N,G,B,B,A,H,-,C,A,0,Y,,,,Y,,-,,0,0,1,0,1,0,0,0,0,"- ","- ",,,"SAN DIEGO","SAN DIEGO",-117.21839904785156,32.869621276855469
8632772,2018,2018-06-12,3711,2018-05-23,1258,7390,,3,5,7,3711,0,0,0,,0,122,"DIAMOND ST","INGRAHAM ST",50.00,W,N,B,-,N,,,,,,,,,,,3,0,1,2,A,-,00,21590,B,N,G,B,D,A,H,-,A,D,0,Y,,,,Y,,N,60,0,1,0,0,1,0,0,0,0,"- ","- ",,,"SAN DIEGO","SAN DIEGO",-117.24189758300781,32.802497863769531
8632776,2018,2018-06-18,3711,2018-05-25,1850,8495,,5,5,7,3711,0,0,0,,0,514,"K ST","K ST 2500",0.00,,Y,A,-,N,,,,,,,,,,N,4,0,1,2,-,-,"- ",,,N,D,G,A,A,H,-,A,D,0,,Y,,,Y,,-,"- ",0,0,1,0,0,0,1,0,0,"- ","- ",,,"SAN DIEGO","SAN DIEGO",-117.14013577,32.708429440000003
8632796,2018,2018-06-12,3711,2018-05-29,2002,7047,SANDI,2,5,7,3711,0,0,0,,0,831,"UNIVERSITY AV","FAIRMONT AV",0.00,,Y,A,-,N,,,,,,,,,,N,4,0,1,2,A,-,11,21456,B,N,G,B,B,A,H,-,C,A,0,Y,,,,Y,,N,60,0,0,1,0,1,0,0,0,0,"- ","- ",,,"SAN DIEGO","SAN DIEGO",-117.10089874267578,32.749599456787109
8632977,2018,2018-06-18,3706,2018-05-30,1757,223,ESCON,3,5,6,3706,0,0,0,,0,052,"JUNIPER ST","FELICITA AV",361.00,N,N,A,-,N,,,,,,,,,,N,4,0,1,2,A,-,08,22107,,N,H,G,A,A,H,-,A,D,0,,Y,,,Y,,D,22,0,0,1,0,0,0,1,0,0,"- ","- ",33.106830596923828,-117.06864929199219,"SAN DIEGO",ESCONDIDO,-117.06899261474609,33.107791900634766
8633244,2018,2018-06-18,3711,2018-05-25,1504,6193,,5,5,7,3711,0,0,0,,0,122,"GARNET AV","PICO ST",397.00,E,N,B,-,N,,,,,,,,,,N,3,0,1,2,A,-,08,22107,,N,B,G,A,A,H,-,A,D,0,,Y,,,Y,,D,22,0,1,0,0,0,0,1,0,0,"- ","- ",,,"SAN DIEGO","SAN DIEGO",-117.22222137451172,32.805438995361328
8633602,2018,2018-06-18,3711,2018-05-17,2029,7180,,4,5,7,3711,0,0,0,,0,627,"LINCOLN AV","CENTRE LN",0.00,,Y,A,-,N,,,,,,,,,,N,3,0,1,2,A,-,00,20002,,M,G,B,E,A,H,-,C,A,0,Y,,,,Y,Y,A,01,0,1,0,0,1,0,0,0,0,"- ","- ",,,"SAN DIEGO","SAN DIEGO",-117.14727020263672,32.750640869140625
8633606,2018,2018-06-18,3711,2018-05-31,0944,7468,,4,5,7,3711,0,0,0,,0,124,"SOLEDAD MOUNTAIN RD","PALOMINO CIR",0.00,,Y,A,-,N,,,,,,,,,,N,4,0,1,2,A,-,10,21950,A,N,A,B,B,A,H,-,A,A,0,Y,,,,Y,,-,,0,0,1,0,1,0,0,0,0,"- ","- ",,,"SAN DIEGO","SAN DIEGO",-117.23806762695312,32.825519561767578