CASE_ID,ACCIDENT_YEAR,PROC_DATE,JURIS,COLLISION_DATE,COLLISION_TIME,OFFICER_ID,REPORTING_DISTRICT,DAY_OF_WEEK,CHP_SHIFT,POPULATION,CNTY_CITY_LOC,SPECIAL_COND,BEAT_TYPE,CHP_BEAT_TYPE,CITY_DIVISION_LAPD,CHP_BEAT_CLASS,BEAT_NUMBER,PRIMARY_RD,SECONDARY_RD,DISTANCE,DIRECTION,INTERSECTION,WEATHER_1,WEATHER_2,STATE_HWY_IND,CALTRANS_COUNTY,CALTRANS_DISTRICT,STATE_ROUTE,ROUTE_SUFFIX,POSTMILE_PREFIX,POSTMILE,LOCATION_TYPE,RAMP_INTERSECTION,SIDE_OF_HWY,TOW_AWAY,COLLISION_SEVERITY,NUMBER_KILLED,NUMBER_INJURED,PARTY_COUNT,PRIMARY_COLL_FACTOR,PCF_CODE_OF_VIOL,PCF_VIOL_CATEGORY,PCF_VIOLATION,PCF_VIOL_SUBSECTION,HIT_AND_RUN,TYPE_OF_COLLISION,MVIW,PED_ACTION,ROAD_SURFACE,ROAD_COND_1,ROAD_COND_2,LIGHTING,CONTROL_DEVICE,CHP_ROAD_TYPE,PEDESTRIAN_ACCIDENT,BICYCLE_ACCIDENT,MOTORCYCLE_ACCIDENT,TRUCK_ACCIDENT,NOT_PRIVATE_PROPERTY,ALCOHOL_INVOLVED,STWD_VEHTYPE_AT_FAULT,CHP_VEHTYPE_AT_FAULT,COUNT_SEVERE_INJ,COUNT_VISIBLE_INJ,COUNT_COMPLAINT_PAIN,COUNT_PED_KILLED,COUNT_PED_INJURED,COUNT_BICYCLIST_KILLED,COUNT_BICYCLIST_INJURED,COUNT_MC_KILLED,COUNT_MC_INJURED,PRIMARY_RAMP,SECONDARY_RAMP,LATITUDE,LONGITUDE,COUNTY,CITY,POINT_X,POINT_Y
8643398,2018,2018-06-27,3710,2018-05-22,0608,OC1284,030,2,5,6,3710,0,0,0,,0,007,"COLLEGE BL","HAYMAR DR",27.00,S,N,A,-,N,,,,,,,,,,N,3,0,1,2,A,-,08,22107,,N,H,G,A,A,H,-,A,A,0,,Y,,,Y,,A,01,0,1,0,0,0,0,1,0,0,"- ","- ",33.182060241699219,-117.29634094238281,"SAN DIEGO",OCEANSIDE,-117.29639434814453,33.181968688964844
8643573,2018,2018-06-28,3705,2018-06-04,1621,EC0324,,1,5,5,3705,0,0,0,,0,001,PALM,MARSHALL,0.00,,Y,A,-,N,,,,,,,,,,N,4,0,1,2,A,-,10,21950,A,N,B,B,B,A,H,-,A,A,0,Y,,,,Y,,D,22,0,0,1,0,1,0,0,0,0,"- ","- ",,,"SAN DIEGO","EL CAJON",-116.97550964355469,32.791328430175781
8643692,2018,2018-06-28,3705,2018-06-07,2043,EC0338,,4,5,5,3705,0,0,0,,0,002,"N 1ST ST","EAST MAIN ST",335.00,N,N,A,-,N,,,,,,,,,,N,4,0,1,2,A,-,11,21955,,N,D,B,D,A,H,-,C,D,0,Y,,,,Y,,N,60,0,0,1,0,1,0,0,0,0,"- ","- ",,,"SAN DIEGO","EL CAJON",-116.94460296630859,32.795856475830078
8643783,2018,2018-06-27,3711,2018-06-16,1500,5923,"SAN D",6,5,7,3711,0,0,0,,0,627,"UNIVERSITY AV","5TH AV",134.00,N,N,A,-,N,,,,,,,,,,N,4,0,1,2,A,-,08,22107,,M,G,B,E,A,H,-,A,D,0,Y,,,,Y,,-,,0,0,1,0,1,0,0,0,0,"- ","- ",,,"SAN DIEGO","SAN DIEGO",-117.16001129150391,32.748310089111328
8643795,2018,2018-06-28,3711,2018-06-08,0200,6252,,5,5,7,3711,0,0,0,,0,724,"HOLLISTER ST","CONIFER AV",1626.00,N,N,A,-,N,,,,,,,,,,N,3,0,1,2,A,-,08,22107,,F,G,B,E,A,H,-,C,D,0,Y,,,,Y,,-,99,0,1,0,0,1,0,0,0,0,"- ","- ",,,"SAN DIEGO","SAN DIEGO",-117.08406829833984,32.590114593505859
8643804,2018,2018-06-29,3711,2018-06-15,2115,7056,,5,5,7,3711,0,0,0,,0,441,"OCEAN VIEW BL","38TH ST",20.00,E,N,A,-,N,,,,,,,,,,N,4,0,2,3,A,-,10,21950,A,N,G,B,B,A,H,-,C,A,0,Y,,,,Y,,-,,0,0,2,0,2,0,0,0,0,"- ","- ",,,"SAN DIEGO","SAN DIEGO",-117.11244201660156,32.701271057128906
8643808,2018,2018-06-29,3711,2018-06-11,0300,7462,,1,5,7,3711,0,0,0,,0,524,"1ST AV","W A ST",10.00,N,N,A,-,N,,,,,,,,,,N,3,0,1,2,A,-,17,21657,,N,D,G,A,A,H,-,C,A,0,,Y,,,Y,,L,04,0,1,0,0,0,0,1,0,0,"- ","- ",,,"SAN DIEGO","SAN DIEGO",-117.16384124755859,32.718856811523438
8643835,2018,2018-06-28,3711,2018-06-14,2045,5840,,4,5,7,3711,0,0,0,,0,626,"HANCOCK ST",WASHINGTON,0.00,,N,A,-,N,,,,,,,,,,N,4,0,1,2,A,-,11,21950,B,N,A,B,D,A,H,-,C,D,0,Y,,,,Y,Y,N,60,0,0,1,0,1,0,0,0,0,"- ","- ",,,"SAN DIEGO","SAN DIEGO",-117.18321228027344,32.741989135742188
8644131,2018,2018-06-25,3700,2018-04-24,0654,SH2558,,2,5,5,3712,0,0,0,,0,359,"WEST SAN MARCOS BL","SOUTH RANCHO SANTA FE RD",0.00,,Y,A,-,N,,,,,,,,,,N,2,0,1,2,A,-,10,21950,A,N,G,B,B,A,H,-,A,A,0,Y,,,,Y,,A,01,1,0,0,0,1,0,0,0,0,"- ","- ",,,"SAN DIEGO","SAN MARCOS",-117.20844268798828,33.131351470947266
8645088,2018,2018-07-30,3710,2018-06-13,0910,OC1462,007,3,5,6,3710,0,0,0,,0,,"MISSION AV","COAST HWY",125.00,W,N,A,-,N,,,,,,,,,,N,3,0,1,2,A,-,09,21801,A,N,H,G,A,A,H,-,A,D,0,,Y,,,Y,,L,04,0,1,0,0,0,0,1,0,0,"- ","- ",33.195880889892578,-117.37959289550781,"SAN DIEGO",OCEANSIDE,-117.37985992431641,33.195690155029297
8645325,2018,2018-07-03,3705,2018-05-21,1630,EC0324,,1,5,5,3705,0,0,0,,0,004,WASHINGTON,ORANGE,0.00,,Y,B,-,N,,,,,,,,,,N,3,0,1,2,A,-,09,21801,A,N,D,G,A,A,H,-,A,A,0,,Y,,,Y,,A,01,0,1,0,0,0,0,1,0,0,"- ","- ",,,"SAN DIEGO","EL CAJON",-116.96354675292969,32.78765869140625
8645724,2018,2018-08-17,3702,2018-05-25,1628,CV1183,,5,5,6,3702,0,0,0,,0,013,"RT 5","J ST",75.00,S,N,A,-,Y,SD,11,5,-,-,7.171,R,4,N,N,4,0,1,2,A,-,10,21950,A,N,G,B,B,A,H,-,A,A,0,Y,,,,Y,,D,22,0,0,1,0,1,0,0,0,0,"- ","- ",,,"SAN DIEGO","CHULA VISTA",-117.09234619140625,32.620361328125
8645763,2018,2018-07-09,3702,2018-06-12,1250,CV0790,,2,5,6,3702,0,0,0,,0,021,BROADWAY,"PALOMAR ST",9.00,N,N,A,-,N,,,,,,,,,,N,3,0,1,2,A,-,10,21950,A,N,G,B,B,A,H,-,A,A,0,Y,,,,Y,,A,01,0,1,0,0,1,0,0,0,0,"- ","- ",,,"SAN DIEGO","CHULA VISTA",-117.07877349853516,32.603443145751953
8645783,2018,2018-07-09,3702,2018-06-04,1320,CV1231,,1,5,6,3702,0,0,0,,0,012,BROADWAY,"G ST",5.00,E,N,A,-,N,,,,,,,,,,N,4,0,1,2,A,-,05,21202,A,M,D,G,A,A,H,-,A,A,0,,Y,,,Y,,L,04,0,0,1,0,0,0,1,0,0,"- ","- ",,,"SAN DIEGO","CHULA VISTA",-117.09080505371094,32.634395599365234
8645787,2018,2018-09-11,3702,2018-06-11,2015,CV1099,,1,5,6,3702,0,0,0,,0,024,"MAIN ST","MELROSE AV",30.00,W,N,A,-,N,,,,,,,,,,N,3,0,1,2,A,-,10,21950,A,N,G,B,B,A,H,-,C,A,0,Y,,,,Y,,A,01,0,1,0,0,1,0,0,0,0,"- ","- ",,,"SAN DIEGO","CHULA VISTA",-117.04021453857422,32.594806671142578
8645817,2018,2018-07-10,3702,2018-05-15,1347,CV1225,,2,5,6,3702,0,0,0,,0,012,"PARK WY",BROADWAY,200.00,E,N,A,-,N,,,,,,,,,,N,4,0,1,2,A,-,10,21952,,N,G,B,F,A,H,-,A,D,0,Y,,,,Y,,A,01,0,0,1,0,1,0,0,0,0,"- ","- ",,,"SAN DIEGO","CHULA VISTA",-117.09053802490234,32.635414123535156
8645821,2018,2018-07-10,3702,2018-05-23,1445,CV1042,,3,5,6,3702,0,0,0,,0,014,"ROBERT AV","EAST J ST",528.00,N,N,B,-,N,,,,,,,,,,N,3,0,1,2,A,-,11,21950,B,N,G,B,D,A,H,-,A,D,0,Y,,,,Y,,N,60,0,1,0,0,1,0,0,0,0,"- ","- ",,,"SAN DIEGO","CHULA VISTA",-117.05842590332031,32.633319854736328
8645924,2018,2018-07-19,3709,2018-06-24,1344,NC0506,,7,5,5,3709,0,0,0,,0,021,"FIG CT","GILBERT LN",192.00,W,N,A,-,N,,,,,,,,,,N,3,0,1,2,A,-,11,21954,A,N,G,B,D,A,H,-,A,D,0,Y,,,,Y,Y,N,60,0,1,0,0,1,0,0,0,0,"- ","- ",,,"SAN DIEGO","NATIONAL CITY",-117.09573364257812,32.687385559082031
8646014,2018,2018-07-17,3701,2018-06-25,1104,5363,,1,5,5,3701,0,0,0,,0,004,"COLLEGE BL","TAMARACK AV",602.00,N,N,A,-,N,,,,,,,,,,Y,2,0,2,2,C,-,18,,,N,C,G,A,A,H,-,A,D,0,,Y,,,Y,,-,"- ",1,1,0,0,0,0,1,0,0,"- ","- ",,,"SAN DIEGO",CARLSBAD,-117.29277038574219,33.172183990478516
8646022,2018,2018-07-12,3701,2018-06-06,2246,CB5342,,3,5,5,3701,0,0,0,,0,007,"CARLSBAD BL","LA COSTA AV",506.00,N,N,A,-,N,,,,,,,,,,Y,2,0,1,2,A,-,08,22107,,N,C,G,A,A,H,-,C,D,0,,Y,,,Y,,L,04,1,0,0,0,0,0,1,0,0,"- ","- ",,,"SAN DIEGO",CARLSBAD,-117.30992889404297,33.083526611328125
8647017,2018,2018-07-11,3700,2018-05-01,0922,7236,,2,5,5,3712,0,0,0,,0,351,"S LAS POSAS RD","AVENIDA AZUL",10.00,S,N,A,-,N,,,,,,,,,,N,4,0,1,2,A,-,09,21453,B,N,D,G,A,A,H,-,A,A,0,,Y,,,Y,,A,01,0,0,1,0,0,0,1,0,0,"- ","- ",,,"SAN DIEGO","SAN MARCOS",-117.18949890136719,33.153244018554688
8647045,2018,2018-07-10,3711,2018-06-18,1030,6753,"SAN D",1,5,7,3711,0,0,0,,0,627,"1ST AV","W WASHINGTON",180.00,N,N,A,-,N,,,,,,,,,,N,3,0,1,2,A,-,08,22107,,M,G,B,E,A,H,-,A,D,0,Y,,,,Y,,-,99,0,1,0,0,1,0,0,0,0,"- ","- ",,,"SAN DIEGO","SAN DIEGO",-117.16394805908203,32.750461578369141
8647065,2018,2018-07-20,3711,2018-06-20,0729,7716,50,3,5,7,3711,0,0,0,,0,515,"ISLAND AV","28TH AV",0.00,,Y,B,-,N,,,,,,,,,,N,3,0,1,2,A,-,17,21451,A,N,G,B,B,A,H,-,A,A,0,Y,,,,Y,,A,01,0,1,0,0,1,0,0,0,0,"- ","- ",,,"SAN DIEGO","SAN DIEGO",-117.13385009765625,32.710548400878906
8647097,2018,2018-07-11,3711,2018-06-12,1156,7502,,2,5,7,3711,0,0,0,,0,613,"WEST POINT LOMA BL","LOMA RIVIERA DR",80.00,W,N,A,-,N,,,,,,,,,,N,3,0,1,2,A,-,11,21955,,N,G,B,D,A,H,-,A,D,0,Y,,,,Y,,N,60,0,1,0,0,1,0,0,0,0,"- ","- ",,,"SAN DIEGO","SAN DIEGO",-117.22422027587891,32.753494262695312
8647213,2018,2018-07-11,3705,2018-05-31,2230,EC0365,,4,5,5,3705,0,0,0,,0,001,"EL CAJON BL","W WASHINGTON",24.00,E,N,A,-,N,,,,,,,,,,N,2,0,1,2,A,-,11,21954,A,N,G,B,D,A,H,-,C,A,0,Y,,,,Y,,N,60,1,0,0,0,1,0,0,0,0,"- ","- ",,,"SAN DIEGO","EL CAJON",-116.97470092773438,32.787788391113281
8647554,2018,2018-06-27,3711,2018-06-17,1540,7051,11,7,5,7,3711,0,0,0,,0,112,"MOUNT ALIFAN DR","MT  ALIFAN DR 5100",0.00,,Y,A,-,N,,,,,,,,,,N,4,0,1,2,A,-,08,22107,,M,A,G,A,A,H,-,A,D,0,,Y,,,Y,,L,04,0,0,1,0,0,0,0,0,0,"- ","- ",32.816230773925781,-117.18460845947266,"SAN DIEGO","SAN DIEGO",-117.18461841,32.816240739999998
8648042,2018,2020-05-26,3711,2018-03-22,0025,4576,,4,5,7,3711,0,0,0,,0,628,"WEST WASHINGTON ST","UNIVERSITY AV",325.00,W,N,B,-,N,,,,,,,,,,N,1,1,0,2,A,-,11,21954,A,F,G,B,E,A,H,-,C,D,0,Y,,,,Y,Y,N,60,0,0,0,1,0,0,0,0,0,"- ","- ",,,"SAN DIEGO","SAN DIEGO",-117.174556,32.748277000000002
8648057,2018,2020-05-22,3706,2018-06-03,0016,374,ESCON,7,5,6,3706,0,0,0,,0,042,"WASHINGTON AV","BEECH ST",65.00,E,N,A,-,N,,,78,,,,,,,N,1,1,0,3,A,-,01,23153,A,N,G,B,D,A,H,-,C,D,0,Y,,,,Y,Y,D,22,0,0,0,1,0,0,0,0,0,"- ","- ",33.131988525390625,-117.06992340087891,"SAN DIEGO",ESCONDIDO,-117.06990814208984,33.131965637207031
8648063,2018,2020-05-26,3703,2018-06-15,0033,1289,,5,5,3,3703,0,0,0,,0,003,"SILVER STRAND BL","TARAWA RD",57.00,N,N,A,-,Y,SD,11,75,-,-,17.730,H,-,S,Y,1,1,0,2,A,-,11,21950,B,N,G,B,D,A,H,-,C,A,0,Y,,,,Y,Y,N,60,0,0,0,1,0,0,0,0,0,"- ","- ",,,"SAN DIEGO",CORONADO,-117.16722106933594,32.672744750976562
8648086,2018,2018-08-24,3711,2018-07-30,0703,6702,,1,5,7,3711,0,0,0,,0,725,"DEL SOL BL","RIVIERA SHORES ST",780.00,W,N,A,-,N,,,,,,,,,,Y,1,1,0,2,A,-,03,22350,,N,G,B,D,A,H,-,A,D,0,Y,,,,Y,,A,01,0,0,0,1,0,0,0,0,0,"- ","- ",,,"SAN DIEGO","SAN DIEGO",-117.03910827636719,32.573528289794922
8648193,2018,2020-05-22,3700,2018-07-19,2050,SH0320,,4,5,5,3713,0,0,0,,0,303,"EAST VISTA WY","PALOMAR PL",437.00,S,N,A,-,N,,,,,,,,,,Y,1,1,0,2,A,-,11,21954,A,N,G,B,D,A,H,-,C,D,0,Y,,,,Y,,N,60,0,0,0,1,0,0,0,0,0,"- ","- ",,,"SAN DIEGO",VISTA,-117.22612762451172,33.221851348876953
8648264,2018,2018-10-25,3700,2018-05-12,1108,SH7236,,6,5,5,3712,0,0,0,,0,352,"EAST MISSION RD","MISSION HILLS CT",600.00,W,N,A,-,N,,,,,,,,,,Y,1,1,0,3,A,-,03,22349,A,N,G,B,F,A,H,-,A,D,0,Y,,,,Y,,A,01,0,0,0,1,0,0,0,0,0,"- ","- ",,,"SAN DIEGO","SAN MARCOS",-117.1478271484375,33.145149230957031
8648265,2018,2020-05-26,3702,2018-05-17,2112,CV0982,,4,5,6,3702,0,0,0,,0,014,"N 4TH AV","C ST",0.00,,Y,A,-,N,,,,,,,,,,Y,1,1,0,2,A,-,11,21456,B,N,G,B,B,A,H,-,C,A,0,Y,,,,Y,Y,N,60,0,0,0,1,0,0,0,0,0,"- ","- ",,,"SAN DIEGO","CHULA VISTA",-117.08798980712891,32.650531768798828
8648295,2018,2018-10-25,3702,2018-01-04,1904,CV0982,,4,5,6,3702,0,0,0,,0,024,"3RD AV","TREMONT ST",9.00,N,N,A,-,N,,,,,,,,,,N,1,1,0,2,A,-,10,21950,A,F,G,B,D,A,H,-,C,D,0,Y,,,,Y,,A,01,0,0,0,1,0,0,0,0,0,"- ","- ",,,"SAN DIEGO","CHULA VISTA",-117.06452178955078,32.597892761230469
8648299,2018,2018-10-25,3711,2018-08-21,2005,5600,,2,5,7,3711,0,0,0,,0,242,"CAMINO RUIZ","NEW SALEM ST",332.00,S,N,A,-,N,,,,,,,,,,Y,1,1,1,2,A,-,11,21954,A,N,G,B,D,A,H,-,D,D,0,Y,,Y,,Y,,N,60,1,0,0,1,0,0,0,0,1,"- ","- ",,,"SAN DIEGO","SAN DIEGO",-117.14398193359375,32.914779663085938
8648301,2018,2020-05-22,3711,2018-09-16,2038,6146,,7,5,7,3711,0,0,0,,0,123,"WEST MISSION BAY DR","QUIVIRA RD",870.00,W,N,A,-,N,,,,,,,,,,Y,1,1,0,2,A,-,11,21950,B,N,G,B,D,A,H,-,C,D,0,Y,,,,Y,,N,60,0,0,0,1,0,0,0,0,0,"- ","- ",,,"SAN DIEGO","SAN DIEGO",-117.24040222167969,32.766559600830078
8648307,2018,2018-10-29,3711,2018-10-08,2123,7233,,1,5,7,3711,0,0,0,,0,712,"BEYER BL","DEL SUR BL",486.00,E,N,B,-,N,,,,,,,,,,Y,1,1,0,2,A,-,11,21954,A,N,G,B,D,A,H,-,C,D,0,Y,,,,Y,,N,60,0,0,0,1,0,0,0,0,0,"- ","- ",,,"SAN DIEGO","SAN DIEGO",-117.05466461181641,32.562080383300781
8648309,2017,2018-11-01,3702,2017-11-30,1651,CV0991,,4,5,6,3702,0,0,0,,0,012,"H ST","OAKLAWN AV",100.00,E,N,A,-,N,,,,,,,,,,N,1,1,0,2,A,-,11,21954,A,N,G,B,E,A,H,-,C,D,0,Y,,,Y,Y,Y,N,60,0,0,0,1,0,0,0,0,0,"- ","- ",,,"SAN DIEGO","CHULA VISTA",-117.09233491000001,32.630161459999997
8648349,2018,2020-05-26,3711,2018-09-03,1953,4576,,1,5,7,3711,0,0,0,,0,446,"SOUTH 47TH ST","FRANKLIN AV",29.00,S,N,B,-,N,,,,,,,,,,N,1,1,0,2,A,-,11,21954,A,N,G,B,D,A,H,-,C,D,0,Y,,,,Y,Y,N,60,0,0,0,1,0,0,0,0,0,"- ","- ",,,"SAN DIEGO","SAN DIEGO",-117.09371948242188,32.702201843261719
8648377,2018,2020-05-22,3711,2018-10-17,0446,6774,,3,5,7,3711,0,0,0,,0,451,"54TH ST","HANIMAN DR",137.00,N,N,A,-,N,,,,,,,,,,Y,1,1,0,2,A,-,11,21954,A,N,G,B,E,-,H,-,D,A,0,Y,,,,Y,,N,60,0,0,0,1,0,0,0,0,0,"- ","- ",,,"SAN DIEGO","SAN DIEGO",-117.08290100097656,32.72625732421875
8648401,2018,2018-12-10,3711,2018-09-17,0728,6774,,1,5,7,3711,0,0,0,,0,431,"GENEVA AV","WINSTON DR",43.00,E,N,A,-,N,,,,,,,,,,Y,1,1,1,4,A,-,10,21950,A,N,G,B,D,A,H,-,A,D,0,Y,,,,Y,,A,01,0,1,0,1,0,0,0,0,0,"- ","- ",,,"SAN DIEGO","SAN DIEGO",-117.08090209960938,32.716758728027344
8648405,2018,2018-12-10,3711,2018-11-03,1827,5972,,6,5,7,3711,0,0,0,,0,436,"IMPERIAL AV","WOODMAN ST",264.00,W,N,A,-,N,,,,,,,,,,Y,1,1,0,2,A,-,11,21954,A,F,G,B,D,A,H,-,B,D,0,Y,,,,Y,,N,60,0,0,0,1,0,0,0,0,0,"- ","- ",,,"SAN DIEGO","SAN DIEGO",-117.05574798583984,32.710819244384766
8648444,2018,2019-01-11,3711,2018-10-23,1602,4212,,2,5,7,3711,0,0,0,,0,813,"UNIVERSITY AV","ALABAMA ST",0.00,,Y,A,-,N,,,,,,,,,,N,1,1,0,2,A,-,10,21950,A,N,G,B,C,A,H,-,A,A,0,Y,,,,Y,,-,,0,0,0,1,0,0,0,0,0,"- ","- ",32.748199462890625,-117.14199829101562,"SAN DIEGO","SAN DIEGO",-117.14250946044922,32.748439788818359
8648448,2018,2019-01-11,3711,2018-11-22,1847,6252,,4,5,7,3711,0,0,0,,0,712,"CAMINO DE LA PLAZA","VIA NACIONAL",397.00,W,N,A,-,N,,,,,,,,,,N,1,1,0,2,A,-,11,21956,A,N,G,B,D,A,H,-,D,D,0,Y,,,,Y,,N,60,0,0,0,1,0,0,0,0,0,"- ","- ",,,"SAN DIEGO","SAN DIEGO",-117.04022979736328,32.545402526855469
8648470,2018,2020-05-26,3711,2018-11-29,2248,4576,,4,5,7,3711,0,0,0,,0,437,"PARADISE VALLEY RD","PARKWOOD DR",0.00,,Y,C,-,N,,,,,,,,,,Y,1,1,0,3,A,-,11,21954,A,N,G,B,D,B,H,-,C,D,0,Y,,,,Y,Y,N,60,0,0,0,1,0,0,0,0,0,"- ","- ",,,"SAN DIEGO","SAN DIEGO",-117.03305816650391,32.693199157714844
8648506,2018,2019-01-09,3711,2018-11-17,1722,6366,,6,5,7,3711,0,0,0,,0,621,"LINDA VISTA RD","COMSTOCK ST",598.00,N,N,A,-,N,,,,,,,,,,N,1,1,0,2,A,-,11,21456,C,N,G,B,C,A,H,-,A,A,0,Y,,,,Y,,N,60,0,0,0,1,0,0,0,0,0,"- ","- ",,,"SAN DIEGO","SAN DIEGO",-117.17103576660156,32.784896850585938
8648547,2018,2019-01-23,3711,2018-12-22,0714,5600,,6,5,7,3711,0,0,0,,0,242,"MIRA MESA BL","WESTVIEW PKWY",11.00,W,N,A,-,N,,,,,,,,,,N,1,1,0,2,A,-,09,21453,C,N,G,B,B,A,H,-,A,A,0,Y,,,,Y,,D,22,0,0,0,1,0,0,0,0,0,"- ","- ",,,"SAN DIEGO","SAN DIEGO",-117.12055206298828,32.917320251464844
8648673,2018,2019-03-05,3705,2018-06-23,2128,EC0163,,6,5,5,3705,0,0,0,,0,002,MAIN,BALLANTYNE,0.00,,Y,A,-,N,,,,,,,,,,N,1,1,0,2,A,-,11,21461,5,N,G,B,B,A,H,-,C,A,0,Y,,,,Y,,N,60,0,0,0,1,0,0,0,0,0,"- ","- ",,,"SAN DIEGO","EL CAJON",-116.95735931396484,32.794948577880859
8648687,2018,2019-03-12,3702,2018-07-08,2010,CV0986,,7,5,6,3702,0,0,0,,0,032,"LANE AV","FENTON ST",241.00,N,N,A,-,N,,,,,,,,,,Y,1,1,0,2,A,-,17,21663,,F,G,B,F,A,H,-,B,D,0,Y,,,,Y,,D,22,0,0,0,1,0,0,0,0,0,"- ","- ",,,"SAN DIEGO","CHULA VISTA",-116.96198272705078,32.652999877929688
8648984,2018,2018-07-11,3711,2018-06-12,0720,6146,,2,5,7,3711,0,0,0,,0,934,"TORREY RIDGE DR","DEL MAR HEIGHTS RD",0.00,,Y,A,-,N,,,,,,,,,,N,3,0,1,2,A,-,10,21950,A,N,G,B,B,A,H,-,A,A,0,Y,,,,Y,,A,01,0,1,0,0,1,0,0,0,0,"- ","- ",,,"SAN DIEGO","SAN DIEGO",-117.2259521484375,32.956401824951172
8649026,2018,2018-07-20,3701,2018-06-14,2117,CB5504,,4,5,5,3701,0,0,0,,0,001,"STATE ST","GRAND AV",0.00,,Y,A,-,N,,,,,,,,,,N,3,0,1,2,A,-,03,22350,,N,G,B,E,A,H,-,C,D,0,Y,,,,Y,,A,01,0,1,0,0,1,0,0,0,0,"- ","- ",,,"SAN DIEGO",CARLSBAD,-117.34961700439453,33.160678863525391
8649264,2018,2018-07-30,3711,2018-07-04,1515,7718,,3,5,7,3711,0,0,0,,0,613,"VOLTAIRE ST","WORDEN ST",162.00,E,N,A,-,N,,,,,,,,,,N,3,0,1,2,A,-,09,21801,A,N,D,G,A,A,H,-,A,D,0,,Y,,,Y,,-,,0,1,0,0,0,0,1,0,0,"- ","- ",,,"SAN DIEGO","SAN DIEGO",-117.22988891601562,32.740676879882812
8649563,2018,2018-08-28,3705,2018-07-03,0450,EC0362,,2,5,5,3705,0,0,0,,0,002,JOEY,"JOEY 500",0.00,,Y,A,-,N,,,,,,,,,,N,2,0,1,2,D,-,00,,,F,G,B,F,A,H,-,C,D,0,Y,,,,Y,,-,"- ",1,0,0,0,1,0,0,0,0,"- ","- ",,,"SAN DIEGO","EL CAJON",-116.95637673,32.802283359999997
8649655,2018,2018-08-20,3700,2018-05-30,1242,SH0304,,3,5,2,3704,0,0,0,,0,294,"CAMINO DEL MAR","15TH ST",0.00,,Y,A,-,N,,,,,,,,,,N,3,0,1,2,A,-,10,21950,A,N,H,B,B,A,H,-,A,A,0,Y,,,,Y,,A,07,0,1,0,0,1,0,0,0,0,"- ","- ",,,"SAN DIEGO","DEL MAR",-117.26534271240234,32.959598541259766
8649665,2018,2018-08-20,3709,2018-06-24,1800,NC0449,,7,5,5,3709,0,0,0,,0,024,"MILE OF CARS WY","WILSON AV",0.00,,Y,A,-,N,,,,,,,,,,N,3,0,1,2,A,-,08,22107,,F,G,B,B,A,H,-,A,A,0,Y,,,,Y,,-,,0,1,0,0,1,0,0,0,0,"- ","- ",,,"SAN DIEGO","NATIONAL CITY",-117.10648994,32.660540019999999
8649760,2018,2018-09-06,3711,2018-06-22,1620,7143,,5,5,7,3711,0,0,0,,0,121,"OCEAN FRONT WALK","SANTA BARBARA PL",9.00,W,N,B,-,N,,,,,,,,,,N,3,0,2,2,A,-,08,22107,,N,G,B,F,A,B,-,A,D,0,Y,,,,Y,,-,,0,2,0,0,0,0,0,0,0,"- ","- ",,,"SAN DIEGO","SAN DIEGO",-117.25302124023438,32.774166107177734
8649761,2018,2018-09-06,3711,2018-07-19,1550,6193,,4,5,7,3711,0,0,0,,0,527,"NORTH HARBOR DR","WEST LAUREL ST",230.00,W,N,A,-,N,,,,,,,,,,N,3,0,1,2,C,-,18,,,N,B,G,A,A,C,-,A,D,0,,Y,,,Y,,-,"- ",0,1,0,0,0,0,1,0,0,"- ","- ",,,"SAN DIEGO","SAN DIEGO",-117.17816162109375,32.727783203125
8650494,2018,2018-09-07,3711,2018-08-17,2113,7496,,5,5,7,3711,0,0,0,,0,524,"B ST","B ST 500",0.00,,Y,A,-,N,,,,,,,,,,N,3,0,1,2,A,-,10,21950,A,N,G,B,B,A,H,-,C,A,0,Y,,Y,,Y,,C,06,0,1,0,0,1,0,0,0,0,"- ","- ",,,"SAN DIEGO","SAN DIEGO",-117.16019064,32.717794310000002
8650733,2018,2018-10-03,3711,2018-08-05,1650,7048,,7,5,7,3711,0,0,0,,0,121,"OCEAN FRONT WALK","SAN FERNANDO PL",386.00,N,N,A,-,N,,,,,,,,,,N,3,0,2,2,A,-,03,22350,,N,D,B,F,D,H,-,A,D,0,Y,,,,Y,,-,,0,2,0,0,1,0,0,0,0,"- ","- ",,,"SAN DIEGO","SAN DIEGO",-117.25267791748047,32.768722534179688
8650735,2018,2018-10-03,3711,2018-07-28,1906,7713,3711,6,5,7,3711,0,0,0,,0,122,GARNET,EVERTS,80.00,E,N,A,-,N,,,,,,,,,,N,3,0,2,2,A,-,10,21950,A,N,D,G,A,A,H,-,A,A,0,,Y,,,Y,,-,,0,1,1,0,0,0,1,0,0,"- ","- ",,,"SAN DIEGO","SAN DIEGO",-117.24791717529297,32.798191070556641