CASE_ID,ACCIDENT_YEAR,PROC_DATE,JURIS,COLLISION_DATE,COLLISION_TIME,OFFICER_ID,REPORTING_DISTRICT,DAY_OF_WEEK,CHP_SHIFT,POPULATION,CNTY_CITY_LOC,SPECIAL_COND,BEAT_TYPE,CHP_BEAT_TYPE,CITY_DIVISION_LAPD,CHP_BEAT_CLASS,BEAT_NUMBER,PRIMARY_RD,SECONDARY_RD,DISTANCE,DIRECTION,INTERSECTION,WEATHER_1,WEATHER_2,STATE_HWY_IND,CALTRANS_COUNTY,CALTRANS_DISTRICT,STATE_ROUTE,ROUTE_SUFFIX,POSTMILE_PREFIX,POSTMILE,LOCATION_TYPE,RAMP_INTERSECTION,SIDE_OF_HWY,TOW_AWAY,COLLISION_SEVERITY,NUMBER_KILLED,NUMBER_INJURED,PARTY_COUNT,PRIMARY_COLL_FACTOR,PCF_CODE_OF_VIOL,PCF_VIOL_CATEGORY,PCF_VIOLATION,PCF_VIOL_SUBSECTION,HIT_AND_RUN,TYPE_OF_COLLISION,MVIW,PED_ACTION,ROAD_SURFACE,ROAD_COND_1,ROAD_COND_2,LIGHTING,CONTROL_DEVICE,CHP_ROAD_TYPE,PEDESTRIAN_ACCIDENT,BICYCLE_ACCIDENT,MOTORCYCLE_ACCIDENT,TRUCK_ACCIDENT,NOT_PRIVATE_PROPERTY,ALCOHOL_INVOLVED,STWD_VEHTYPE_AT_FAULT,CHP_VEHTYPE_AT_FAULT,COUNT_SEVERE_INJ,COUNT_VISIBLE_INJ,COUNT_COMPLAINT_PAIN,COUNT_PED_KILLED,COUNT_PED_INJURED,COUNT_BICYCLIST_KILLED,COUNT_BICYCLIST_INJURED,COUNT_MC_KILLED,COUNT_MC_INJURED,PRIMARY_RAMP,SECONDARY_RAMP,LATITUDE,LONGITUDE,COUNTY,CITY,POINT_X,POINT_Y
8686769,2018,2018-09-06,3702,2018-07-17,1338,CV0984,,2,5,6,3702,0,0,0,,0,013,"3RD AV","KEARNEY ST",0.00,,Y,A,-,N,,,,,,,,,,N,4,0,1,2,A,-,08,22107,,N,G,B,E,A,H,-,A,D,0,Y,,,,Y,,D,22,0,0,1,0,1,0,0,0,0,"- ","- ",,,"SAN DIEGO","CHULA VISTA",-117.07382202148438,32.625770568847656
8687258,2018,2018-10-05,3709,2018-08-17,2050,NC0430,,5,5,5,3709,0,0,0,,0,020,"DIVISION ST","NATIONAL CITY BL",0.00,,Y,A,-,N,,,,,,,,,,N,3,0,1,2,A,-,11,21954,A,N,B,B,E,A,H,-,C,D,0,Y,,,,Y,,N,60,0,1,0,0,1,0,0,0,0,"- ","- ",,,"SAN DIEGO","NATIONAL CITY",-117.11099243164062,32.682369232177734
8687262,2018,2018-10-05,3709,2018-08-03,1845,0458,,5,5,5,3709,0,0,0,,0,023,"HIGHLAND AV","EAST 16TH ST",0.00,,Y,A,-,N,,,,,,,,,,N,3,0,1,2,A,-,09,21802,A,F,G,G,A,A,H,-,A,A,0,,Y,,,Y,,A,01,0,1,0,0,0,0,1,0,0,"- ","- ",,,"SAN DIEGO","NATIONAL CITY",-117.09602355957031,32.671211242675781
8687348,2018,2018-10-09,3711,2018-08-13,0839,5985,,1,5,7,3711,0,0,0,,0,527,"WEST ASH ST","NORTH HARBOR DR",0.00,,Y,A,-,N,,,,,,,,,,N,3,0,1,2,A,-,10,21950,A,M,G,B,B,A,H,-,A,A,0,Y,,,,Y,,D,22,0,1,0,0,1,0,0,0,0,"- ","- ",,,"SAN DIEGO","SAN DIEGO",-117.17311859130859,32.719841003417969
8687504,2018,2018-10-24,3711,2018-08-14,0730,7770,,2,5,7,3711,0,0,0,,0,511,"MAIN ST","RT 15",9.00,N,N,A,-,Y,SD,11,15,-,R,0.026,R,4,S,N,3,0,1,2,A,-,05,21650,,N,A,G,A,A,H,-,A,A,0,,Y,,,Y,,L,04,0,1,0,0,0,0,1,0,0,"- ","- ",,,"SAN DIEGO","SAN DIEGO",-117.12169647216797,32.693000793457031
8688015,2018,2018-11-01,3711,2018-08-07,2100,6549,,2,5,7,3711,0,0,0,,0,122,TURQUOISE,MISSION,90.00,E,N,A,-,N,,,,,,,,,,N,3,0,1,3,A,-,03,22350,,N,B,B,F,A,H,-,C,D,0,Y,,,,Y,Y,-,,0,1,0,0,1,0,0,0,0,"- ","- ",,,"SAN DIEGO","SAN DIEGO",-117.25893402099609,32.808700561523438
8688329,2018,2018-09-18,3711,2018-08-09,1343,6000,,4,5,7,3711,0,0,0,,0,116,"KANE ST","MORENA BL EAST ALLEY",7.00,W,N,A,-,N,,,,,,,,,,N,2,0,1,2,A,-,09,21804,A,N,D,G,A,A,H,-,A,D,0,,Y,,,Y,,L,04,1,0,0,0,0,0,1,0,0,"- ","- ",,,"SAN DIEGO","SAN DIEGO",-117.205642,32.787120999999999
8688380,2018,2018-09-13,3711,2018-08-21,0540,7824,,2,5,7,3711,0,0,0,,0,713,"SIEMPRE VIVA RD","OTAY CENTER DR",0.00,,Y,A,-,N,,,,,,,,,,N,4,0,1,2,A,-,10,21950,A,N,G,B,B,A,H,-,B,A,0,Y,,,,Y,,D,22,0,0,1,0,1,0,0,0,0,"- ","- ",,,"SAN DIEGO","SAN DIEGO",-116.94242858886719,32.554061889648438
8688545,2018,2018-09-12,3706,2018-08-22,1213,519,ESCON,3,5,6,3706,0,0,0,,0,044,"VALLEY PKWY","HARDING ST",17.00,E,N,A,-,N,,,,,,,,,,N,4,0,1,2,A,-,10,21950,A,N,G,B,B,A,H,-,A,A,0,Y,,,,Y,,D,22,0,0,1,0,1,0,0,0,0,"- ","- ",33.132030487060547,-117.06365966796875,"SAN DIEGO",ESCONDIDO,-117.06352233886719,33.132091522216797
8688576,2018,2018-10-02,3711,2018-06-14,2026,7446,,4,5,7,3711,0,0,0,,0,721,"SATURN BL","PALM AV",3.00,W,N,A,-,N,,,,,,,,,,N,4,0,1,2,A,-,12,21453,A,N,G,G,A,A,H,-,C,A,0,,Y,,,Y,,L,04,0,0,1,0,0,0,1,0,0,"- ","- ",,,"SAN DIEGO","SAN DIEGO",-117.09262847900391,32.583740234375
8688578,2018,2018-09-14,3711,2018-08-23,0759,7463,,4,5,7,3711,0,0,0,,0,712,"DAIRY MART RD","TEQUILA WY",6.00,N,N,B,-,N,,,,,,,,,,N,3,0,1,2,A,-,10,21950,A,N,-,B,B,A,H,-,A,A,0,Y,,,,Y,,A,01,0,1,0,0,1,0,0,0,0,"- ","- ",,,"SAN DIEGO","SAN DIEGO",-117.06240844726562,32.564388275146484
8688579,2018,2018-09-14,3711,2018-08-21,1348,5589,,2,5,7,3711,0,0,0,,0,321,"MISSION GORGE RD","MISSION GORGE PL",0.00,,Y,A,-,N,,,,,,,,,,N,3,0,1,2,A,-,05,21650,1,M,D,G,A,A,H,-,A,A,0,,Y,,,Y,Y,L,04,0,1,0,0,0,0,1,0,0,"- ","- ",,,"SAN DIEGO","SAN DIEGO",-117.098388671875,32.783168792724609
8688582,2018,2018-09-18,3711,2018-08-03,2040,6877,,5,5,7,3711,0,0,0,,0,721,"18TH ST","PALM AV",0.00,S,N,A,-,N,,,,,,,,,,N,3,0,1,2,A,-,11,21950,B,N,G,B,E,A,H,-,D,D,0,Y,,,,Y,Y,-,"- ",0,1,0,0,1,0,0,0,0,"- ","- ",,,"SAN DIEGO","SAN DIEGO",-117.09490203857422,32.583770751953125
8688583,2018,2018-09-14,3711,2018-08-26,0037,7782,,7,5,7,3711,0,0,0,,0,122,"BAYARD ST","GARNET AV",126.00,S,N,A,-,N,,,,,,,,,,Y,4,0,1,2,A,-,08,22107,,M,G,B,E,A,H,-,C,D,0,Y,,,,Y,Y,A,01,0,0,1,0,1,0,0,0,0,"- ","- ",,,"SAN DIEGO","SAN DIEGO",-117.25357055664062,32.796638488769531
8688606,2018,2018-09-14,3711,2018-08-23,1853,4310,,4,5,7,3711,0,0,0,,0,628,"WEST WASHINGTON ST","HAWK ST",0.00,,Y,A,-,N,,,,,,,,,,N,3,0,1,2,A,-,09,21804,A,N,D,G,A,A,H,-,A,D,0,,Y,,,Y,Y,L,04,0,1,0,0,0,0,1,0,0,"- ","- ",,,"SAN DIEGO","SAN DIEGO",-117.17230987548828,32.749778747558594
8688622,2018,2018-09-14,3711,2018-08-24,1005,5985,,5,5,7,3711,0,0,0,,0,525,"FRONT ST","W E ST",0.00,,Y,B,-,N,,,,,,,,,,N,4,0,1,2,A,-,11,21456,C,N,G,B,B,A,H,-,A,A,0,Y,,,,Y,,N,60,0,0,1,0,1,0,0,0,0,"- ","- ",,,"SAN DIEGO","SAN DIEGO",-117.16471862792969,32.714611053466797
8688899,2018,2018-09-11,3711,2018-08-11,1050,7372,,6,5,7,3711,0,0,0,,0,437,"S SIENA ST","TASMAN PL",1320.00,E,N,A,-,N,,,,,,,,,,N,4,0,1,2,A,-,21,22106,,N,G,B,E,A,H,-,A,D,0,Y,,,,Y,,-,,0,0,1,0,1,0,0,0,0,"- ","- ",,,"SAN DIEGO","SAN DIEGO",-117.04109191894531,32.699798583984375
8689179,2018,2018-11-19,3711,2018-08-14,0656,SD6774,,2,5,7,3711,0,0,0,,0,311,"FRIARS RD","RT 15",19.00,E,N,A,-,Y,SD,11,15,-,R,7.015,R,4,N,N,4,0,1,2,A,-,08,22101,D,N,D,G,A,A,H,-,A,A,0,,Y,,,Y,,A,07,0,0,1,0,0,0,1,0,0,"- ",NO,,,"SAN DIEGO","SAN DIEGO",-117.11275482177734,32.791130065917969
8689691,2018,2018-09-13,3711,2018-08-21,1512,7314,,2,5,7,3711,0,0,0,,0,841,"COLLEGE GROVE DR","COLLEGE DR",18.00,W,N,A,-,N,,,,,,,,,,N,4,0,1,2,A,-,12,21453,A,N,A,G,A,A,H,-,A,A,0,,Y,,,Y,Y,L,04,0,0,1,0,0,0,1,0,0,"- ","- ",,,"SAN DIEGO","SAN DIEGO",-117.05368804931641,32.744335174560547
8689699,2018,2018-09-13,3711,2018-08-18,1920,7764,,6,5,7,3711,0,0,0,,0,813,ARIZONA,UNIVERSITY,3.00,N,N,A,-,N,,,,,,,,,,N,3,0,1,2,A,-,05,21651,B,N,D,G,A,A,H,-,B,D,0,,Y,,,Y,,L,04,0,1,0,0,0,0,1,0,0,"- ","- ",,,"SAN DIEGO","SAN DIEGO",-117.13787078857422,32.748451232910156
8689711,2018,2018-09-13,3711,2018-08-20,1052,7364,SD,1,5,7,3711,0,0,0,,0,838,"CHEROKEE AV","UNIVERSITY AV",30.00,N,N,A,-,N,,,,,,,,,,N,3,0,1,2,A,-,08,22107,,M,G,B,E,A,H,-,A,D,0,Y,,,,Y,,A,01,0,1,0,0,1,0,0,0,0,"- ","- ",,,"SAN DIEGO","SAN DIEGO",-117.11434173583984,32.749801635742188
8689742,2018,2018-09-13,3711,2018-08-01,0315,7683,NORTH,3,5,7,3711,0,0,0,,0,116,"CLAIREMONT DR","CLAIREMONT DR 3200",0.00,,N,A,-,N,,,,,,,,,,N,3,0,1,2,D,-,00,,,M,H,B,E,A,H,-,C,D,0,Y,,,,Y,Y,-,"- ",0,1,0,0,1,0,0,0,0,"- ","- ",,,"SAN DIEGO","SAN DIEGO",-117.19520061999999,32.799646289999998
8689755,2018,2018-09-12,3700,2018-08-13,2223,SH7275,,1,5,5,3713,0,0,0,,0,310,"VISTA VILLAGE DR","OLIVE AV",0.00,,Y,A,-,N,,,,,,,,,,N,3,0,1,2,A,-,11,21456,C,N,G,B,B,A,H,-,C,A,0,Y,,,,Y,Y,N,60,0,1,0,0,1,0,0,0,0,"- ","- ",,,"SAN DIEGO",VISTA,-117.24468231201172,33.201988220214844
8689774,2018,2018-09-07,3710,2018-04-27,1600,OC1421,,5,5,6,3710,0,0,0,,0,,"CIVIC CENTER DR","CLEMENTINE ST",10.00,S,N,A,-,N,,,,,,,,,,N,3,0,1,2,A,-,09,21800,,N,H,G,A,A,H,-,A,D,0,,Y,,,Y,,A,01,0,1,0,0,0,0,1,0,0,"- ","- ",33.199390411376953,-117.37796783447266,"SAN DIEGO",OCEANSIDE,-117.37796783447266,33.199394226074219
8690048,2018,2018-09-11,3700,2018-07-13,0445,SH7085,,5,5,5,3713,0,0,0,,0,307,"VISTA WAY","TOWNSITE DR",0.00,,Y,A,-,N,,,,,,,,,,N,4,0,1,2,A,-,05,21650,1,N,G,G,A,A,H,-,C,A,0,,Y,,,Y,,L,04,0,0,1,0,0,0,1,0,0,"- ","- ",,,"SAN DIEGO",VISTA,-117.23509979248047,33.209499359130859
8690839,2018,2018-09-24,3711,2018-09-09,2144,6037,,7,5,7,3711,0,0,0,,0,447,"EUCLID AV","FEDERAL BL",12.00,S,N,A,-,N,,,,,,,,,,N,3,0,1,2,A,-,10,21950,A,N,G,B,B,A,H,-,C,A,0,Y,,,,Y,,A,01,0,1,0,0,1,0,0,0,0,"- ","- ",,,"SAN DIEGO","SAN DIEGO",-117.08495330810547,32.721385955810547
8690879,2018,2018-09-24,3711,2018-09-07,1137,7470,,5,5,7,3711,0,0,0,,0,122,"GARNET AV","MISSION BL",0.00,,Y,A,-,N,,,,,,,,,,N,3,0,1,2,A,-,10,21950,A,N,G,B,B,A,H,-,A,A,0,Y,,,,Y,,A,07,0,1,0,0,1,0,0,0,0,"- ","- ",,,"SAN DIEGO","SAN DIEGO",-117.2554931640625,32.796581268310547
8691733,2018,2018-10-05,3710,2018-08-23,1500,OC1446,025,4,5,6,3710,0,0,0,,0,006,"VIA RANCHO RD","ARLINGTON DR",100.00,W,N,A,-,N,,,,,,,,,,N,3,0,1,2,A,-,17,21208,A,N,H,G,A,A,H,-,D,A,0,,Y,,,Y,,L,04,0,1,0,0,0,0,1,0,0,"- ","- ",33.220809936523438,-117.31153106689453,"SAN DIEGO",OCEANSIDE,-117.31157684326172,33.221027374267578
8693205,2018,2018-09-27,3706,2018-08-27,1020,322,ESCON,1,5,6,3706,0,0,0,,0,045,"QUINCE ST","WASHINGTON AV",0.00,,Y,A,-,N,,,,,,,,,,N,4,0,1,2,A,-,10,21950,A,N,G,B,B,A,H,-,A,A,0,Y,,,,Y,,A,01,0,0,1,0,1,0,0,0,0,"- ","- ",33.124530792236328,-117.09188842773438,"SAN DIEGO",ESCONDIDO,-117.09195709228516,33.124439239501953
8693587,2018,2018-09-17,3711,2018-09-03,0050,7335,SD,1,5,7,3711,0,0,0,,0,315,"CAMINO DEL RIO N","AUTO CIR",16.00,W,N,A,-,N,,,,,,,,,,N,3,0,1,2,A,-,10,21950,A,N,G,B,B,A,H,-,C,A,0,Y,,,,Y,,A,01,0,1,0,0,1,0,0,0,0,"- ","- ",,,"SAN DIEGO","SAN DIEGO",-117.15338897705078,32.766845703125
8693615,2018,2018-09-25,3710,2018-07-06,2349,OC1415,006,5,5,6,3710,0,0,0,,0,001,"MISSION AV","PIRATES COVE WY",120.00,W,N,A,-,N,,,,,,,,,,N,2,0,1,2,D,-,00,,,F,G,B,E,A,H,-,C,A,0,Y,,,,Y,Y,-,"- ",1,0,0,0,1,0,0,0,0,"- ","- ",33.199260711669922,-117.37371063232422,"SAN DIEGO",OCEANSIDE,-117.37398529052734,33.199226379394531
8693947,2018,2018-09-20,3711,2018-08-15,0600,7205,,3,5,7,3711,0,0,0,,0,313,"COPLEY PARK PL","RUFFNER ST",0.00,,Y,A,-,N,,,,,,,,,,N,3,0,1,2,A,-,10,21950,A,N,G,B,B,A,H,-,-,A,0,Y,,,,Y,,-,,0,1,0,0,1,0,0,0,0,"- ","- ",,,"SAN DIEGO","SAN DIEGO",-117.15923934999999,32.835891859999997
8694065,2018,2018-09-10,3705,2018-07-12,2005,EC0360,,4,5,5,3705,0,0,0,,0,004,"S 1ST ST","EAST MAIN ST",167.00,S,N,A,-,N,,,,,,,,,,N,4,0,1,2,A,-,05,21202,A,F,D,G,A,A,H,-,A,D,0,,Y,,,Y,,L,04,0,0,1,0,0,0,1,0,0,"- ","- ",,,"SAN DIEGO","EL CAJON",-116.94459533691406,32.794483184814453
8694592,2018,2018-09-25,3705,2018-08-29,1615,EC0361,,3,5,5,3705,0,0,0,,0,003,"2ND ST",PEACH,5.00,S,N,A,-,N,,,,,,,,,,N,4,0,1,2,A,-,05,21202,A,N,D,G,A,A,H,-,A,D,0,,Y,,,Y,Y,L,04,0,0,1,0,0,0,1,0,0,"- ","- ",,,"SAN DIEGO","EL CAJON",-116.935791015625,32.806385040283203
8694596,2018,2018-09-25,3705,2018-08-09,2133,EC0281,,4,5,5,3705,0,0,0,,0,001,MARSHALL,FESLER,226.00,N,N,A,-,N,,,,,,,,,,N,4,0,1,2,A,-,11,21956,A,N,G,B,E,A,H,-,D,D,0,Y,,,,Y,Y,N,60,0,0,1,0,1,0,0,0,0,"- ","- ",,,"SAN DIEGO","EL CAJON",-116.97563934326172,32.809379577636719
8694753,2018,2018-09-19,3711,2018-08-30,1850,4491,,4,5,7,3711,0,0,0,,0,521,"F ST","15TH ST",74.00,E,N,A,-,N,,,,,,,,,,Y,3,0,2,3,A,-,11,21950,B,N,G,B,D,A,H,-,A,A,0,Y,,,,Y,,N,60,0,1,1,0,1,0,0,0,0,"- ","- ",,,"SAN DIEGO","SAN DIEGO",-117.15013885498047,32.713668823242188
8694761,2018,2018-09-18,3711,2018-08-30,0603,6334,,4,5,7,3711,0,0,0,,0,452,"SKYLINE DR","61ST ST",20.00,W,N,A,-,N,,,,,,,,,,N,3,0,1,2,A,-,10,21950,A,N,G,B,B,A,H,-,C,A,0,Y,,,,Y,,D,22,0,1,0,0,1,0,0,0,0,"- ","- ",,,"SAN DIEGO","SAN DIEGO",-117.06688690185547,32.701412200927734
8694806,2018,2018-09-19,3711,2018-08-28,1800,6439,,2,5,7,3711,0,0,0,,0,529,"1ST AV","LAUREL ST",0.00,,Y,A,-,N,,,,,,,,,,N,3,0,1,2,A,-,11,21954,A,N,A,B,D,A,H,-,A,A,0,Y,,,,Y,,N,60,0,1,0,0,1,0,0,0,0,"- ","- ",,,"SAN DIEGO","SAN DIEGO",-117.16394805908203,32.731361389160156
8694814,2018,2018-09-19,3711,2018-08-29,0910,6987,SANDI,3,5,7,3711,0,0,0,,0,111,ARMSTRONG,"BEAGLE ST",0.00,,Y,A,-,N,,,,,,,,,,,3,0,1,2,A,-,10,21950,A,N,G,B,C,A,H,-,A,D,0,Y,,,,Y,,-,99,0,1,0,0,1,0,0,0,0,"- ","- ",,,"SAN DIEGO","SAN DIEGO",-117.16165924072266,32.807750701904297
8694822,2018,2018-09-19,3711,2018-08-14,1735,7677,,2,5,7,3711,0,0,0,,0,524,"WEST BROADWAY","UNION ST",0.00,,Y,A,-,N,,,,,,,,,,N,3,0,1,2,A,-,00,21206,,M,A,B,F,A,H,-,A,D,0,Y,Y,,,Y,,L,04,0,1,0,0,1,0,0,0,0,"- ","- ",32.715579986572266,-117.16603088378906,"SAN DIEGO","SAN DIEGO",-117.16561889648438,32.71575927734375
8694823,2018,2018-09-14,3711,2018-08-31,1404,6856,,5,5,7,3711,0,0,0,,0,627,"UNIVERSITY AV","5TH AV",0.00,,Y,A,-,N,,,,,,,,,,N,3,0,1,2,A,-,04,21703,,M,B,G,A,A,H,-,A,A,0,,,,,Y,,-,,0,1,0,0,0,0,0,0,0,"- ","- ",,,"SAN DIEGO","SAN DIEGO",-117.16043853759766,32.748271942138672
8694830,2018,2018-09-19,3711,2018-08-22,0826,7300,PATRO,3,5,7,3711,0,0,0,,0,723,"CORONADO AV","MADDEN AV",0.00,,Y,A,-,N,,,,,,,,,,N,3,0,1,2,A,-,10,21950,A,N,A,B,D,A,H,-,A,D,0,Y,,,,Y,,-,,0,1,0,0,1,0,0,0,0,"- ","- ",,,"SAN DIEGO","SAN DIEGO",-117.07109832763672,32.576469421386719
8694838,2018,2018-09-19,3711,2018-08-28,1130,6897,SANDI,2,5,7,3711,0,0,0,,0,833,"WIGHTMAN ST","HIGHLAND AV",150.00,W,N,A,-,N,,,,,,,,,,N,4,0,1,2,A,-,21,22106,,N,G,B,E,A,H,-,A,A,0,Y,,,,Y,,-,,0,0,1,0,1,0,0,0,0,"- ","- ",,,"SAN DIEGO","SAN DIEGO",-117.0992431640625,32.747711181640625
8694839,2018,2018-09-25,3711,2018-08-24,0630,7677,SDPD,5,5,7,3711,0,0,0,,0,524,"INDIA ST",BROADWAY,66.00,N,N,B,-,N,,,,,,,,,,N,4,0,1,2,A,-,11,21955,,N,G,B,D,A,H,-,B,A,0,Y,,,,Y,,N,60,0,0,1,0,1,0,0,0,0,"- ","- ",,,"SAN DIEGO","SAN DIEGO",-117.16829681396484,32.7159423828125
8694846,2018,2018-09-19,3711,2018-08-26,1630,7202,,7,5,7,3711,0,0,0,,0,438,"SANDY SHORE CT","SANDY SHORE ST",0.00,,Y,A,-,N,,,,,,,,,,N,3,0,1,2,B,-,22,,,N,D,G,A,A,H,-,A,A,0,,Y,,,Y,,L,04,0,1,0,0,0,0,1,0,0,"- ","- ",,,"SAN DIEGO","SAN DIEGO",-117.06276702880859,32.685840606689453
8695036,2018,2018-09-28,3711,2018-08-26,0957,7690,SD,7,5,7,3711,0,0,0,,0,122,"MISSION AV","EMERALD CT",37.00,N,N,A,-,N,,,,,,,,,,N,3,0,3,3,A,-,10,21950,A,N,G,B,B,A,H,-,C,A,0,Y,,,,Y,Y,A,01,0,2,1,0,2,0,0,0,0,"- ","- ",,,"SAN DIEGO","SAN DIEGO",-117.25595092773438,32.798076629638672
8695601,2018,2018-09-24,3711,2018-08-31,1332,7305,,5,5,7,3711,0,0,0,,0,512,"OCEANVIEW BL","SOUTH 32ND ST",95.00,E,N,A,-,N,,,,,,,,,,N,3,0,1,2,A,-,08,22107,,N,B,G,A,A,G,-,A,A,0,,Y,,,Y,,A,01,0,1,0,0,0,0,1,0,0,"- ","- ",,,"SAN DIEGO","SAN DIEGO",-117.12488555908203,32.701190948486328
8696379,2018,2018-10-23,3710,2018-08-23,0630,OC1274,021,4,5,6,3710,0,0,0,,0,008,"RT 76","COLLEGE BL",0.00,,Y,B,-,Y,SD,11,76,-,R,6.207,I,5,W,N,2,0,1,2,A,-,10,21952,,N,G,B,B,A,H,-,A,A,0,Y,,,,Y,,A,07,1,0,0,0,1,0,0,0,0,"- ","- ",,,"SAN DIEGO",OCEANSIDE,-117.28981018066406,33.243759155273438
8696461,2018,2018-10-04,3711,2018-09-04,0802,7601,SANDI,2,5,7,3711,0,0,0,,0,621,"ULRIC ST","FULTON ST",200.00,S,N,B,-,N,,,,,,,,,,N,3,0,1,2,A,-,11,21954,A,N,D,B,D,A,H,-,A,D,0,Y,,,,Y,,N,60,0,1,0,0,1,0,0,0,0,"- ","- ",,,"SAN DIEGO","SAN DIEGO",-117.17176818847656,32.788558959960938
8696790,2018,2018-12-27,3711,2018-09-07,0810,7555,,5,5,7,3711,0,0,0,,0,931,"RT 5","ROSELLE ST",0.00,,Y,A,-,Y,SD,11,5,-,R,30.140,R,4,S,N,3,0,1,2,A,-,08,22107,,N,D,G,A,A,H,-,A,A,0,,Y,,,Y,,A,01,0,1,0,0,0,0,1,0,0,NO,"- ",,,"SAN DIEGO","SAN DIEGO",-117.22605133056641,32.896823883056641
8696855,2018,2018-09-19,3711,2018-08-29,1535,7368,,3,5,7,3711,0,0,0,,0,831,"46TH ST","EL CAJON BL",3.00,N,N,A,-,N,,,,,,,,,,N,4,0,1,2,A,-,08,22107,,N,G,B,A,A,H,-,A,A,0,,,,,Y,Y,-,,0,0,1,0,0,0,0,0,0,"- ","- ",,,"SAN DIEGO","SAN DIEGO",-117.09584045410156,32.755546569824219
8697547,2018,2018-09-26,3711,2018-09-05,1120,7516,"SAN D",3,5,7,3711,0,0,0,,0,526,"WEST ASH ST","W ASH ST 100",15.00,N,N,A,-,N,,,,,,,,,,N,3,0,1,2,A,-,10,21950,A,N,G,B,B,A,H,-,A,A,0,Y,,,,Y,,A,01,0,1,0,0,1,0,0,0,0,"- ","- ",,,"SAN DIEGO","SAN DIEGO",,
8698908,2018,2018-09-27,3711,2018-08-19,1850,HB5961,,7,5,7,3711,0,0,0,,0,504,"MARINA PKWY","HARBOR DR",815.00,S,N,A,-,N,,,,,,,,,,N,3,0,2,2,B,-,22,,,N,G,B,F,A,H,-,A,D,0,Y,,Y,,Y,,C,03,0,2,0,0,1,0,0,0,1,"- ","- ",,,"SAN DIEGO","SAN DIEGO",,
8698920,2018,2018-09-27,3711,2018-08-08,1950,7584,,3,5,7,3711,0,0,0,,0,937,"CAMINO DEL SUR","DEL SUR CT",338.00,S,N,A,-,N,,,,,,,,,,N,2,0,1,2,A,-,17,21209,,F,C,G,A,A,H,-,C,D,0,,Y,,,Y,,A,01,1,0,0,0,0,0,1,0,0,"- ","- ",,,"SAN DIEGO","SAN DIEGO",-117.14528656005859,33.005603790283203
8698944,2018,2019-01-10,3711,2018-09-14,0734,8182,,5,5,7,3711,0,0,0,,0,833,"THORN ST","44TH ST",10.00,W,N,A,-,N,,,,,,,,,,N,4,0,2,3,A,-,03,22350,,N,A,B,B,A,A,-,A,A,0,Y,,,,Y,,A,01,0,0,2,0,2,0,0,0,0,"- ","- ",,,"SAN DIEGO","SAN DIEGO",-117.09995269775391,32.740211486816406
8698965,2018,2018-09-26,3700,2018-08-26,1712,SH0327,,7,5,5,3712,0,0,0,,0,352,"BORDEN RD","MULBERRY DR",0.00,,Y,A,-,N,,,,,,,,,,N,4,0,1,2,D,-,00,,,N,G,B,B,A,H,-,A,A,0,Y,,,,Y,,-,"- ",0,0,1,0,1,0,0,0,0,"- ","- ",,,"SAN DIEGO","SAN MARCOS",-117.14935302734375,33.149898529052734
8699082,2018,2018-09-27,3705,2018-09-05,1731,EC0361,,3,5,5,3705,0,0,0,,0,002,"2ND ST","MAIN ST",505.00,N,N,A,-,N,,,,,,,,,,N,4,0,1,2,A,-,10,21952,,N,G,B,F,A,H,-,A,D,0,Y,,,,Y,,A,01,0,0,1,0,1,0,0,0,0,"- ","- ",,,"SAN DIEGO","EL CAJON",-116.93730163574219,32.795009613037109
8699293,2018,2019-01-29,3701,2018-09-17,0742,CB5529,,1,5,5,3701,0,0,0,,0,004,"WIND TRAIL WAY","GLEN AV",0.00,,Y,A,-,N,,,,,,,,,,N,3,0,2,3,A,-,10,21950,A,F,G,B,B,A,H,-,A,-,0,Y,,,,Y,,A,08,0,2,0,0,2,0,0,0,0,"- ","- ",,,"SAN DIEGO",CARLSBAD,-117.29543304443359,33.153461456298828
8699300,2018,2018-10-09,3711,2018-09-13,2240,7270,,4,5,7,3711,0,0,0,,0,441,"38TH ST","FLORENCE ST",12.00,N,N,A,-,N,,,,,,,,,,N,4,0,1,2,A,-,10,21950,A,N,G,B,D,A,H,-,C,D,0,Y,,,,Y,,-,,0,0,1,0,1,0,0,0,0,"- ","- ",,,"SAN DIEGO","SAN DIEGO",-117.11248016357422,32.698081970214844
8699304,2018,2018-10-12,3711,2018-09-14,1020,6594,,5,5,7,3711,0,0,0,,0,441,"OCEAN VIEW BL","SAN PASQUEL ST",45.00,W,N,A,-,N,,,,,,,,,,N,3,0,1,2,A,-,08,22107,,N,-,G,A,A,H,-,A,-,0,,Y,,,Y,,L,04,0,1,0,0,0,0,1,0,0,"- ","- ",,,"SAN DIEGO","SAN DIEGO",-117.10318756103516,32.700538635253906
8699319,2018,2019-01-10,3711,2018-09-10,0827,7519,CENTR,1,5,7,3711,0,0,0,,0,524,"10TH AV",BROADWAY,9.00,S,N,A,-,N,,,,,,,,,,N,3,0,1,2,A,-,10,21950,,M,-,B,B,A,-,-,A,A,0,Y,,,,Y,,-,99,0,1,0,0,1,0,0,0,0,"- ","- ",,,"SAN DIEGO","SAN DIEGO",-117.15560913085938,32.715694427490234