CASE_ID,ACCIDENT_YEAR,PROC_DATE,JURIS,COLLISION_DATE,COLLISION_TIME,OFFICER_ID,REPORTING_DISTRICT,DAY_OF_WEEK,CHP_SHIFT,POPULATION,CNTY_CITY_LOC,SPECIAL_COND,BEAT_TYPE,CHP_BEAT_TYPE,CITY_DIVISION_LAPD,CHP_BEAT_CLASS,BEAT_NUMBER,PRIMARY_RD,SECONDARY_RD,DISTANCE,DIRECTION,INTERSECTION,WEATHER_1,WEATHER_2,STATE_HWY_IND,CALTRANS_COUNTY,CALTRANS_DISTRICT,STATE_ROUTE,ROUTE_SUFFIX,POSTMILE_PREFIX,POSTMILE,LOCATION_TYPE,RAMP_INTERSECTION,SIDE_OF_HWY,TOW_AWAY,COLLISION_SEVERITY,NUMBER_KILLED,NUMBER_INJURED,PARTY_COUNT,PRIMARY_COLL_FACTOR,PCF_CODE_OF_VIOL,PCF_VIOL_CATEGORY,PCF_VIOLATION,PCF_VIOL_SUBSECTION,HIT_AND_RUN,TYPE_OF_COLLISION,MVIW,PED_ACTION,ROAD_SURFACE,ROAD_COND_1,ROAD_COND_2,LIGHTING,CONTROL_DEVICE,CHP_ROAD_TYPE,PEDESTRIAN_ACCIDENT,BICYCLE_ACCIDENT,MOTORCYCLE_ACCIDENT,TRUCK_ACCIDENT,NOT_PRIVATE_PROPERTY,ALCOHOL_INVOLVED,STWD_VEHTYPE_AT_FAULT,CHP_VEHTYPE_AT_FAULT,COUNT_SEVERE_INJ,COUNT_VISIBLE_INJ,COUNT_COMPLAINT_PAIN,COUNT_PED_KILLED,COUNT_PED_INJURED,COUNT_BICYCLIST_KILLED,COUNT_BICYCLIST_INJURED,COUNT_MC_KILLED,COUNT_MC_INJURED,PRIMARY_RAMP,SECONDARY_RAMP,LATITUDE,LONGITUDE,COUNTY,CITY,POINT_X,POINT_Y
8753663,2018,2019-01-14,3711,2018-12-12,0727,6502,,3,5,7,3711,0,0,0,,0,512,"OCEAN VIEW BL","SOUTH 28TH ST",0.00,,Y,A,-,N,,,,,,,,,,N,3,0,1,2,A,-,10,21950,A,N,G,B,B,A,H,-,A,A,0,Y,,,,Y,,D,22,0,1,0,0,1,0,0,0,0,"- ","- ",,,"SAN DIEGO","SAN DIEGO",-117.13385772705078,32.701141357421875
8753677,2018,2019-01-08,3710,2018-11-21,1514,OC1351,021,3,5,6,3710,0,0,0,,0,008,"DOUGLAS DR","NORTH RIVER RD",82.00,S,N,A,-,N,,,,,,,,,,N,3,0,1,2,A,-,11,21956,,N,G,B,E,A,H,-,A,D,0,Y,,,,Y,,N,60,0,1,0,0,1,0,0,0,0,"- ","- ",,,"SAN DIEGO",OCEANSIDE,-117.32269287109375,33.245147705078125
8753682,2018,2019-02-12,3711,2018-12-13,1712,7515,,4,5,7,3711,0,0,0,,0,528,"INDIA ST","HAWTHORN ST",0.00,,Y,A,-,N,,,,,,,,,,N,3,0,1,2,A,-,10,21950,A,N,G,B,B,A,H,-,C,A,0,Y,,,,Y,,A,01,0,1,0,0,1,0,0,0,0,"- ","- ",,,"SAN DIEGO","SAN DIEGO",-117.16944885253906,32.726421356201172
8753690,2018,2019-02-12,3711,2018-12-03,1859,5972,,1,5,7,3711,0,0,0,,0,827U,"UNIVERSITY AV","54TH ST",0.00,,Y,A,-,N,,,,,,,,,,N,2,0,1,2,A,-,11,21456,B,N,G,B,B,A,H,-,C,A,0,Y,,,,Y,,N,60,1,0,0,0,1,0,0,0,0,"- ","- ",,,"SAN DIEGO","SAN DIEGO",-117.07948303222656,32.748790740966797
8753694,2018,2019-02-12,3711,2018-12-16,0728,4653,,7,5,7,3711,0,0,0,,0,322,"MISSION GORGE RD","GREENBRIER AV",563.00,S,N,A,-,N,,,,,,,,,,N,2,0,1,2,A,-,11,21954,A,N,G,B,D,A,H,-,A,D,0,Y,,,,Y,,N,60,1,0,0,0,1,0,0,0,0,"- ","- ",,,"SAN DIEGO","SAN DIEGO",-117.09499359130859,32.796104431152344
8753709,2018,2019-02-12,3711,2018-12-01,1447,7410,,6,5,7,3711,0,0,0,,0,813,"UTAH ST","UTAH ST 3705",0.00,,-,A,-,N,,,,,,,,,,N,4,0,1,2,A,-,08,22107,,M,G,B,E,A,H,-,A,D,0,Y,,,,Y,,-,99,0,0,1,0,1,0,0,0,0,"- ","- ",,,"SAN DIEGO","SAN DIEGO",-117.13279635000001,32.745440100000003
8753713,2018,2019-02-12,3711,2018-12-18,0151,8861,,2,5,7,3711,0,0,0,,0,523,"5TH AV","G ST",6.00,N,N,A,-,N,,,,,,,,,,N,3,0,1,2,A,-,10,21950,A,M,G,B,B,A,H,-,C,A,0,Y,,,,Y,Y,-,99,0,1,0,0,1,0,0,0,0,"- ","- ",,,"SAN DIEGO","SAN DIEGO",-117.16014099121094,32.71258544921875
8753721,2018,2019-02-12,3711,2018-12-17,1710,7526,SANDI,1,5,7,3711,0,0,0,,0,121,"OCEAN FRONT WALK","NANTASKET CT",0.00,,Y,A,-,N,,,,,,,,,,N,3,0,1,2,A,-,21,22106,,M,G,B,F,A,H,-,B,D,0,Y,,Y,,Y,,C,03,0,1,0,0,1,0,0,0,0,"- ","- ",32.779750823974609,-117.25330352783203,"SAN DIEGO","SAN DIEGO",-117.25331115722656,32.779830932617188
8753725,2018,2019-02-12,3711,2018-12-13,1442,7487,SANDI,4,5,7,3711,0,0,0,,0,124,"CALLAN RD","NORTH TORREY PINES RD",5.00,E,N,A,-,N,,,,,,,,,,N,3,0,1,2,A,-,11,21955,,M,G,B,E,A,H,-,B,D,0,Y,,,,Y,,N,60,0,1,0,0,1,0,0,0,0,"- ","- ",,,"SAN DIEGO","SAN DIEGO",-117.24330139160156,32.904350280761719
8753733,2018,2019-02-12,3711,2018-12-17,1728,6564,,1,5,7,3711,0,0,0,,0,445,"47TH ST","HARTLEY ST",15.00,S,N,A,-,N,,,,,,,,,,N,3,0,1,2,A,-,03,22350,,M,G,B,B,A,H,-,A,A,0,Y,,,,Y,,-,99,0,1,0,0,1,0,0,0,0,"- ","- ",,,"SAN DIEGO","SAN DIEGO",-117.09364318847656,32.710048675537109
8753734,2018,2019-02-12,3711,2018-12-07,1530,7335,SD,5,5,7,3711,0,0,0,,0,315,"HAZARD CENTER DR","HAZARD CENTER DR 7700",0.00,,N,A,-,N,,,,,,,,,,N,4,0,1,2,A,-,10,21952,,N,G,B,F,A,H,-,A,A,0,Y,,,,Y,,A,01,0,0,1,0,1,0,0,0,0,"- ","- ",32.770919799804688,-117.15570831298828,"SAN DIEGO","SAN DIEGO",-117.15571224999999,32.770849839999997
8753757,2018,2019-02-22,3711,2018-12-18,0740,7790,,2,5,7,3711,0,0,0,,0,122,"GRAND AV","LEE ST",0.00,,Y,A,-,N,,,,,,,,,,N,3,0,1,2,A,-,"- ",,,N,-,G,A,A,H,-,A,A,0,,Y,,,Y,,L,04,0,1,0,0,0,0,1,0,0,"- ","- ",,,"SAN DIEGO","SAN DIEGO",-117.22464752197266,32.801368713378906
8753844,2018,2018-12-18,3700,2018-10-01,0753,SH7710,,1,5,5,3782,0,0,0,,0,242,"SANTA FE DR","BALOUR DR",17.00,E,N,A,-,N,,,,,,,,,,N,4,0,1,2,A,-,09,21804,A,N,D,G,A,A,H,-,A,B,0,,Y,,,Y,,A,01,0,0,1,0,0,0,1,0,0,"- ","- ",,,"SAN DIEGO",ENCINITAS,-117.26844787597656,33.036251068115234
8753848,2018,2018-12-18,3700,2018-10-01,0803,SH3284,,1,5,5,3782,0,0,0,,0,220,"B ST","3RD ST",0.00,,Y,B,-,N,,,,,,,,,,N,2,0,1,2,A,-,10,21950,A,N,G,B,B,A,H,-,A,D,0,Y,,,,Y,,A,01,1,0,0,0,1,0,0,0,0,"- ","- ",,,"SAN DIEGO",ENCINITAS,-117.29612731933594,33.048568725585938
8753864,2018,2018-12-18,3700,2018-10-22,0943,SH3284,,1,5,5,3782,0,0,0,,0,223,"VILLAGE PARK WY","CLEAR VALLEY RD",57.00,N,N,A,-,N,,,,,,,,,,N,3,0,1,2,A,-,17,21208,A,N,H,G,A,A,H,-,A,D,0,,Y,,,Y,Y,L,04,0,1,0,0,0,0,1,0,0,"- ","- ",,,"SAN DIEGO",ENCINITAS,-117.24507904052734,33.054744720458984
8753900,2018,2019-01-11,3700,2018-10-31,1823,SH0690,,3,5,3,3783,0,0,0,,0,273,"S SIERRA  AV","BORDER AV",0.00,,Y,A,-,N,,,,,,,,,,N,4,0,1,2,A,-,09,21804,A,N,D,G,A,A,H,-,C,D,0,,Y,,,Y,,A,08,0,0,1,0,0,0,1,0,0,"- ","- ",,,"SAN DIEGO","SOLANA BEACH",-117.27021026611328,32.980209350585938
8753904,2018,2018-12-18,3700,2018-10-04,1130,SH0287,,4,5,2,3704,0,0,0,,0,296,"CARMEL VALLEY RD","TORREY POINT RD",134.00,E,N,B,-,N,,,,,,,,,,N,3,0,1,2,A,-,08,22107,,N,D,G,A,A,H,-,A,D,0,,Y,,,Y,,A,01,0,1,0,0,0,0,1,0,0,"- ","- ",,,"SAN DIEGO","DEL MAR",-117.25906372070312,32.939556121826172
8754403,2018,2019-01-17,3711,2018-11-20,1850,5842,,2,5,7,3711,0,0,0,,0,935,"EL CAMINIO REAL","SAN DIEGUITO RD",1584.00,N,N,A,-,N,,,,,,,,,,N,3,0,1,2,A,-,11,21956,A,N,G,B,E,A,H,-,D,D,0,Y,,,,Y,Y,N,60,0,1,0,0,1,0,0,0,0,"- ","- ",,,"SAN DIEGO","SAN DIEGO",-117.23044586181641,32.979934692382812
8754423,2018,2019-01-17,3711,2018-11-28,0648,5628,,3,5,7,3711,0,0,0,,0,124,"LA JOLLA HERMOSA AV","CARLA WY",0.00,,Y,A,-,N,,,,,,,,,,N,3,0,2,2,A,-,12,22450,A,N,D,B,B,A,H,-,A,A,0,Y,Y,,,Y,,L,04,0,2,0,0,1,0,1,0,0,"- ","- ",,,"SAN DIEGO","SAN DIEGO",-117.26341247558594,32.809608459472656
8756546,2018,2018-12-20,3711,2018-11-29,1421,5923,"SAN D",4,5,7,3711,0,0,0,,0,627,"6TH AV","UNIVERSITY AV",0.00,,Y,A,-,N,,,,,,,,,,N,3,0,1,2,D,-,00,,,N,D,G,A,A,H,-,A,A,0,,Y,,,Y,,-,"- ",0,1,0,0,0,0,1,0,0,"- ","- ",,,"SAN DIEGO","SAN DIEGO",-117.15953063964844,32.748329162597656
8756559,2018,2018-12-21,3710,2018-11-13,1750,OC1414,018,2,5,6,3710,0,0,0,,0,010,"VANDEGRIFT BL","GOLD DR",5.00,S,N,A,-,N,,,,,,,,,,N,4,0,1,2,A,-,10,21950,A,N,G,B,B,A,H,-,C,A,0,Y,,,,Y,,A,01,0,0,1,0,1,0,0,0,0,"- ","- ",33.257938385009766,-117.29875946044922,"SAN DIEGO",OCEANSIDE,-117.29878234863281,33.258045196533203
8756562,2018,2018-12-11,3711,2018-10-24,0930,6569,SANDI,3,5,7,3711,0,0,0,,0,242,"MIRA MESA BL","CAMINO SANTA FE",0.00,,Y,A,-,N,,,,,,,,,,N,4,0,1,2,A,-,10,21950,A,N,G,B,B,A,H,-,A,A,0,Y,,,,Y,,A,01,0,0,1,0,1,0,0,0,0,"- ","- ",,,"SAN DIEGO","SAN DIEGO",-117.17141723632812,32.907619476318359
8756597,2018,2018-12-11,3711,2018-10-17,0545,SD6104,,3,5,7,3711,0,0,0,,0,832,"UNIVERSITY AV","UNIVERSITY AV 4200",0.00,,Y,A,-,N,,,,,,,,,,N,3,0,1,2,A,-,"- ",,,N,C,B,E,A,H,-,C,A,0,Y,,,,Y,Y,N,60,0,1,0,0,1,0,0,0,0,"- ","- ",,,"SAN DIEGO","SAN DIEGO",-117.10448205,32.749669169999997
8757177,2018,2018-12-19,3711,2018-11-18,1815,6000,,7,5,7,3711,0,0,0,,0,611,"KURTZ ST","ROSECRANS ST",8.00,E,N,A,-,N,,,,,,,,,,N,2,0,1,2,A,-,10,21950,A,N,G,B,B,A,H,-,C,A,0,Y,,,,Y,,D,22,1,0,0,0,1,0,0,0,0,TO,"- ",,,"SAN DIEGO","SAN DIEGO",-117.203857421875,32.752296447753906
8757550,2018,2019-01-09,3711,2018-11-20,1245,7547,,2,5,7,3711,0,0,0,,0,524,"5TH AV","B ST",0.00,,Y,A,-,N,,,,,,,,,,N,3,0,1,2,A,-,"- ",,,M,D,B,B,-,H,-,A,A,0,Y,,,,Y,,-,,0,1,0,0,1,0,0,0,0,"- ","- ",,,"SAN DIEGO","SAN DIEGO",-117.16018676757812,32.717800140380859
8757571,2018,2018-12-20,3711,2018-11-25,1516,7526,"SAN D",7,5,7,3711,0,0,0,,0,124,"LA JOLLA SHORES DR","AVENIDA DE LA PLAYA",0.00,,Y,A,-,N,,,,,,,,,,N,3,0,2,3,A,-,12,21453,,N,G,B,B,A,H,-,A,A,0,Y,,,,Y,,A,01,0,2,0,0,2,0,0,0,0,"- ","- ",,,"SAN DIEGO","SAN DIEGO",-117.25379943847656,32.853771209716797
8757574,2018,2018-12-19,3711,2018-11-26,0826,7792,,1,5,7,3711,0,0,0,,0,114,"CLAIREMONT MESA BL","DOLIVA DR",0.00,,Y,A,-,N,,,,,,,,,,N,4,0,1,2,A,-,10,21950,A,N,G,B,B,A,H,-,A,A,0,Y,,,,Y,,A,01,0,0,1,0,1,0,0,0,0,"- ","- ",,,"SAN DIEGO","SAN DIEGO",-117.17565155029297,32.834381103515625
8757579,2018,2019-01-09,3711,2018-11-29,2058,6957,,4,5,7,3711,0,0,0,,0,114,"CLAIREMONT MESA BL",LIMERICK,2.00,W,N,B,-,N,,,,,,,,,,N,3,0,1,2,A,-,10,21950,A,N,D,B,B,B,H,-,C,A,0,Y,,,,Y,,-,,0,1,0,0,1,0,0,0,0,"- ","- ",,,"SAN DIEGO","SAN DIEGO",-117.17876434326172,32.834407806396484
8757596,2018,2018-12-21,3710,2018-11-17,2008,OC1095,007,6,5,6,3710,0,0,0,,0,003,"SOUTH COAST HWY","CASSIDY ST",13.00,N,N,A,-,N,,,,,,,,,,N,3,0,1,2,A,-,03,22350,,N,G,B,B,A,H,-,C,A,0,Y,,,,Y,Y,A,01,0,1,0,0,1,0,0,0,0,"- ","- ",,,"SAN DIEGO",OCEANSIDE,-117.36222076416016,33.175247192382812
8757668,2018,2019-02-02,3711,2018-12-01,1655,6366,,6,5,7,3711,0,0,0,,0,528,"WEST ASH ST","KETTNER BL",0.00,,Y,B,-,N,,,,,,,,,,N,4,0,1,2,A,-,17,21451,A,N,G,B,B,A,H,-,B,A,0,Y,,,,Y,,A,01,0,0,1,0,1,0,0,0,0,"- ","- ",,,"SAN DIEGO","SAN DIEGO",-117.16921234130859,32.719860076904297
8757676,2018,2019-02-02,3711,2018-12-02,1514,6632,MC2,7,5,7,3711,0,0,0,,0,838,"36TH ST","UNIVERSITY AV",8.00,S,N,A,-,N,,,,,,,,,,N,3,0,1,2,A,-,10,21950,A,N,G,B,B,A,H,-,A,D,0,Y,,,,Y,,-,,0,1,0,0,1,0,0,0,0,"- ","- ",,,"SAN DIEGO","SAN DIEGO",-117.11559295654297,32.749717712402344
8757680,2018,2019-02-02,3711,2018-12-02,1830,7851,,7,5,7,3711,0,0,0,,0,834,MARLBOROUGH,UNIVERSITY,250.00,S,N,A,-,N,,,,,,,,,,N,4,0,1,2,A,-,21,22106,,N,G,B,E,A,H,-,C,D,0,Y,,,,Y,,-,,0,0,1,0,1,0,0,0,0,"- ","- ",,,"SAN DIEGO","SAN DIEGO",-117.10569763183594,32.748996734619141
8758003,2018,2019-08-16,3706,2018-12-03,1228,322,ESCON,1,5,6,3706,0,0,0,,0,045,"WASHINGTON AV","MISSION AV",350.00,E,N,A,-,N,,,,,,,,,,N,4,0,1,2,D,-,00,,,N,G,B,E,A,H,-,A,D,0,Y,,,,Y,,-,"- ",0,0,1,0,1,0,0,0,0,"- ","- ",33.123958587646484,-117.10639190673828,"SAN DIEGO",ESCONDIDO,-117.10482025146484,33.123420715332031
8758128,2018,2019-03-08,3711,2018-12-03,0830,7797,,1,5,7,3711,0,0,0,,0,441,"IMPERIAL AV","SOUTH 45TH ST",12.00,E,N,A,-,N,,,,,,,,,,,2,0,1,2,A,-,10,21950,A,N,G,B,B,A,H,-,A,A,0,Y,,,,Y,,A,01,1,0,0,0,1,0,0,0,0,"- ","- ",,,"SAN DIEGO","SAN DIEGO",-117.09793090820312,32.704151153564453
8758196,2018,2019-01-18,3706,2018-11-25,1607,494,ESCON,7,5,6,3706,0,0,0,,0,043,"ROCK SPRINGS RD","LINCOLN AV",350.00,S,N,A,-,N,,,,,,,,,,N,3,0,1,1,A,-,05,21650,,N,H,G,A,A,H,-,A,D,0,,Y,,,Y,,L,04,0,1,0,0,0,0,1,0,0,"- ","- ",33.129871368408203,-117.09902191162109,"SAN DIEGO",ESCONDIDO,-117.09854888916016,33.129093170166016
8758447,2018,2019-01-24,3711,2018-11-19,1533,7820,,1,5,7,3711,0,0,0,,0,446,"EUCLID AV","NARANJA ST",40.00,N,N,A,-,N,,,,,,,,,,Y,3,0,1,2,A,-,00,21971,A,N,G,B,D,A,H,-,A,A,0,Y,,,,Y,,N,60,0,1,0,0,1,0,0,0,0,"- ","- ",,,"SAN DIEGO","SAN DIEGO",-117.08503723144531,32.708740234375
8758455,2018,2019-01-23,3711,2018-11-30,1607,7198,,5,5,7,3711,0,0,0,,0,511,"S 16TH ST","COMMERCIAL ST",0.00,,Y,A,-,N,,,,,,,,,,N,3,0,1,2,A,-,10,21950,A,N,G,B,B,A,H,-,A,A,0,Y,,,,Y,,A,01,0,1,0,0,1,0,0,0,0,"- ","- ",,,"SAN DIEGO","SAN DIEGO",-117.14943695068359,32.705230712890625
8758478,2018,2019-01-19,3710,2018-11-02,1520,OC1185,016,5,5,6,3710,0,0,0,,0,008,"PALA RD","VIA EMILY",8.00,W,N,A,-,N,,,,,,,,,,N,4,0,1,2,A,-,09,21804,A,N,H,G,A,A,H,-,A,D,0,,Y,,,Y,,L,04,0,0,1,0,0,0,1,0,0,"- ","- ",33.237678527832031,-117.32148742675781,"SAN DIEGO",OCEANSIDE,-117.32147216796875,33.2376708984375
8758524,2018,2019-01-19,3706,2018-11-23,1532,487,ESCON,5,5,6,3706,0,0,0,,0,054,"VALLEY PKWY","ROSE ST",264.00,W,N,A,-,N,,,,,,,,,,N,4,0,1,2,A,-,09,21804,A,N,G,G,A,A,H,-,A,D,0,,Y,,,Y,,A,01,0,0,1,0,0,0,1,0,0,"- ","- ",33.133899688720703,-117.05954742431641,"SAN DIEGO",ESCONDIDO,-117.06023406982422,33.133617401123047
8758572,2018,2019-01-25,3706,2018-12-10,1543,322,ESCON,1,5,6,3706,0,0,0,,0,052,"KALMIA ST","6TH AV",0.00,,Y,B,-,N,,,,,,,,,,N,3,0,1,2,A,-,12,22450,A,N,D,G,A,A,H,-,A,A,0,,Y,,,Y,,L,04,0,1,0,0,0,0,1,0,0,"- ","- ",33.117828369140625,-117.07688903808594,"SAN DIEGO",ESCONDIDO,-117.07691192626953,33.117828369140625
8758860,2018,2018-12-18,3700,2018-02-05,0757,SH2461,,1,5,4,3707,0,0,0,,0,709,"IMPERIAL BEACH BL","CONNECTICUT ST",0.00,,N,A,-,N,,,,,,,,,,N,4,0,1,2,A,-,10,21952,,N,G,G,A,A,H,-,A,-,0,,Y,,,Y,,A,08,0,0,1,0,0,0,1,0,0,"- ","- ",,,"SAN DIEGO","IMPERIAL BEACH",-117.11871337890625,32.576568603515625
8758970,2018,2018-12-17,3710,2018-07-21,1040,OC1372,001,6,5,6,3710,0,0,0,,0,001,"S HARBOR DR","HARBOR DR",140.00,S,N,A,-,N,,,,,,,,,,N,3,0,1,1,A,-,08,22107,,N,H,G,A,A,H,-,A,D,0,,Y,,,Y,,L,04,0,1,0,0,0,0,1,0,0,"- ","- ",,,"SAN DIEGO",OCEANSIDE,-117.39025115966797,33.207057952880859
8759395,2018,2019-01-24,3711,2018-11-18,1735,5418,,7,5,7,3711,0,0,0,,0,725,"DENNERY RD","RED CORAL LN",6.00,E,N,A,-,N,,,,,,,,,,N,4,0,1,2,A,-,10,21950,,N,G,B,-,A,H,-,C,A,0,Y,,,,Y,,-,"- ",0,0,1,0,1,0,0,0,0,"- ","- ",,,"SAN DIEGO","SAN DIEGO",-117.02889251708984,32.588394165039062
8759842,2018,2019-01-26,3711,2018-12-07,0832,6512,,5,5,7,3711,0,0,0,,0,233,"CARMEL MOUNTAIN RD","SPARREN  AV",7.00,E,N,A,-,N,,,,,,,,,,N,3,0,1,2,A,-,10,21950,A,N,G,B,B,A,H,-,A,A,0,Y,,,,Y,,A,01,0,1,0,0,1,0,0,0,0,"- ","- ",,,"SAN DIEGO","SAN DIEGO",-117.13694763183594,32.963340759277344
8759854,2018,2019-01-26,3711,2018-12-10,1817,7255,,1,5,7,3711,0,0,0,,0,611,"MIDWAY DR",ROSECRANS,500.00,E,N,B,-,N,,,,,,,,,,N,3,0,1,2,A,-,11,21954,A,N,G,B,D,A,H,-,D,D,0,Y,,,,Y,,N,60,0,1,0,0,1,0,0,0,0,"- ","- ",,,"SAN DIEGO","SAN DIEGO",-117.20486450195312,32.748889923095703
8759866,2018,2019-01-26,3711,2018-12-06,1025,6986,,4,5,7,3711,0,0,0,,0,833,"UNIVERSITY AV","HIGHLAND AV",0.00,,Y,B,-,N,,,,,,,,,,N,4,0,1,2,A,-,10,21950,A,N,G,B,B,B,H,-,A,A,0,Y,,,,Y,,A,01,0,0,1,0,1,0,0,0,0,"- ","- ",,,"SAN DIEGO","SAN DIEGO",-117.09873199462891,32.749610900878906
8759870,2018,2019-01-26,3711,2018-12-09,1004,7832,,7,5,7,3711,0,0,0,,0,823,"UNIVERSITY AV","COLLEGE AV",0.00,,Y,A,-,N,,,,,,,,,,N,3,0,1,2,A,-,12,21453,A,N,B,G,A,A,H,-,A,A,0,,Y,,,Y,Y,L,04,0,1,0,0,0,0,1,0,0,"- ","- ",,,"SAN DIEGO","SAN DIEGO",-117.06448364257812,32.752861022949219
8759877,2018,2019-01-28,3711,2018-12-09,2335,8816,,7,5,7,3711,0,0,0,,0,122,"GARNET AV","BOND ST",200.00,E,N,A,-,N,,,,,,,,,,N,3,0,1,2,A,-,10,21954,,N,G,B,D,A,H,-,C,A,0,Y,,,,Y,Y,N,60,0,1,0,0,1,0,0,0,0,"- ","- ",,,"SAN DIEGO","SAN DIEGO",-117.220458984375,32.805831909179688
8759881,2018,2019-01-28,3711,2018-12-01,1701,7526,SDPD,6,5,7,3711,0,0,0,,0,124,"PEARL ST","FAY AV",0.00,,Y,A,-,N,,,,,,,,,,N,4,0,1,2,A,-,21,22106,,N,D,G,A,A,H,-,C,A,0,,Y,,,Y,,L,04,0,0,1,0,0,0,1,0,0,"- ","- ",,,"SAN DIEGO","SAN DIEGO",-117.27369689941406,32.840221405029297
8759882,2018,2019-02-05,3711,2018-12-06,1740,7654,SD,4,5,7,3711,0,0,0,,0,714,"EAST SAN YSIDRO BL","RAIL CT",0.00,,Y,C,-,N,,,,,,,,,,N,4,0,1,2,A,-,08,22107,,N,A,B,B,B,H,-,C,A,0,Y,,,,Y,,A,07,0,0,1,0,1,0,0,0,0,"- ","- ",,,"SAN DIEGO","SAN DIEGO",-117.02871704101562,32.544200897216797
8759886,2018,2019-01-26,3711,2018-12-06,2140,8447,,4,5,7,3711,0,0,0,,0,723,"PALM AV","BEYER WAY",15.00,E,N,C,-,N,,,,,,,,,,N,4,0,1,2,A,-,17,21200,A,N,D,G,A,B,H,-,C,A,0,,Y,,,Y,,L,04,0,0,1,0,0,0,1,0,0,"- ","- ",,,"SAN DIEGO","SAN DIEGO",-117.06195831298828,32.583766937255859
8759894,2018,2019-01-26,3711,2018-12-07,0757,5985,,5,5,7,3711,0,0,0,,0,512,"SOUTH 28TH ST","OCEAN VIEW BL",0.00,,Y,A,-,N,,,,,,,,,,N,4,0,1,2,A,-,10,21950,A,N,G,B,B,A,H,-,A,A,0,Y,,,,Y,,A,08,0,0,1,0,1,0,0,0,0,"- ","- ",,,"SAN DIEGO","SAN DIEGO",-117.13385772705078,32.701141357421875
8759897,2018,2019-01-28,3711,2018-12-07,1045,7849,,5,5,7,3711,0,0,0,,0,821,"UNIVERSITY AV","SALVATION DRWY",110.00,E,N,A,-,N,,,,,,,,,,N,4,0,2,4,A,-,21,22106,,N,G,B,F,A,H,-,A,D,0,Y,,,,Y,,-,"- ",0,0,2,0,2,0,0,0,0,"- ","- ",,,"SAN DIEGO","SAN DIEGO",-117.05042481,32.75506876
8759901,2018,2019-02-08,3711,2018-12-07,1500,7569,,5,5,7,3711,0,0,0,,0,824,"46TH ST","EL CAJON BL",12.00,N,N,A,-,N,,,,,,,,,,N,4,0,1,2,A,-,"- ",,,N,G,B,B,A,H,-,A,D,0,Y,,,,Y,,-,,0,0,1,0,1,0,0,0,0,"- ","- ",,,"SAN DIEGO","SAN DIEGO",-117.09584045410156,32.755573272705078
8759906,2018,2019-01-26,3711,2018-12-06,0658,7066,,4,5,7,3711,0,0,0,,0,441,"OCEAN VIEW BL","S 46TH ST",10.00,E,N,B,C,N,,,,,,,,,,N,4,0,1,2,A,-,10,21950,A,M,G,B,B,B,H,-,B,D,0,Y,,,,Y,,-,,0,0,1,0,1,0,0,0,0,"- ","- ",,,"SAN DIEGO","SAN DIEGO",-117.09580993652344,32.700450897216797
8759948,2018,2018-12-27,3711,2018-11-22,1530,7425,,4,5,7,3711,0,0,0,,0,124,"LA JOLLA BL","PEARL ST",210.00,S,N,A,-,N,,,,,,,,,,N,3,0,1,2,A,-,21,22106,,N,G,B,E,A,H,-,A,D,0,Y,,,,Y,,A,01,0,1,0,0,1,0,0,0,0,"- ","- ",,,"SAN DIEGO","SAN DIEGO",-117.27832794189453,32.83856201171875
8759992,2018,2019-01-26,3711,2018-12-02,1326,7685,,7,5,7,3711,0,0,0,,0,122,"PACIFIC BEACH DR","PACIFIC BEACH DR 700",5.00,S,N,A,-,N,,,,,,,,,,N,4,0,1,3,A,-,17,22517,,N,B,G,A,A,-,-,A,D,0,,Y,,,Y,,A,01,0,0,1,0,0,0,1,0,0,"- ","- ",,,"SAN DIEGO","SAN DIEGO",,
8760097,2018,2018-12-12,3708,2018-10-27,2107,LM1158,,6,5,5,3708,0,0,0,,0,003,"70TH ST","ALVARADO RD",285.00,S,N,A,-,N,,,,,,,,,,N,4,0,1,1,A,-,15,26451,,N,G,B,A,A,H,-,C,A,0,,,,,Y,,A,01,0,0,1,0,0,0,0,0,0,"- ","- ",,,"SAN DIEGO","LA MESA",-117.04684448242188,32.772510528564453
8760240,2018,2019-01-14,3710,2018-11-15,0810,OC1441,022,4,5,6,3710,0,0,0,,0,009,"RT 76","NORTH SANTA FE AV",753.00,E,N,A,-,Y,SD,11,76,-,R,6.860,H,-,W,N,3,0,1,2,A,-,07,21658,A,N,H,G,A,A,H,-,A,A,0,,Y,,,Y,,L,04,0,1,0,0,0,0,1,0,0,"- ","- ",,,"SAN DIEGO",OCEANSIDE,-117.27951812744141,33.247169494628906
8760659,2018,2018-12-24,3706,2018-09-07,2249,374,ESCON,5,5,6,3706,0,0,0,,0,043,"CENTRE CITY PKWY","EL NORTE PKWY",0.00,,Y,A,-,N,,,,,,,,,,Y,2,0,3,2,D,-,00,,,N,H,G,A,A,H,-,C,A,0,,Y,,,Y,,-,"- ",1,0,2,0,0,0,1,0,0,"- ","- ",33.1397705078125,-117.09332275390625,"SAN DIEGO",ESCONDIDO,-117.09339141845703,33.139789581298828