CASE_ID,ACCIDENT_YEAR,PROC_DATE,JURIS,COLLISION_DATE,COLLISION_TIME,OFFICER_ID,REPORTING_DISTRICT,DAY_OF_WEEK,CHP_SHIFT,POPULATION,CNTY_CITY_LOC,SPECIAL_COND,BEAT_TYPE,CHP_BEAT_TYPE,CITY_DIVISION_LAPD,CHP_BEAT_CLASS,BEAT_NUMBER,PRIMARY_RD,SECONDARY_RD,DISTANCE,DIRECTION,INTERSECTION,WEATHER_1,WEATHER_2,STATE_HWY_IND,CALTRANS_COUNTY,CALTRANS_DISTRICT,STATE_ROUTE,ROUTE_SUFFIX,POSTMILE_PREFIX,POSTMILE,LOCATION_TYPE,RAMP_INTERSECTION,SIDE_OF_HWY,TOW_AWAY,COLLISION_SEVERITY,NUMBER_KILLED,NUMBER_INJURED,PARTY_COUNT,PRIMARY_COLL_FACTOR,PCF_CODE_OF_VIOL,PCF_VIOL_CATEGORY,PCF_VIOLATION,PCF_VIOL_SUBSECTION,HIT_AND_RUN,TYPE_OF_COLLISION,MVIW,PED_ACTION,ROAD_SURFACE,ROAD_COND_1,ROAD_COND_2,LIGHTING,CONTROL_DEVICE,CHP_ROAD_TYPE,PEDESTRIAN_ACCIDENT,BICYCLE_ACCIDENT,MOTORCYCLE_ACCIDENT,TRUCK_ACCIDENT,NOT_PRIVATE_PROPERTY,ALCOHOL_INVOLVED,STWD_VEHTYPE_AT_FAULT,CHP_VEHTYPE_AT_FAULT,COUNT_SEVERE_INJ,COUNT_VISIBLE_INJ,COUNT_COMPLAINT_PAIN,COUNT_PED_KILLED,COUNT_PED_INJURED,COUNT_BICYCLIST_KILLED,COUNT_BICYCLIST_INJURED,COUNT_MC_KILLED,COUNT_MC_INJURED,PRIMARY_RAMP,SECONDARY_RAMP,LATITUDE,LONGITUDE,COUNTY,CITY,POINT_X,POINT_Y
8808030,2018,2020-05-26,3705,2018-02-15,0431,EC0278,,4,5,5,3705,0,0,0,,0,004,"S SUNSHINE","W CHASE",283.00,N,N,B,-,N,,,,,,,,,,N,1,1,0,2,D,-,00,,,F,G,B,E,A,H,-,C,D,0,Y,,,,Y,Y,-,"- ",0,0,0,1,0,0,0,0,0,"- ","- ",,,"SAN DIEGO","EL CAJON",-116.96457672119141,32.781173706054688
8808034,2018,2019-03-26,3702,2018-09-18,2222,CV0777,,2,5,6,3702,0,0,0,,0,022,"PALOMAR ST","SECOND AV",0.00,,Y,A,-,N,,,,,,,,,,Y,1,1,0,2,A,-,12,21453,A,N,D,G,A,A,H,-,C,A,0,,Y,,,Y,,L,04,0,0,0,0,0,1,0,0,0,"- ","- ",,,"SAN DIEGO","CHULA VISTA",-117.06233215332031,32.607929229736328
8808054,2018,2019-04-11,3702,2018-12-21,2018,CV1060,,5,5,6,3702,0,0,0,,0,022,"OXFORD ST","OXFORD ST 300 BLK",0.00,,N,A,-,N,,,,,,,,,,Y,1,1,0,2,A,-,11,21955,,N,G,B,D,A,H,-,C,B,0,Y,,,,Y,,N,60,0,0,0,1,0,0,0,0,0,"- ","- ",,,"SAN DIEGO","CHULA VISTA",,
8808102,2018,2019-04-19,3705,2018-12-06,1831,EC0389,,4,5,5,3705,0,0,0,,0,002,"W MADISON","MONTROSE CT",139.00,E,N,C,-,N,,,,,,,,,,N,1,1,0,2,A,-,11,21954,A,F,G,B,D,B,H,-,D,D,0,Y,,,,Y,,N,60,0,0,0,1,0,0,0,0,0,"- ","- ",,,"SAN DIEGO","EL CAJON",-116.96340942382812,32.800785064697266
8808108,2018,2019-04-26,3700,2018-12-23,2305,SH0742,,7,5,4,3780,0,0,0,,0,407,"RT 67","CLOUDY MOON DR",1800.00,W,N,A,-,Y,SD,11,67,-,-,17.010,H,-,S,Y,1,1,1,6,A,-,11,21956,A,N,G,B,E,A,H,-,D,D,0,Y,,,Y,Y,Y,N,60,0,1,0,1,0,0,0,0,0,"- ","- ",,,"SAN DIEGO",POWAY,-116.96778106689453,32.996959686279297
8808134,2018,2020-05-22,3710,2018-12-15,2153,OC1351,024,6,5,6,3710,0,0,0,,0,006,"RT 76","DOUGLAS DR",9.00,E,N,A,-,Y,SD,11,76,-,R,3.745,I,5,E,Y,1,1,1,2,A,-,11,21950,B,N,G,B,B,A,H,-,C,A,0,Y,,,,Y,,N,60,0,1,0,1,0,0,0,0,0,"- ","- ",33.225639343261719,-117.32598876953125,"SAN DIEGO",OCEANSIDE,-117.32566833496094,33.225662231445312
8808386,2018,2020-05-21,3705,2018-09-20,2123,EC0337,,4,5,5,3705,0,0,0,,0,002,"E MAIN","N 1ST",300.00,W,N,A,-,N,,,,,,,,,,N,1,1,0,2,A,-,11,21956,,F,G,B,D,A,H,-,C,D,0,Y,,,,Y,,N,60,0,0,0,1,0,0,0,0,0,"- ","- ",,,"SAN DIEGO","EL CAJON",-116.94557189941406,32.794940948486328
8808498,2018,2019-09-12,3705,2018-11-03,2132,EC0364,,6,5,5,3705,0,0,0,,0,004,"S MOLLISON",MERRITT,2.00,N,N,A,-,N,,,,,,,,,,N,1,1,0,2,A,-,11,21954,A,N,G,B,D,A,H,-,C,D,0,Y,,,,Y,,N,60,0,0,0,1,0,0,0,0,0,"- ","- ",,,"SAN DIEGO","EL CAJON",-116.95095825195312,32.784713745117188
8811159,2018,2019-05-04,3700,2018-12-08,0600,SH2573,,6,5,5,3782,0,0,0,,0,210,"NORTH COAST HWY 101","PHOEBE ST",187.00,S,N,A,-,N,,,,,,,,,,N,2,0,1,2,D,-,00,,,N,C,G,A,A,H,-,B,D,0,,Y,,,Y,,-,"- ",1,0,0,0,0,0,1,0,0,"- ","- ",,,"SAN DIEGO",ENCINITAS,-117.30382537841797,33.068885803222656
8811303,2018,2019-03-13,3700,2018-12-24,0005,SH7709,,1,5,2,3704,0,0,0,,0,294,"15TH ST","STRATFORD CT",64.00,E,N,A,-,N,,,,,,,,,,Y,3,0,1,2,A,-,17,21663,,N,G,B,F,A,H,-,C,A,0,Y,,,,Y,,A,01,0,1,0,0,1,0,0,0,0,"- ","- ",,,"SAN DIEGO","DEL MAR",-117.26607513427734,32.959403991699219
8811319,2018,2019-03-13,3700,2018-12-17,1918,SH0236,,1,5,3,3783,0,0,0,,0,272,"VIA MIL CUMBRES","LOMAS SANTA FE DR",290.00,N,N,A,-,N,,,,,,,,,,N,4,0,1,2,C,-,18,,,N,G,B,E,A,H,-,C,D,0,Y,,,,Y,,-,"- ",0,0,1,0,1,0,0,0,0,"- ","- ",,,"SAN DIEGO","SOLANA BEACH",-117.25151062011719,32.996315002441406
8811347,2018,2019-03-13,3700,2018-12-13,1233,SH2581,,4,5,5,3782,0,0,0,,0,221,"2ND ST","J ST",0.00,,Y,A,-,N,,,,,,,,,,N,4,0,1,2,A,-,08,22107,,N,A,G,A,A,H,-,A,-,0,,Y,,,Y,,A,01,0,0,1,0,0,0,1,0,0,"- ","- ",,,"SAN DIEGO",ENCINITAS,-117.29373168945312,33.038021087646484
8811351,2018,2019-03-13,3700,2018-12-12,1732,SH0084,,3,5,5,3782,0,0,0,,0,242,"SOUTH EL CAMINO REAL","SANTA FE DR",0.00,,Y,A,-,N,,,,,,,,,,N,3,0,1,2,A,-,00,21456,3,M,B,G,A,A,H,-,C,A,0,,Y,,,Y,Y,L,04,0,1,0,0,0,0,1,0,0,"- ","- ",,,"SAN DIEGO",ENCINITAS,-117.25917053222656,33.038520812988281
8819523,2017,2019-03-12,3700,2017-07-22,0002,SH0051,,6,5,4,3720,0,0,0,,0,602,"MASSACHUSETTS AV","CENTRAL AV",0.00,,Y,A,-,N,,,,,,,,,,N,3,0,1,2,A,-,00,20001,B,F,C,G,A,A,H,-,C,A,0,,Y,,,Y,,-,99,0,1,0,0,0,0,1,0,0,"- ","- ",,,"SAN DIEGO","LEMON GROVE",-117.04288009,32.738830020000002
8819531,2017,2019-03-12,3700,2017-07-20,1107,SH2281,,4,5,4,3720,0,0,0,,0,602,"CITRUS ST",BROADWAY,121.00,N,N,A,-,N,,,,,,,,,,N,4,0,1,2,A,-,09,21804,A,N,D,G,A,A,H,-,A,D,0,,Y,,,Y,,L,04,0,0,1,0,0,0,1,0,0,"- ","- ",,,"SAN DIEGO","LEMON GROVE",-117.04069,32.742519999999999
8819539,2017,2019-03-12,3700,2017-08-19,1200,SH3324,,6,5,4,3720,0,0,0,,0,602,BROADWAY,"MASSACHUSETTS AV",124.00,E,N,A,-,N,,,,,,,,,,N,4,0,1,2,A,-,09,21804,A,F,D,G,A,A,H,-,A,D,0,,Y,,,Y,,A,08,0,0,1,0,0,0,1,0,0,"- ","- ",,,"SAN DIEGO","LEMON GROVE",-117.04245822,32.742627579999997
8819559,2017,2019-03-12,3700,2017-08-22,2010,SH0473,,2,5,4,3720,0,0,0,,0,602,"CENTRAL AV","BUENA VISTA AV",355.00,W,N,A,-,N,,,,,,,,,,N,4,0,1,2,A,-,11,21954,A,N,G,B,D,A,H,-,C,D,0,Y,,,,Y,,N,60,0,0,1,0,1,0,0,0,0,"- ","- ",,,"SAN DIEGO","LEMON GROVE",-117.03543032,32.738944099999998
8819846,2018,2019-04-03,3700,2018-08-29,2005,SH5656,,3,5,5,3781,0,0,0,,0,503,"MOLINO RD","SHOREDALE DR",121.00,N,N,A,-,N,,,,,,,,,,Y,2,0,2,3,A,-,05,21650,,F,G,B,F,A,H,-,C,D,0,Y,,,,Y,Y,A,01,1,0,1,0,2,0,0,0,0,"- ","- ",,,"SAN DIEGO",SANTEE,-116.98013305664062,32.863040924072266
8819850,2018,2019-04-03,3700,2018-08-16,0804,SH0138,,4,5,5,3781,0,0,0,,0,511,"MAGNOLIA PARK DR","MAST BL",4.00,N,N,A,-,N,,,,,,,,,,N,4,0,1,2,A,-,05,21650,1,N,G,G,A,A,H,-,A,D,0,,Y,,,Y,,L,04,0,0,1,0,0,0,1,0,0,"- ","- ",,,"SAN DIEGO",SANTEE,-116.980712890625,32.855129241943359
8819895,2018,2019-03-20,3711,2018-06-24,1825,7284,,7,5,7,3711,0,0,0,,0,712,"VIA VALARTA","ANTIGUA BL",28.00,S,N,A,-,N,,,,,,,,,,N,4,0,1,2,A,-,08,22107,,N,C,G,A,A,H,-,A,A,0,,Y,,,Y,,A,01,0,0,1,0,0,0,1,0,0,"- ","- ",,,"SAN DIEGO","SAN DIEGO",-117.08567810058594,32.837032318115234
8820758,2018,2019-03-18,3700,2018-12-23,1828,SH0431,,7,5,4,3720,0,0,0,,0,602,BROADWAY,"BUENA VISTA AV",74.00,W,N,A,-,N,,,,,,,,,,N,3,0,1,2,A,-,11,21954,A,N,E,B,D,A,H,-,C,A,0,Y,,,,Y,Y,N,60,0,1,0,0,1,0,0,0,0,"- ","- ",,,"SAN DIEGO","LEMON GROVE",-117.03449249267578,32.742725372314453
8822573,2018,2019-04-02,3711,2018-09-01,2014,HB5121,,6,5,7,3711,0,0,0,,0,504,"NORTH HARBOR DR","GRAPE ST",0.00,,Y,A,-,N,,,,,,,,,,N,3,0,1,2,C,-,18,,,N,G,B,F,A,H,-,C,D,0,Y,Y,,,Y,,-,"- ",0,1,0,0,0,0,1,0,0,"- ","- ",,,"SAN DIEGO","SAN DIEGO",-117.17321014404297,32.72412109375
8872204,2018,2019-06-07,3709,2018-11-26,1141,NC0486,,1,5,5,3709,0,0,0,,0,021,"EAST PLAZA BL","E PLAZA BL 900",0.00,,N,A,-,N,,,,,,,,,,N,2,0,1,2,A,-,10,21950,A,N,G,B,C,A,H,-,A,A,0,Y,,,,Y,,-,,1,0,0,0,1,0,0,0,0,"- ","- ",,,"SAN DIEGO","NATIONAL CITY",-117.09778368000001,32.676476630000003
8896464,2018,2020-02-07,3700,2018-10-10,2049,SH7366,,3,5,4,3707,0,0,0,,0,702,"PALM AV","FLORIDA ST",0.00,,Y,A,-,N,,,,,,,,,,N,3,0,1,2,A,-,11,21950,B,N,G,B,B,A,H,-,C,A,0,Y,,,,Y,,N,60,0,1,0,0,1,0,0,0,0,"- ","- ",,,"SAN DIEGO","IMPERIAL BEACH",-117.10935211181641,32.583969116210938
8896477,2018,2019-07-23,3700,2018-01-24,1751,SH7366,,3,5,4,3707,0,0,0,,0,709,"EMORY ST","IMPERIAL BEACH BL",0.00,,Y,A,-,N,,,,,,,,,,N,4,0,1,2,A,-,10,21950,A,N,G,B,B,A,H,-,C,D,0,Y,,,,Y,,A,01,0,0,1,0,1,0,0,0,0,"- ","- ",,,"SAN DIEGO","IMPERIAL BEACH",-117.11308288574219,32.576549530029297
8952712,2018,2019-11-07,3711,2018-11-27,2051,SD7462,,2,5,7,3711,0,0,0,,0,521,"8TH AV","F ST",0.00,,Y,A,-,N,,,,,,,,,,N,4,0,1,2,D,-,00,,,N,G,B,B,A,-,-,C,-,0,Y,,,,Y,,-,"- ",0,0,1,0,1,0,0,0,0,"- ","- ",,,"SAN DIEGO","SAN DIEGO",-117.15741729736328,32.713638305664062
90024115,2015,2015-10-19,9650,2015-09-23,0605,013696,,3,1,5,3712,0,1,3,,2,019,"SR-78 W/B TO NORDAHL RD","NORDAHL RD",78.00,E,N,B,-,Y,,,78,,,,R,,W,N,2,0,1,2,A,-,11,21954,A,N,G,B,D,A,H,-,B,D,0,Y,,,,Y,,N,60,1,0,0,0,1,0,0,0,0,"- ","- ",33.132100000000001,-117.12041000000001,"SAN DIEGO","SAN MARCOS",-117.12041000000001,33.132100000000001
90030573,2015,2015-10-19,9650,2015-10-07,1745,015446,,3,2,9,3700,0,3,5,,1,160,"OLD HIGHWAY 395","DULIN ROAD",0.00,,Y,A,-,N,,,,,,,,,,N,4,0,1,2,A,-,09,21802,A,F,H,G,A,A,H,-,A,A,0,,Y,,,Y,,D,22,0,0,1,0,0,0,1,0,0,"- ","- ",33.32103,-117.15979,"SAN DIEGO",UNINCORPORATED,-117.16018006,33.320990100000003
90037861,2015,2015-10-26,9650,2015-10-17,0015,017331,,6,3,9,3700,0,3,5,,2,170,"S. SANTA FE AVE.","ROBELINI DR",640.00,W,N,B,-,N,,,,,,,,,,N,2,0,1,2,A,-,11,21954,A,N,G,B,D,A,H,-,C,D,0,Y,,,,Y,Y,N,60,1,0,0,0,1,0,0,0,0,"- ","- ",33.174379999999999,-117.21014,"SAN DIEGO",UNINCORPORATED,-117.21110724,33.174795209999999
90037977,2015,2015-10-26,9680,2015-10-13,0815,017224,,2,1,9,3700,0,3,5,,2,001,"VINE ST","LAKESHORE DR",200.00,S,N,A,-,N,,,,,,,,,,N,3,0,1,2,A,-,03,22350,,F,G,B,D,A,H,-,A,D,0,Y,,,,Y,,A,07,0,1,0,0,1,0,0,0,0,"- ","- ",32.859290000000001,-116.92092,"SAN DIEGO",UNINCORPORATED,-116.92089744,32.859447899999999
90039851,2015,2015-11-17,9680,2015-10-17,0745,018166,,6,1,9,3700,0,2,4,,1,029,"HILLSDALE RD","DONAHUE ST",33.00,E,N,B,-,N,,,,,,,,,,N,2,0,1,2,A,-,11,21950,B,N,G,B,D,B,H,-,A,D,0,Y,,,,Y,,N,60,1,0,0,0,1,0,0,0,0,"- ","- ",32.761519999999997,-116.90895999999999,"SAN DIEGO",UNINCORPORATED,-116.90872256,32.761362740000003
90040542,2015,2015-10-29,9680,2015-10-17,2045,019822,,6,2,9,3700,0,3,5,,2,002,"KENWOOD DR","CAMPO RD",5.00,S,N,B,-,N,,,,,,,,,,N,3,0,1,2,A,-,10,21950,A,N,G,B,B,A,H,-,C,A,0,Y,,,,Y,,A,07,0,1,0,0,1,0,0,0,0,"- ","- ",32.747860000000003,-116.9884,"SAN DIEGO",UNINCORPORATED,-117.00795072,32.752706320000001
90041268,2015,2015-10-29,9650,2015-10-24,0625,014615,,6,1,9,3700,0,3,5,,2,070,"DEL DIOS HIGHWAY","LUNA DE MIEL",14520.00,E,N,A,-,N,,,,,,,,,,N,3,0,1,2,A,-,08,22107,,F,H,G,A,A,H,-,D,D,0,,Y,,,Y,,-,99,0,1,0,0,0,0,1,0,0,"- ","- ",,,"SAN DIEGO",UNINCORPORATED,-117.13145446,33.045386059999998
90046318,2015,2015-11-06,9680,2015-10-27,1705,018427,,2,2,9,3700,0,2,4,,1,014,"WINTER GARDENS BLVD","WINTER GARDENS DR",0.00,,Y,A,-,N,,,,,,,,,,N,3,0,1,2,A,-,05,21650,,N,H,G,A,A,H,-,A,A,0,,Y,,,Y,,L,04,0,1,0,0,0,0,1,0,0,"- ","- ",32.827910000000003,-116.93348,"SAN DIEGO",UNINCORPORATED,-116.93350006,32.827910119999999
90046726,2015,2015-11-09,9680,2015-10-28,0915,014786,,3,1,9,3700,0,1,1,,2,084,"INTERSTATE 8 (WESTBOUND)","EAST WILLOWS ROAD O/C",2112.00,E,N,B,-,Y,,,8,,,,,,,N,4,0,1,2,A,-,03,22350,,F,G,B,E,A,H,-,A,D,0,Y,,,,Y,,A,01,0,0,1,0,1,0,0,0,0,"- ","- ",32.838149999999999,-116.6735,"SAN DIEGO",UNINCORPORATED,-116.67348857,32.838087420000001
90047289,2015,2015-11-09,9645,2015-09-24,2128,020301,,4,2,9,3700,0,3,5,,2,018,"BONITA RD E/B (3400 BLOCK)","GLEN ABBEY BLVD.",600.00,W,N,A,-,N,,,,,,,,,,Y,2,0,1,3,A,-,03,22350,,N,G,B,E,A,H,-,C,D,0,Y,,,,Y,,D,22,1,0,0,0,1,0,0,0,0,"- ","- ",32.651139999999998,-117.05081,"SAN DIEGO",UNINCORPORATED,-117.05151859999999,32.650750010000003
90047604,2015,2015-11-10,9650,2015-11-07,1315,019227,,6,1,9,3700,0,3,5,,2,211,"COUSER CANYON RD",SR-76,21120.00,S,N,A,-,N,,,,,,,,,,N,3,0,1,1,C,-,18,,,N,H,G,A,A,H,-,A,D,0,,Y,,,Y,,-,"- ",0,1,0,0,0,0,1,0,0,"- ","- ",33.310920000000003,-117.09668000000001,"SAN DIEGO",UNINCORPORATED,-117.09457568000001,33.308702330000003
90048600,2015,2015-11-11,9650,2015-10-29,1739,012835,,4,2,9,3700,0,3,5,,2,070,"VIA DE LA VALLE","VIA DE SANTA FE",0.00,,Y,A,-,N,,,,,,,,,,N,3,0,1,2,A,-,09,21801,A,N,H,G,A,A,H,-,A,D,0,,Y,,,Y,,A,07,0,1,0,0,0,0,1,0,0,"- ","- ",33.015340000000002,-117.19945,"SAN DIEGO",UNINCORPORATED,-117.19927009,33.015310069999998
90050277,2015,2015-11-13,9680,2015-11-01,1645,017621,,7,2,9,3700,0,1,3,,1,090,"SR-67 (MAIN ST.)","MONTECITO RD",270.00,S,N,A,-,Y,,,67,,,,,,,N,3,0,1,2,A,-,09,21804,A,N,H,G,A,A,H,-,A,D,0,,Y,,,Y,,L,04,0,1,0,0,0,0,1,0,0,"- ","- ",33.037239999999997,-116.87739000000001,"SAN DIEGO",UNINCORPORATED,-116.87736940000001,33.037201570000001
90050680,2015,2015-12-03,9680,2015-09-25,2016,019910,,5,2,9,3700,0,2,4,,1,010,"WOODSIDE AVENUE (22100 BLOCK)","WINTER GARDENS BOULEVARD",648.00,E,N,A,-,N,,,,,,,,,,Y,1,1,2,3,A,-,01,23152,A,N,G,B,D,A,H,-,C,D,0,Y,,,,Y,Y,A,01,2,0,0,1,1,0,0,0,0,"- ","- ",32.85633,-116.92897000000001,"SAN DIEGO",UNINCORPORATED,-116.92906431999999,32.856342480000002
90051010,2015,2015-11-16,9650,2015-11-10,0240,018296,,2,3,9,3700,0,1,1,,2,021,"I-15 SB","OLD HIGHWAY 395",10.00,S,N,C,-,Y,,,15,,,,,,S,Y,3,0,1,2,A,-,08,22107,,F,G,B,E,B,H,-,D,D,0,Y,,,,Y,,-,99,0,1,0,0,1,0,0,0,0,"- ","- ",33.2864,-117.14982999999999,"SAN DIEGO",UNINCORPORATED,-117.14977115000001,33.286393420000003
90051852,2015,2015-11-16,9680,2015-11-03,1510,018356,,2,2,9,3700,0,2,4,,1,029,"CAMPO RD","CONRAD DR",491.00,E,N,B,C,N,,,,,,,,,,N,3,0,1,2,A,-,05,21650,,N,H,G,A,B,H,-,A,D,0,,Y,,,Y,,L,04,0,1,0,0,0,0,1,0,0,"- ","- ",32.747950000000003,-116.98591,"SAN DIEGO",UNINCORPORATED,-116.98573879,32.747977069999997
90052946,2015,2015-11-17,9680,2015-11-02,1625,017717,,1,2,9,3700,0,3,5,,2,001,"GREENFIELD DR","LINALDA DR",0.00,,Y,B,-,N,,,,,,,,,,N,3,0,1,2,A,-,21,22106,,N,G,B,E,A,H,-,A,D,0,Y,,,,Y,,D,22,0,1,0,0,1,0,0,0,0,"- ","- ",32.813270000000003,-116.94636,"SAN DIEGO",UNINCORPORATED,-116.94635013,32.813320009999998
90056752,2015,2015-11-23,9650,2015-11-14,1730,019227,,6,2,9,3700,0,1,3,,1,028,SR-76,"S. GRADE RD.",3168.00,W,N,A,-,Y,,,76,,,,,,,N,4,0,1,2,D,-,00,,,N,G,B,E,A,H,-,D,D,0,Y,,,,Y,,-,"- ",0,0,1,0,1,0,0,0,0,"- ","- ",33.298960000000001,-116.90945000000001,"SAN DIEGO",UNINCORPORATED,-116.90949489,33.29890228
90056765,2015,2015-11-23,9650,2015-11-18,1510,017328,,3,2,9,3700,0,3,5,,2,006,"W. CLEMMENS LN.","S. MISSION RD.",0.00,,Y,A,-,N,,,,,,,,,,N,3,0,2,3,A,-,10,21950,A,N,G,B,B,A,H,-,A,A,0,Y,,,,Y,,A,01,0,2,0,0,2,0,0,0,0,"- ","- ",33.369239999999998,-117.25105000000001,"SAN DIEGO",UNINCORPORATED,-117.25104005,33.369330060000003
90058922,2015,2015-11-24,9645,2015-10-14,0850,016542,,3,1,9,3700,0,3,5,,2,018,"JONEL WAY","PROCTOR VALLEY ROAD",0.00,,Y,A,-,N,,,,,,,,,,Y,2,0,1,2,A,-,09,21801,A,N,B,G,A,A,H,-,A,D,0,,Y,,,Y,,D,22,1,0,0,0,0,0,1,0,0,"- ","- ",32.676699999999997,-116.99863000000001,"SAN DIEGO",UNINCORPORATED,-116.99901006,32.67675002
90060149,2015,2015-11-25,9645,2015-10-15,2220,015046,,4,3,7,3711,0,1,1,,2,015,"I-805 NORTHBOUND","NOBEL DRIVE",1584.00,S,N,A,-,Y,,,805,,,,,,N,Y,4,0,1,2,A,-,01,23152,A,F,G,B,E,A,H,-,D,D,0,Y,,,,Y,Y,A,01,0,0,1,0,1,0,0,0,0,"- ","- ",32.867049999999999,-117.19206,"SAN DIEGO","SAN DIEGO",-117.19212704,32.866985870000001
90065422,2015,2015-12-04,9680,2015-11-20,0800,013741,,5,1,9,3700,0,3,5,,2,002,"BLOSSOM LN","SWEETWATER RD",5.00,W,N,A,-,N,,,,,,,,,,N,4,0,1,2,A,-,21,22106,,F,G,B,D,A,H,-,A,A,0,Y,,,,Y,,A,01,0,0,1,0,1,0,0,0,0,"- ","- ",32.724850000000004,-117.01424,"SAN DIEGO",UNINCORPORATED,-117.01410619000001,32.724910440000002
90065863,2015,2015-12-04,9645,2015-11-06,0615,016542,,5,1,7,3711,0,1,1,,2,007,"I-5 N/B","GENESEE AVENUE O/C",200.00,S,N,A,-,Y,,,,,,,,,,N,4,0,1,2,A,-,08,22107,,F,G,B,E,A,D,H,A,D,0,Y,,,,Y,,A,01,0,0,1,0,1,0,0,0,0,"- ","- ",32.536079999999998,-117.13366000000001,"SAN DIEGO","SAN DIEGO",-117.22760552,32.886694089999999
90065909,2015,2015-12-04,9645,2015-11-04,1520,016594,,3,2,9,3700,0,3,5,,2,024,"16055 WINECREEK ROAD","CARMEL VALLEY ROAD",100.00,N,N,A,-,N,,,,,,,,,,N,4,0,1,2,B,-,22,,,N,D,G,A,A,H,-,A,A,0,,Y,,,Y,Y,A,01,0,0,1,0,0,0,1,0,0,"- ","- ",32.999310000000001,-117.11142,"SAN DIEGO",UNINCORPORATED,-117.10967085,32.999004200000002
90066525,2015,2015-12-07,9650,2015-11-29,0605,015758,,7,1,9,3700,0,3,5,,2,190,"RACHEL CIR","EL NORTE PKY",35.00,S,N,A,-,N,,,,,,,,,,N,3,0,1,2,A,-,11,21956,,N,G,B,E,A,H,-,A,D,0,Y,,,,Y,,N,60,0,1,0,0,1,0,0,0,0,"- ","- ",33.147300000000001,-117.1118,"SAN DIEGO",UNINCORPORATED,-117.11295595,33.147528520000002
90068728,2015,2015-12-09,9680,2015-11-22,1040,018279,,7,1,9,3700,0,1,3,,1,051,"STATE ROUTE 79","STATE ROUTE 76",12672.00,S,N,A,-,Y,,,79,,,,,,,N,4,0,1,2,A,-,00,21760,C,N,H,G,A,A,H,-,A,D,0,,Y,,,Y,,D,22,0,0,1,0,0,0,1,0,0,"- ","- ",33.170209999999997,-116.68367000000001,"SAN DIEGO",UNINCORPORATED,-116.68367824000001,33.170205609999996
90069190,2015,2016-02-29,9645,2015-10-23,2239,020867,,5,3,7,3711,0,1,1,,2,009,"I-805 S/B","IMPERIAL AVE.",45.00,S,N,A,-,Y,,,805,,,,,,S,Y,2,0,1,3,A,-,11,21954,A,N,G,B,E,A,H,-,C,D,0,Y,,,,Y,,N,60,1,0,0,0,1,0,0,0,0,"- ","- ",32.703940000000003,-117.0951,"SAN DIEGO","SAN DIEGO",-117.09511079000001,32.703939200000001
90069365,2015,2015-12-10,9650,2015-11-28,1835,015276,,6,2,6,3706,0,1,3,,2,019,"SR-78 W/B","I-15 SOUTHBOUND",2112.00,W,N,A,-,Y,,,78,,,,,,W,N,2,0,1,2,A,-,11,21956,,N,G,B,E,A,H,-,D,D,0,Y,,,,Y,Y,N,60,1,0,0,0,1,0,0,0,0,"- ","- ",33.128770000000003,-117.11351999999999,"SAN DIEGO",ESCONDIDO,-117.11350521999999,33.128801699999997
90069418,2015,2015-12-10,9680,2015-11-22,1055,017996,,7,1,9,3700,0,2,4,,1,021,"WILLOW GLEN DRIVE","SR-54 (JAMACHA ROAD)",150.00,E,N,A,-,N,,,,,,,,,,N,3,0,1,2,A,-,00,21760,C,N,H,G,A,A,H,-,A,D,0,,Y,,,Y,,D,22,0,1,0,0,0,0,1,0,0,"- ","- ",32.744259999999997,-116.92861000000001,"SAN DIEGO",UNINCORPORATED,-116.92904299999999,32.74438
90072647,2015,2015-12-14,9680,2015-12-03,1835,019870,,4,2,9,3700,0,2,4,,1,026,"JAMACHA BLVD","LAMPLIGHTER VILLAGE DR",109.00,N,N,A,-,N,,,,,,,,,,N,3,0,1,2,A,-,11,21954,A,N,G,B,D,A,H,-,C,D,0,Y,,,,Y,Y,N,60,0,1,0,0,1,0,0,0,0,"- ","- ",32.72983,-116.96142,"SAN DIEGO",UNINCORPORATED,-116.96148264,32.729850970000001
90075849,2015,2015-12-17,9645,2015-12-09,0902,013383,,3,1,9,3700,0,3,5,,2,024,"HUNTERS RIDGE RD N/B (17800 BLOCK)","GALENA CANYON RD",0.00,,Y,A,-,N,,,,,,,,,,N,4,0,1,2,A,-,10,21950,A,N,G,B,B,A,H,-,A,A,0,Y,,,,Y,,A,01,0,0,1,0,1,0,0,0,0,"- ","- ",33.038670000000003,-117.11409,"SAN DIEGO",UNINCORPORATED,-117.11404013000001,33.03875008