CASE_ID,ACCIDENT_YEAR,PROC_DATE,JURIS,COLLISION_DATE,COLLISION_TIME,OFFICER_ID,REPORTING_DISTRICT,DAY_OF_WEEK,CHP_SHIFT,POPULATION,CNTY_CITY_LOC,SPECIAL_COND,BEAT_TYPE,CHP_BEAT_TYPE,CITY_DIVISION_LAPD,CHP_BEAT_CLASS,BEAT_NUMBER,PRIMARY_RD,SECONDARY_RD,DISTANCE,DIRECTION,INTERSECTION,WEATHER_1,WEATHER_2,STATE_HWY_IND,CALTRANS_COUNTY,CALTRANS_DISTRICT,STATE_ROUTE,ROUTE_SUFFIX,POSTMILE_PREFIX,POSTMILE,LOCATION_TYPE,RAMP_INTERSECTION,SIDE_OF_HWY,TOW_AWAY,COLLISION_SEVERITY,NUMBER_KILLED,NUMBER_INJURED,PARTY_COUNT,PRIMARY_COLL_FACTOR,PCF_CODE_OF_VIOL,PCF_VIOL_CATEGORY,PCF_VIOLATION,PCF_VIOL_SUBSECTION,HIT_AND_RUN,TYPE_OF_COLLISION,MVIW,PED_ACTION,ROAD_SURFACE,ROAD_COND_1,ROAD_COND_2,LIGHTING,CONTROL_DEVICE,CHP_ROAD_TYPE,PEDESTRIAN_ACCIDENT,BICYCLE_ACCIDENT,MOTORCYCLE_ACCIDENT,TRUCK_ACCIDENT,NOT_PRIVATE_PROPERTY,ALCOHOL_INVOLVED,STWD_VEHTYPE_AT_FAULT,CHP_VEHTYPE_AT_FAULT,COUNT_SEVERE_INJ,COUNT_VISIBLE_INJ,COUNT_COMPLAINT_PAIN,COUNT_PED_KILLED,COUNT_PED_INJURED,COUNT_BICYCLIST_KILLED,COUNT_BICYCLIST_INJURED,COUNT_MC_KILLED,COUNT_MC_INJURED,PRIMARY_RAMP,SECONDARY_RAMP,LATITUDE,LONGITUDE,COUNTY,CITY,POINT_X,POINT_Y
90078380,2015,2015-12-18,9680,2015-12-07,1850,018801,,1,2,9,3700,0,1,3,,1,040,SR-188,"US. INT. BORDER",240.00,N,N,A,-,Y,,,188,,,,,,,N,2,0,1,2,A,-,11,21950,B,N,G,B,C,A,H,-,C,A,0,Y,,,,Y,,N,60,1,0,0,0,1,0,0,0,0,"- ","- ",32.576279999999997,-116.62754,"SAN DIEGO",UNINCORPORATED,-116.62747208,32.576298090000002
90079515,2015,2015-12-21,9680,2015-12-08,1725,018801,,2,2,9,3700,0,2,4,,1,029,"CAMPO ROAD","CONRAD DR",515.00,E,N,B,-,N,,,,,,,,,,Y,2,0,1,2,A,-,11,21956,A,N,G,B,E,A,H,-,C,D,0,Y,,,,Y,,N,60,1,0,0,0,1,0,0,0,0,"- ","- ",32.748100000000001,-116.98594,"SAN DIEGO",UNINCORPORATED,-116.98566101999999,32.747976440000002
90080482,2015,2015-12-22,9680,2015-12-10,1540,019910,,4,2,9,3700,0,2,4,,1,025,"SWEETWATER RD","TYLER ST",0.00,,Y,A,-,N,,,,,,,,,,N,4,0,1,2,A,-,10,21950,A,N,G,B,B,A,H,-,A,A,0,Y,,,,Y,,A,01,0,0,1,0,1,0,0,0,0,"- ","- ",32.730289999999997,-117.01451,"SAN DIEGO",UNINCORPORATED,-117.01450011999999,32.730370069999999
90080612,2015,2015-12-23,9645,2015-11-25,1917,017025,,3,2,7,3711,0,1,3,,2,023,"SR-163 S/B","FRIARS RD. O/C",1584.00,N,N,B,-,Y,,,,,,,,,,Y,2,0,1,3,A,-,11,21954,A,N,G,B,E,A,H,-,D,D,0,Y,,,,Y,Y,N,60,1,0,0,0,1,0,0,0,0,"- ","- ",32.774259999999998,-117.16484,"SAN DIEGO","SAN DIEGO",-117.16192782,32.775772279999998
90081381,2015,2015-12-23,9650,2015-12-15,1457,016121,,2,2,5,3713,0,1,3,,2,017,"SR-78 W/B","SYCAMORE AVE",3.00,W,N,A,-,Y,,,78,,,,,,W,N,4,0,1,2,A,-,05,21650,,N,D,G,A,A,H,-,A,A,0,,Y,,,Y,,L,04,0,0,1,0,0,0,1,0,0,"- ","- ",33.167850000000001,-117.21427,"SAN DIEGO",VISTA,-117.21482745,33.167359189999999
90081906,2015,2016-03-03,9680,2015-12-09,1255,016822,,3,1,9,3700,0,1,3,,1,090,"SR-67 (MAIN STREET)","DAY STREET",0.00,,Y,A,-,Y,,,67,,,,,,,N,1,1,0,3,A,-,10,21950,A,N,G,B,D,A,H,-,A,A,0,Y,,,,Y,,A,07,0,0,0,1,0,0,0,0,0,"- ","- ",33.035339999999998,-116.88066999999999,"SAN DIEGO",UNINCORPORATED,-116.88055174,33.035189019999997
90084232,2015,2015-12-29,9680,2015-12-16,1515,019870,,3,2,9,3700,0,3,5,,2,001,"PEPPER DR","ORANGE GROVE RD",16.00,E,N,A,-,N,,,,,,,,,,N,4,0,1,2,A,-,11,21954,A,N,G,B,E,A,H,-,A,D,0,Y,,,,Y,,N,60,0,0,1,0,1,0,0,0,0,"- ","- ",32.82423,-116.95095999999999,"SAN DIEGO",UNINCORPORATED,-116.95115665,32.824445910000001
90085022,2015,2015-12-30,9650,2015-12-14,2040,015446,,1,2,9,3700,0,3,5,,2,191,"COUNTRY CLUB DRIVE","SURREY LANE",100.00,S,N,A,-,N,,,,,,,,,,N,4,0,1,2,A,-,03,22350,,N,G,B,E,A,H,-,C,D,0,Y,,,,Y,Y,A,01,0,0,1,0,1,0,0,0,0,"- ","- ",33.119039999999998,-117.12738,"SAN DIEGO",UNINCORPORATED,-117.12742711999999,33.11904629
90085729,2015,2015-12-30,9680,2015-12-16,0735,017996,,3,1,9,3700,0,2,4,,1,029,"CAMPO ROAD","CONRAD DRIVE",11.00,E,N,A,-,N,,,,,,,,,,N,4,0,1,2,A,-,10,21950,A,F,G,B,B,A,H,-,A,A,0,Y,,,,Y,,A,01,0,0,1,0,1,0,0,0,0,"- ","- ",32.747929999999997,-116.9872,"SAN DIEGO",UNINCORPORATED,-116.98729435,32.747989709999999
90086733,2015,2016-01-01,9650,2015-12-28,0830,014615,,1,1,5,3713,0,1,3,,2,017,"SR-78 W/B TO VISTA VILLAGE DRIVE","VISTA VILLAGE DR",5.00,E,N,A,-,Y,,,,,,,,,,N,4,0,1,2,A,-,05,21202,A,N,H,G,A,A,H,-,A,A,0,,Y,,,Y,,L,04,0,0,1,0,0,0,1,0,0,"- ","- ",,,"SAN DIEGO",VISTA,-117.25008398999999,33.194947470000002
90087918,2016,2016-01-05,9650,2016-01-01,0055,018675,,5,3,9,3700,0,3,5,,1,160,"E. VISTA WAY","HUTCHISON ST",404.00,N,N,A,-,N,,,,,,,,,,Y,2,0,1,2,A,-,11,21956,,N,G,B,E,A,H,-,D,D,0,Y,,,,Y,Y,N,60,1,0,0,0,1,0,0,0,0,"- ","- ",33.251750000000001,-117.23119,"SAN DIEGO",UNINCORPORATED,-117.23115946,33.251647609999999
90087922,2016,2016-01-05,9650,2016-01-01,0056,018675,,5,3,9,3700,0,3,5,,1,160,"E. VISTA WAY","HUTCHISON ST",411.00,N,N,A,-,N,,,,,,,,,,N,2,0,1,2,A,-,03,22350,,F,G,B,E,A,H,-,D,D,0,Y,,,,Y,Y,A,07,1,0,0,0,1,0,0,0,0,"- ","- ",33.251750000000001,-117.23119,"SAN DIEGO",UNINCORPORATED,-117.23117053999999,33.25166437
90090813,2015,2016-01-07,9680,2015-11-29,1655,018427,,7,2,9,3700,0,2,4,,1,010,"WOODSIDE AVE","RIVERVIEW AVE",0.00,,Y,A,-,N,,,,,,,,,,Y,1,1,1,2,A,-,01,23152,E,N,G,B,F,A,D,-,C,A,0,Y,,,,Y,,A,07,0,1,0,1,0,0,0,0,0,"- ","- ",32.855159999999998,-116.93714,"SAN DIEGO",UNINCORPORATED,-116.93706011,32.855270099999998
90091552,2015,2016-01-08,9680,2015-12-30,2210,020343,,3,3,9,3700,0,2,4,,1,021,"DEHESA RD","VISTA DE LA MONTANA",520.00,E,N,A,-,N,,,,,,,,,,N,3,0,1,2,A,-,11,21956,,N,G,B,E,A,H,-,D,D,0,Y,,,,Y,Y,N,60,0,1,0,0,1,0,0,0,0,"- ","- ",32.790219999999998,-116.84166999999999,"SAN DIEGO",UNINCORPORATED,-116.83805433000001,32.790219290000003
90093895,2016,2016-01-12,9650,2016-01-08,0720,013696,,5,1,9,3700,0,3,5,,2,006,"MCDONALD RD","PALOMINO RD",1056.00,N,N,A,-,N,,,,,,,,,,N,4,0,1,2,A,-,08,22107,,N,H,G,A,B,H,-,A,D,0,,Y,,,Y,,L,04,0,0,1,0,0,0,1,0,0,"- ","- ",33.368400000000001,-117.23639,"SAN DIEGO",UNINCORPORATED,-117.23631302,33.368482829999998
90094494,2015,2016-01-13,9680,2015-10-20,0012,019555,,2,3,9,3700,0,2,4,,1,026,"JAMACHA BOULEVARD","GRAND AVE",10.00,W,N,A,-,N,,,,,,,,,,N,1,1,0,2,A,-,11,21950,B,N,G,B,B,A,H,-,C,A,0,Y,,,,Y,,N,60,0,0,0,1,0,0,0,0,0,"- ","- ",32.708089999999999,-116.99758,"SAN DIEGO",UNINCORPORATED,-116.99754238,32.70785077
90095596,2016,2016-01-14,9680,2016-01-08,1730,017928,,5,2,9,3700,0,3,5,,2,009,"16TH ST",SR-67,365.00,N,N,A,-,N,,,,,,,,,,N,2,0,1,2,A,-,11,21954,A,N,G,B,D,A,H,-,D,D,0,Y,,,,Y,,N,60,1,0,0,0,1,0,0,0,0,"- ","- ",33.037660000000002,-116.87873,"SAN DIEGO",UNINCORPORATED,-116.87873,33.037660000000002
90099314,2015,2016-03-01,9650,2015-11-17,1821,017263,,2,2,6,3710,0,1,3,,2,015,"SR-78 W/B","JEFFERSON ST",2112.00,W,N,A,-,Y,,,78,,,,,,W,Y,1,1,0,3,A,-,07,21658,A,F,G,B,E,A,H,-,D,D,0,Y,,,,Y,,A,01,0,0,0,1,0,0,0,0,0,"- ","- ",33.180399999999999,-117.34538999999999,"SAN DIEGO",OCEANSIDE,-117.34543182,33.180512999999998
90102711,2016,2016-01-26,9680,2016-01-02,1755,019870,,6,2,9,3700,0,3,5,,2,001,"JAMACHA RD","GILLESPIE DR",16.00,E,N,A,-,N,,,,,,,,,,N,3,0,1,2,A,-,10,21950,A,F,G,B,D,A,H,-,C,D,0,Y,,,,Y,,D,22,0,1,0,0,1,0,0,0,0,"- ","- ",32.714680000000001,-117.00740999999999,"SAN DIEGO",UNINCORPORATED,-117.00739815999999,32.71481034
90103389,2016,2016-01-27,9650,2016-01-18,0645,015273,,1,1,9,3700,0,3,5,,2,150,"E. VISTA WAY (2900 BLOCK)","GOPHER CANYON ROAD",189.00,N,N,A,-,N,,,,,,,,,,N,3,0,1,2,A,-,11,21954,A,N,G,B,D,A,H,-,A,D,0,Y,,,,Y,,N,60,0,1,0,0,1,0,0,0,0,"- ","- ",33.247630000000001,-117.2834,"SAN DIEGO",UNINCORPORATED,-117.22827540999999,33.247514799999998
90104802,2016,2016-01-28,9645,2016-01-22,2111,018871,,5,2,7,3711,0,1,3,,2,023,"SR-163 N/B TO FRIARS ROAD",SR-163,150.00,E,N,A,-,Y,,,163,,,,R,,N,N,2,0,1,2,A,-,11,21954,A,F,G,B,D,A,H,-,C,A,0,Y,,,,Y,Y,N,60,1,0,0,0,1,0,0,0,0,"- ","- ",32.771700000000003,-117.16,"SAN DIEGO","SAN DIEGO",-117.16,32.771700000000003
90105083,2016,2016-01-28,9680,2016-01-14,1840,015619,,4,2,5,3705,0,3,5,,2,001,"GREENFIELD DR.","GRAVES AVE",25.00,E,N,A,-,N,,,,,,,,,,N,4,0,1,2,A,-,03,22350,,N,G,B,D,A,H,-,C,D,0,Y,,,,Y,,A,07,0,0,1,0,1,0,0,0,0,"- ","- ",32.81335,-116.96133,"SAN DIEGO","EL CAJON",-116.96129903000001,32.813286480000002
90106560,2016,2016-02-01,9645,2016-01-16,1820,017678,,6,2,7,3711,0,1,1,,2,009,"I-805 S/B TO BONITA RD.","BONITA RD.",8.00,N,N,A,-,Y,,,,,,,,,,N,4,0,1,2,A,-,10,21950,A,N,G,B,C,A,H,-,C,A,0,Y,,,,Y,,A,01,0,0,1,0,1,0,0,0,0,"- ","- ",32.648159999999997,-117.063,"SAN DIEGO","SAN DIEGO",,
90107857,2016,2016-02-02,9650,2016-01-19,1930,018321,,2,2,9,3700,0,2,4,,2,061,"E. MISSION RD","IOWA ST",0.00,,Y,A,-,N,,,,,,,,,,N,4,0,1,2,A,-,10,21950,A,F,G,B,B,A,H,-,C,D,0,Y,,,,Y,,D,22,0,0,1,0,1,0,0,0,0,"- ","- ",33.384650000000001,-117.24800999999999,"SAN DIEGO",UNINCORPORATED,-117.24808013000001,33.384600120000002
90109007,2016,2016-02-04,9645,2016-01-16,0445,019410,,6,3,7,3711,0,1,1,,2,021,"SR-15 N/B","I-805 O/C",1100.00,S,N,B,-,Y,,,15,,,,,,N,N,3,0,1,2,A,-,11,21954,A,N,G,B,E,B,H,-,C,D,0,Y,,,,Y,Y,N,60,0,1,0,0,1,0,0,0,0,"- ","- ",32.729649999999999,-117.1116,"SAN DIEGO","SAN DIEGO",-117.11160696,32.729650589999999
90109302,2016,2016-02-04,9680,2016-01-29,1305,018979,,5,1,9,3700,0,3,5,,2,002,"DEHESA RD","HARBISON CANYON RD",64.00,S,N,A,-,N,,,,,,,,,,N,4,0,1,2,A,-,03,22350,,F,B,G,A,A,H,-,A,D,0,,Y,,,Y,,A,01,0,0,1,0,0,0,1,0,0,"- ","- ",32.789999999999999,-116.84553,"SAN DIEGO",UNINCORPORATED,-116.84547377,32.789891310000002
90110471,2016,2016-02-08,9645,2016-01-29,0710,013383,,5,1,9,3700,0,3,5,,2,024,"E/B CAMINO DEL NORTE","4S RANCH PKWY",5.00,W,N,A,-,N,,,,,,,,,,N,4,0,1,2,A,-,10,21950,,F,G,B,B,A,H,-,A,A,0,Y,,,,Y,,A,01,0,0,1,0,1,0,0,0,0,"- ","- ",33.018219999999999,-117.11543,"SAN DIEGO",UNINCORPORATED,-117.11543,33.018219999999999
90110869,2016,2016-02-08,9680,2016-01-26,1728,019490,,2,2,9,3700,0,2,4,,1,021,"CUYAMACA COLLEGE DR  W","SR-54 W/B (JAMACHA ROAD)",172.00,N,N,A,-,N,,,,,,,,,,N,4,0,1,2,A,-,03,22350,,F,G,B,D,A,H,-,A,D,0,Y,,,,Y,,A,07,0,0,1,0,1,0,0,0,0,"- ","- ",32.741379999999999,-116.93921,"SAN DIEGO",UNINCORPORATED,-116.939223,32.741370000000003
90113213,2016,2016-02-11,9650,2016-02-01,1440,016485,,1,2,5,3701,0,1,1,,2,005,"I-5 N/B TO CARLSBAD VILLAGE DR","CARLSBAD VILLAGE DR",2.00,S,N,A,-,Y,,,5,,,,R,,N,N,2,0,1,2,A,-,10,21950,A,N,G,B,B,A,H,-,A,A,0,Y,,,,Y,,D,22,1,0,0,0,1,0,0,0,0,"- ","- ",33.16348,-117.34172,"SAN DIEGO",CARLSBAD,-117.34172,33.16348
90115645,2016,2016-02-16,9650,2016-01-31,0436,015868,,7,3,5,3782,0,1,1,,2,007,"INTERSTATE 5 (S/B)","BIRMINGHAM DR",660.00,N,N,B,-,Y,,,5,,,,,,,Y,2,0,2,3,A,-,03,22350,,N,G,B,E,A,H,-,D,D,0,Y,,,,Y,,A,01,1,0,1,0,1,0,0,0,0,"- ","- ",33.02778,-117.276,"SAN DIEGO",ENCINITAS,-117.27594782,33.027815080000003
90116604,2016,2016-02-17,9645,2016-01-29,2322,019712,,5,3,7,3711,0,1,3,,2,023,"SR-163 N/B","I-8 O/C",1271.00,S,N,A,-,Y,,,163,,,,,,N,N,4,0,1,2,A,-,11,21954,A,N,G,B,E,A,H,-,D,D,0,Y,,,,Y,,N,60,0,0,1,0,1,0,0,0,0,"- ","- ",32.759650000000001,-117.16221,"SAN DIEGO","SAN DIEGO",-117.16224346,32.759617040000002
90118250,2016,2016-02-18,9680,2016-02-04,0750,013741,,4,1,9,3700,0,2,4,,1,025,"SWEETWATER RD","BLOSSOM LN",0.00,,Y,A,-,N,,,,,,,,,,N,4,0,1,2,A,-,05,21202,A,N,G,G,A,A,H,-,A,A,0,,Y,,,Y,,L,04,0,0,1,0,0,0,1,0,0,"- ","- ",32.724809999999998,-117.01419,"SAN DIEGO",UNINCORPORATED,-117.01409006,32.724910080000001
90119664,2016,2016-02-22,9680,2016-02-08,1720,019870,,1,2,9,3700,0,3,5,,2,002,"GALOPAGO ST","APPLE ST",528.00,S,N,A,-,N,,,,,,,,,,N,4,0,1,2,A,-,03,22350,,N,G,B,F,A,H,-,A,D,0,Y,,,,Y,,D,22,0,0,1,0,1,0,0,0,0,"- ","- ",32.713320000000003,-116.99044000000001,"SAN DIEGO",UNINCORPORATED,-116.99037705000001,32.71338428
90122288,2016,2016-02-23,9645,2016-01-22,0555,017498,,5,3,7,3711,0,1,3,,2,002,"SR-905 NORTHBOUND TO I-5 NORTHBOUND","HOWARD AVE U/C",589.00,N,N,E,-,Y,,,,,,,,,,N,1,1,0,2,A,-,11,21954,A,N,G,B,E,A,H,-,C,D,0,Y,,,,Y,,N,60,0,0,0,1,0,0,0,0,0,"- ","- ",32.567540000000001,-117.06849,"SAN DIEGO","SAN DIEGO",-117.06491681,32.568424479999997
90122296,2016,2016-02-23,9680,2016-02-09,1235,017996,,2,1,9,3700,0,3,5,,2,002,"ELKELTON BOULEVARD","PARADISE VALLEY ROAD",3.00,N,N,A,-,N,,,,,,,,,,N,2,0,1,2,A,-,11,21954,A,N,G,B,D,A,H,-,A,A,0,Y,,,,Y,,N,60,1,0,0,0,1,0,0,0,0,"- ","- ",32.702640000000002,-117.01281,"SAN DIEGO",UNINCORPORATED,-117.01259824,32.702674360000003
90123197,2016,2016-02-24,9680,2016-02-13,1520,019870,,6,2,9,3700,0,3,5,,2,002,"PARADISE VALLEY RD","WORTHINGTON ST",528.00,E,N,A,-,N,,,,,,,,,,N,4,0,1,2,A,-,11,21954,A,N,G,B,D,A,H,-,A,D,0,Y,,,,Y,,N,60,0,0,1,0,1,0,0,0,0,"- ","- ",32.698210000000003,-117.01711,"SAN DIEGO",UNINCORPORATED,-117.01720456,32.69823495
90123263,2016,2016-03-28,9680,2016-02-13,0015,020738,,6,3,9,3700,0,3,5,,2,002,"CAMPO RD.","CAMINO PAZ",0.00,,Y,A,-,N,,,,,,,,,,N,3,0,1,2,A,-,09,21801,A,N,D,G,A,A,H,-,D,D,0,,Y,,,Y,,D,22,0,1,0,0,0,0,1,0,0,"- ","- ",32.750970000000002,-116.99944000000001,"SAN DIEGO",UNINCORPORATED,-116.9995201,32.75095005
90124608,2016,2016-02-26,9645,2016-02-24,1310,013393,,3,1,7,3711,0,1,1,,2,007,"I-5 N/B TO GENESEE AVE","GENESEE AVE",100.00,S,N,A,-,Y,,,,,,,,,,N,4,0,1,2,A,-,03,22350,,F,G,B,E,A,D,-,A,A,0,Y,,,,Y,,A,07,0,0,1,0,1,0,0,0,0,"- ","- ",32.531100000000002,-117.1337,"SAN DIEGO","SAN DIEGO",-117.22757776,32.886967040000002
90124838,2016,2016-02-29,9645,2016-01-26,0002,020301,,2,3,7,3711,0,1,1,,2,010,"I-5 S/B TO ROSECRANS ST.","FRIARS RD",120.00,S,N,A,-,Y,,,5,,,,R,,S,N,2,0,1,2,A,-,08,22107,,N,G,G,A,A,H,-,D,D,0,,Y,,,Y,Y,L,04,1,0,0,0,0,0,1,0,0,"- ","- ",32.760460000000002,-117.20529999999999,"SAN DIEGO","SAN DIEGO",-117.20529999999999,32.760460000000002
90125585,2016,2016-02-29,9680,2016-02-17,1600,016981,,3,2,9,3700,0,2,4,,1,014,"WINTER GARDENS BLVD","PEPPER DR",538.00,N,N,A,-,N,,,,,,,,,,N,3,0,1,2,A,-,21,22106,,F,G,B,F,A,H,-,A,D,0,Y,,,,Y,,-,99,0,1,0,0,1,0,0,0,0,"- ","- ",32.822220000000002,-116.93373,"SAN DIEGO",UNINCORPORATED,-116.933615,32.822028019999998
90126393,2016,2016-03-01,9680,2016-01-23,1805,020343,,6,2,9,3700,0,2,4,,1,026,"JAMACHA BOULEVARD","SAN MIGUEL ST",113.00,E,N,B,-,N,,,,,,,,,,N,1,1,0,2,D,-,00,,,N,H,G,A,A,H,-,C,A,0,,Y,,,Y,,-,"- ",0,0,0,0,0,1,0,0,0,"- ","- ",32.707920000000001,-116.98927,"SAN DIEGO",UNINCORPORATED,-116.98963426,32.707787170000003
90127624,2015,2016-03-02,9645,2015-12-03,2157,020857,,4,2,7,3711,0,1,1,,2,003,"I-5 S/B TO SR-94 E/B","22ND STREET OVER-CROSSING (O/C)",585.00,W,N,A,-,Y,,,5,,,,R,,S,Y,1,2,0,3,A,-,11,21954,A,N,G,B,E,A,H,-,E,D,0,Y,,Y,,Y,Y,N,60,0,0,0,1,0,0,0,1,0,"- ","- ",32.713450000000002,-117.1465,"SAN DIEGO","SAN DIEGO",-117.1465,32.713450000000002
90127995,2016,2016-03-02,9680,2016-02-20,0858,015008,,6,1,9,3700,0,2,4,,1,096,"HIGHLAND VALLEY RD","ARCHIE MOORE RD",8448.00,N,N,A,-,N,,,,,,,,,,N,2,0,1,2,A,-,05,21460,A,N,H,G,A,A,H,-,A,D,0,,Y,,,Y,,L,04,1,0,0,0,0,0,1,0,0,"- ","- ",33.036459999999998,-116.97354,"SAN DIEGO",UNINCORPORATED,-116.97292847999999,33.036412089999999
90129698,2015,2016-03-04,9645,2015-10-28,0145,017671,,3,3,7,3711,0,1,1,,2,021,"STATE ROUTE 15 SOUTHBOUND","STATE ROUTE 94",3455.00,N,N,A,-,Y,,,15,,,,,,S,N,1,1,0,2,A,-,11,21954,A,F,G,B,D,A,H,-,D,D,0,Y,,,,Y,,N,60,0,0,0,1,0,0,0,0,0,"- ","- ",32.725749999999998,-117.11396000000001,"SAN DIEGO","SAN DIEGO",-117.11388416,32.725697930000003
90132056,2016,2016-03-08,9645,2016-01-07,2232,018987,,4,3,7,3711,0,1,1,,2,005,"I-5 NORTHBOUND","OLD TOWN AVE O/C",948.00,N,N,A,-,Y,,,5,,,,,,N,Y,1,1,0,2,A,-,11,21954,A,N,G,B,E,B,H,-,D,D,0,Y,,,,Y,,N,60,0,0,0,1,0,0,0,0,0,"- ","- ",32.749890000000001,-117.19595,"SAN DIEGO","SAN DIEGO",-117.19592876,32.749910700000001
90132076,2016,2016-03-08,9650,2016-02-24,1000,013452,,3,1,9,3700,0,3,5,,2,006,"S. MAIN AVENUE","W. AVIATION ROAD",0.00,,Y,A,-,N,,,,,,,,,,N,4,0,1,2,A,-,10,21950,A,N,G,B,B,A,D,-,A,A,0,Y,,,,Y,,A,07,0,0,1,0,1,0,0,0,0,"- ","- ",33.373980000000003,-117.25141000000001,"SAN DIEGO",UNINCORPORATED,-117.25148011,33.373920079999998
90132629,2016,2016-03-09,9680,2016-02-27,1505,019870,,6,2,9,3700,0,3,5,,2,002,"VIA CORDOBA","VIA LAMPERA",0.00,,Y,A,-,N,,,,,,,,,,N,4,0,1,2,A,-,12,22450,,N,H,G,A,A,H,-,A,D,0,,Y,,,Y,,L,04,0,0,1,0,0,0,1,0,0,"- ","- ",32.728000000000002,-116.96129999999999,"SAN DIEGO",UNINCORPORATED,-116.96141000999999,32.728280089999998
90133253,2015,2016-03-10,9645,2015-11-27,0131,020474,,5,3,9,3700,0,1,1,,2,009,"INTERSTATE 805 SOUTHBOUND","SR-54 E/B TO I-805 S/B O/C",378.00,S,N,B,C,Y,,,805,,,,,,S,Y,1,2,0,4,A,-,03,22350,,N,G,B,E,B,H,-,D,D,0,Y,,,,Y,Y,A,01,0,0,0,2,0,0,0,0,0,"- ","- ",32.655700000000003,-117.07245,"SAN DIEGO",UNINCORPORATED,-117.07240929,32.655737559999999
90134066,2015,2016-03-10,9645,2015-12-15,0530,016047,,2,3,5,3709,0,1,1,,2,001,"INTERSTATE 5 SOUTHBOUND","MILE OF CARS WAY",345.00,N,N,A,-,Y,,,5,,,,,,S,Y,1,1,0,3,A,-,03,22350,,F,G,B,E,A,H,-,D,D,0,Y,,,,Y,,A,01,0,0,0,1,0,0,0,0,0,"- ","- ",32.660890000000002,-117.10847,"SAN DIEGO","NATIONAL CITY",-117.10853637,32.660863390000003
90134273,2016,2016-03-11,9650,2016-02-27,1540,017328,,6,2,9,3700,0,3,5,,2,006,"W. ALVARADO ST.","S. MISSION AVE.",0.00,,Y,A,-,N,,,,,,,,,,N,4,0,1,2,A,-,10,21950,A,N,G,B,B,A,H,-,A,A,0,Y,,,,Y,,A,01,0,0,1,0,1,0,0,0,0,"- ","- ",33.382060000000003,-117.25372,"SAN DIEGO",UNINCORPORATED,-117.2535601,33.382070069999997
90134976,2015,2016-03-24,9645,2015-12-24,2130,020737,,4,2,7,3711,0,1,3,,2,023,"STATE ROUTE 163 SOUTHBOUND","INTERSTATE 8",1658.00,S,N,B,-,Y,,,163,,,,,,S,Y,1,1,0,2,A,-,11,21954,A,N,G,B,E,B,H,-,D,D,0,Y,,,,Y,,N,60,0,0,0,1,0,0,0,0,0,"- ","- ",32.758290000000002,-117.16092,"SAN DIEGO","SAN DIEGO",-117.16097668,32.758225940000003
90136374,2015,2016-03-14,9650,2015-10-02,2210,017056,,5,3,9,3700,0,3,5,,2,170,"S. SANTA FE AVE.","PALMYRA DR",192.00,N,N,A,-,N,,,,,,,,,,Y,2,0,1,2,A,-,11,21954,A,F,G,B,D,A,H,-,C,D,0,Y,,,,Y,Y,N,60,1,0,0,0,1,0,0,0,0,"- ","- ",33.171439999999997,-117.2073,"SAN DIEGO",UNINCORPORATED,-117.20721134,33.17134076
90139190,2016,2016-03-18,9650,2016-02-29,1850,018386,,1,2,9,3700,0,1,1,,2,007,"I-5 S/B FROM BIRMINGHAM DR.","BIRMINGHAM DR",5.00,S,N,A,B,Y,,,,,,,,,,N,3,0,1,2,A,-,05,21651,A,N,G,B,D,A,H,-,C,D,0,Y,,,,Y,,A,07,0,1,0,0,1,0,0,0,0,"- ","- ",33.026119999999999,-117.27553,"SAN DIEGO",UNINCORPORATED,,
90140634,2015,2016-03-21,9650,2015-10-02,2211,017056,,5,3,9,3700,0,3,5,,2,170,"S. SANTA FE AVE.","PALMYRA DR",145.00,N,N,A,-,N,,,,,,,,,,N,1,1,0,2,A,-,03,22350,,F,G,B,D,A,H,-,C,D,0,Y,,,,Y,Y,A,01,0,0,0,1,0,0,0,0,0,"- ","- ",33.171439999999997,-117.2073,"SAN DIEGO",UNINCORPORATED,-117.2071645,33.171218179999997
90141585,2016,2016-04-14,9645,2016-02-26,0738,017498,,5,1,6,3702,1,1,1,,2,001,"CONNOLEY AVENUE","TAMARINDO WAY",123.00,N,N,A,-,N,,,,,,,,,,N,4,0,1,2,D,-,00,,,N,G,B,E,A,H,-,A,D,0,Y,,,,Y,,-,"- ",0,0,1,0,1,0,0,0,0,"- ","- ",32.775480000000002,-117.12424,"SAN DIEGO","CHULA VISTA",-117.05549929,32.599136809999997