CASE_ID,ACCIDENT_YEAR,PROC_DATE,JURIS,COLLISION_DATE,COLLISION_TIME,OFFICER_ID,REPORTING_DISTRICT,DAY_OF_WEEK,CHP_SHIFT,POPULATION,CNTY_CITY_LOC,SPECIAL_COND,BEAT_TYPE,CHP_BEAT_TYPE,CITY_DIVISION_LAPD,CHP_BEAT_CLASS,BEAT_NUMBER,PRIMARY_RD,SECONDARY_RD,DISTANCE,DIRECTION,INTERSECTION,WEATHER_1,WEATHER_2,STATE_HWY_IND,CALTRANS_COUNTY,CALTRANS_DISTRICT,STATE_ROUTE,ROUTE_SUFFIX,POSTMILE_PREFIX,POSTMILE,LOCATION_TYPE,RAMP_INTERSECTION,SIDE_OF_HWY,TOW_AWAY,COLLISION_SEVERITY,NUMBER_KILLED,NUMBER_INJURED,PARTY_COUNT,PRIMARY_COLL_FACTOR,PCF_CODE_OF_VIOL,PCF_VIOL_CATEGORY,PCF_VIOLATION,PCF_VIOL_SUBSECTION,HIT_AND_RUN,TYPE_OF_COLLISION,MVIW,PED_ACTION,ROAD_SURFACE,ROAD_COND_1,ROAD_COND_2,LIGHTING,CONTROL_DEVICE,CHP_ROAD_TYPE,PEDESTRIAN_ACCIDENT,BICYCLE_ACCIDENT,MOTORCYCLE_ACCIDENT,TRUCK_ACCIDENT,NOT_PRIVATE_PROPERTY,ALCOHOL_INVOLVED,STWD_VEHTYPE_AT_FAULT,CHP_VEHTYPE_AT_FAULT,COUNT_SEVERE_INJ,COUNT_VISIBLE_INJ,COUNT_COMPLAINT_PAIN,COUNT_PED_KILLED,COUNT_PED_INJURED,COUNT_BICYCLIST_KILLED,COUNT_BICYCLIST_INJURED,COUNT_MC_KILLED,COUNT_MC_INJURED,PRIMARY_RAMP,SECONDARY_RAMP,LATITUDE,LONGITUDE,COUNTY,CITY,POINT_X,POINT_Y
90218872,2016,2016-07-08,9680,2016-06-27,1857,020738,,1,2,9,3700,0,3,5,,2,002,"WIEGHORST WAY","CALLE SIMPSON",240.00,W,N,A,-,N,,,,,,,,,,N,3,0,1,2,A,-,08,22107,,F,H,G,A,A,H,-,A,D,0,,Y,,,Y,,D,22,0,1,0,0,0,0,1,0,0,"- ","- ",32.753039999999999,-116.93964,"SAN DIEGO",UNINCORPORATED,-116.93960597,32.752964030000001
90219999,2016,2016-07-11,9680,2016-06-28,0838,017992,,2,1,9,3700,0,3,5,,2,002,"TROY ST","SWEETWATER RD",480.00,E,N,A,-,N,,,,,,,,,,N,2,0,1,2,A,-,11,21954,A,N,G,B,E,A,H,-,A,D,0,Y,,,,Y,,N,60,1,0,0,0,1,0,0,0,0,"- ","- ",32.736829999999998,-117.01259,"SAN DIEGO",UNINCORPORATED,-117.01291451,32.736680010000001
90221086,2016,2016-07-12,9680,2016-06-29,1720,017928,,3,2,9,3700,0,3,5,,2,009,"14TH ST.",SR-67,160.00,S,N,A,-,Y,,,,,,,,,,N,4,0,1,2,A,-,11,21954,A,N,G,B,D,A,H,-,A,D,0,Y,,,,Y,,N,60,0,0,1,0,1,0,0,0,0,"- ","- ",33.038139999999999,-116.87430000000001,"SAN DIEGO",UNINCORPORATED,,
90226916,2016,2016-07-20,9680,2016-07-05,1755,016598,,2,2,9,3700,0,3,5,,2,001,"EMERALD GROVE AVE","RIVERVIEW AVENUE",30.00,S,N,A,-,N,,,,,,,,,,N,3,0,1,2,D,-,00,,,M,G,B,E,A,H,-,A,D,0,Y,,,,Y,,-,"- ",0,1,0,0,1,0,0,0,0,"- ","- ",32.844070000000002,-116.93846000000001,"SAN DIEGO",UNINCORPORATED,-116.93844127,32.844247850000002
90231060,2016,2016-07-27,9645,2016-07-08,0001,019010,,5,3,7,3711,0,1,3,,2,023,"SR-163 NORTHBOUND","FRIARS RD.",1500.00,N,N,A,-,Y,,,163,,,,,,N,Y,3,0,1,2,A,-,11,21954,A,N,G,B,E,A,H,-,C,D,0,Y,,,,Y,,N,60,0,1,0,0,1,0,0,0,0,"- ","- ",32.77214,-117.161,"SAN DIEGO","SAN DIEGO",-117.16106155999999,32.772146290000002
90236004,2016,2016-08-02,9680,2016-07-22,1302,016598,,5,1,9,3700,0,1,3,,1,030,"STATE ROUTE 79","RIVERSIDE DR",297.00,S,N,A,-,Y,,,79,,,,,,,N,2,0,1,2,A,-,11,21954,A,N,G,B,D,A,H,-,A,D,0,Y,,,,Y,,N,60,1,0,0,0,1,0,0,0,0,"- ","- ",32.840629999999997,-116.61345,"SAN DIEGO",UNINCORPORATED,-116.61345115,32.840631010000003
90237476,2016,2016-08-04,9680,2016-07-25,0725,017996,,1,1,9,3700,0,2,4,,1,025,"SWEETWATER ROAD","TYLER STREET",665.00,N,N,B,-,N,,,,,,,,,,N,4,0,1,2,D,-,00,,,N,G,B,E,A,H,-,A,D,0,Y,,,,Y,,-,"- ",0,0,1,0,1,0,0,0,0,"- ","- ",32.732199999999999,-117.01441,"SAN DIEGO",UNINCORPORATED,-117.01449112,32.73219134
90237838,2016,2016-08-04,9680,2016-07-26,1300,016822,,2,1,9,3700,0,1,3,,1,090,"SR-67 (MAIN STREET)","16TH STREET",185.00,N,N,A,-,Y,,,67,,,,,,,N,4,0,1,2,B,-,22,,,N,H,G,A,A,H,-,A,D,0,,Y,,,Y,,L,04,0,0,1,0,0,0,1,0,0,"- ","- ",33.036999999999999,-116.87748999999999,"SAN DIEGO",UNINCORPORATED,-116.87754695,33.037106170000001
90237961,2016,2016-08-04,9650,2016-07-28,0110,016487,,4,3,6,3710,0,1,1,,2,005,"I-5 N/B","NEPTUNE WAY O/C",900.00,S,N,A,-,Y,,,5,,,,,,N,N,3,0,1,2,A,-,11,21956,,N,G,B,E,A,H,-,D,D,0,Y,,,,Y,,N,60,0,1,0,0,1,0,0,0,0,"- ","- ",33.202300000000001,-117.37779,"SAN DIEGO",OCEANSIDE,-117.37777303999999,33.202348530000002
90239782,2016,2016-08-08,9650,2016-07-30,2330,017194,,6,3,6,3710,0,1,3,,2,015,"SR-78 W/B",I-5,528.00,E,N,A,-,Y,,,,,,,,,,N,2,0,1,2,A,-,03,22350,,F,G,B,E,A,H,-,C,D,0,Y,,,,Y,Y,A,01,1,0,0,0,1,0,0,0,0,"- ","- ",33.104559999999999,-117.20513,"SAN DIEGO",OCEANSIDE,-117.35005828,33.177851660000002
90240226,2016,2016-08-08,9645,2016-04-11,2156,015001,,1,2,7,3711,0,1,3,,2,006,"SR-94 W/B","25TH STREET",612.00,E,N,A,-,Y,,,94,,,,,,W,Y,1,1,0,2,A,-,11,21954,A,N,G,B,E,A,H,-,D,D,0,Y,,,,Y,Y,N,60,0,0,0,1,0,0,0,0,0,"- ","- ",32.713259999999998,-117.13852,"SAN DIEGO","SAN DIEGO",-117.13852009,32.713279900000003
90242041,2016,2016-08-10,9680,2016-08-02,1035,016435,,2,1,9,3700,0,1,3,,1,090,"SR-67 (MAIN ST)","16TH STREET",40.00,N,N,A,-,Y,,,67,,,,,,,N,4,0,1,2,A,-,10,21952,,N,D,B,E,A,H,-,A,D,0,Y,,,,Y,,A,01,0,0,1,0,1,0,0,0,0,"- ","- ",33.036700000000003,-116.87781,"SAN DIEGO",UNINCORPORATED,-116.87792030999999,33.036906080000001
90242543,2016,2016-08-11,9680,2016-07-28,0725,015578,,4,1,9,3700,0,3,5,,2,002,"FURY LN.","BRABHAM ST.",0.00,,Y,A,-,N,,,,,,,,,,N,4,0,1,2,A,-,12,21453,A,N,D,G,A,A,H,-,A,A,0,,Y,,,Y,,L,04,0,0,1,0,0,0,1,0,0,"- ","- ",32.747190000000003,-116.93715,"SAN DIEGO",UNINCORPORATED,-116.93695004,32.747210109999997
90243011,2016,2016-08-11,9680,2016-08-04,1410,017928,,4,2,9,3700,0,1,3,,1,090,"SR-67 (MAIN ST)","16TH ST.",0.00,,Y,A,-,Y,,,67,,,,,,,N,4,0,1,2,D,-,00,,,N,G,B,B,A,H,-,A,A,0,Y,,,,Y,,-,"- ",0,0,1,0,1,0,0,0,0,"- ","- ",33.036700000000003,-116.87796,"SAN DIEGO",UNINCORPORATED,-116.8780369,33.036843670000003
90243868,2016,2016-08-12,9680,2016-08-04,1541,018583,,4,2,4,3720,0,1,3,,2,027,"SR-94 W/B FROM MASSACHUSETTS AVE.","MASSACHUSETTS AVE",15.00,W,N,A,-,Y,,,94,,,,R,,W,N,3,0,1,2,A,-,11,21954,A,N,G,B,D,A,H,-,A,A,0,Y,,,,Y,,N,60,0,1,0,0,1,0,0,0,0,"- ","- ",32.745260000000002,-117.04336000000001,"SAN DIEGO","LEMON GROVE",-117.04336000000001,32.745260000000002
90244043,2016,2016-08-12,9680,2016-07-09,0430,016435,,6,3,9,3700,0,3,5,,2,009,"WEEKEND VILLA ROAD","KINGS VILLA RD",1056.00,W,N,A,-,N,,,,,,,,,,N,2,0,1,2,A,-,13,22515,A,N,G,B,F,A,H,-,D,D,0,Y,,,,Y,,N,60,1,0,0,0,1,0,0,0,0,"- ","- ",33.070279999999997,-116.88915,"SAN DIEGO",UNINCORPORATED,-116.88916,33.070359000000003
90244915,2016,2016-08-15,9650,2016-06-14,0440,017194,,2,3,9,3700,0,1,3,,1,028,SR-76,"PALA MISSION ROAD (WEST)",0.00,,Y,B,-,Y,,,76,,,,,,,N,3,0,1,2,A,-,03,22350,,F,G,B,D,A,H,-,C,A,0,Y,,,,Y,Y,A,01,0,1,0,0,1,0,0,0,0,"- ","- ",33.364609999999999,-117.09090999999999,"SAN DIEGO",UNINCORPORATED,-117.09090894000001,33.364644929999997
90245207,2016,2016-08-15,9645,2016-06-13,0415,020867,,1,3,5,3709,0,1,1,,2,001,"INTERSTATE 5 NORTHBOUND","MAIN ST. / DIVISION ST.",1000.00,S,N,B,-,Y,,,5,,,,,,N,Y,1,1,0,2,A,-,11,21954,A,N,G,B,E,A,H,-,D,D,0,Y,,,,Y,,N,60,0,0,0,1,0,0,0,0,0,"- ","- ",32.680079999999997,-117.11011000000001,"SAN DIEGO","NATIONAL CITY",-117.11010225,32.680083089999997
90245674,2016,2016-08-16,9680,2016-07-27,0750,020249,,3,1,9,3700,0,1,3,,1,051,"STATE ROUTE 79","STATE ROUTE 76",7920.00,N,N,A,-,Y,,,79,,,,,,,N,3,0,1,3,A,-,01,23152,A,F,G,B,E,A,D,-,A,A,0,Y,,,,Y,Y,D,22,0,1,0,0,1,0,0,0,0,"- ","- ",33.226959999999998,-116.70157,"SAN DIEGO",UNINCORPORATED,-116.70151414,33.226926050000003
90246157,2016,2016-08-16,9650,2016-06-24,2140,016487,,5,2,5,3701,0,1,1,,2,005,"INTERSTATE 5 NORTHBOUND","PALOMAR AIRPORT ROAD",1452.00,S,N,B,-,Y,,,,,,,,,,N,2,0,1,3,A,-,06,21755,,F,G,B,E,A,H,-,C,D,0,Y,,,,Y,,D,22,1,0,0,0,1,0,0,0,0,"- ","- ",33.11824,-117.24948000000001,"SAN DIEGO",CARLSBAD,-117.3198007,33.118627099999998
90248264,2016,2016-08-19,9680,2016-08-08,0715,020249,,1,1,9,3700,0,1,3,,1,052,"STATE ROUTE 78","WYNOLA ROAD",10560.00,E,N,A,-,Y,,,78,,,,,,,N,3,0,1,2,A,-,08,22107,,F,G,B,E,A,H,-,A,D,0,Y,,,,Y,,D,22,0,1,0,0,1,0,0,0,0,"- ","- ",33.07349,-116.55785,"SAN DIEGO",UNINCORPORATED,-116.55793998999999,33.07340001
90254836,2016,2016-08-26,9680,2016-08-16,0810,020116,,2,1,9,3700,0,3,5,,2,002,"SAINT GEORGE ST","LELAND ST",20.00,W,N,A,-,N,,,,,,,,,,N,4,0,1,2,A,-,21,22106,,F,G,B,E,A,H,-,A,D,0,Y,,,,Y,,-,99,0,0,1,0,1,0,0,0,0,"- ","- ",32.712249999999997,-117.00631,"SAN DIEGO",UNINCORPORATED,-117.00607479,32.712150000000001
90255067,2016,2016-08-29,9650,2016-07-08,2120,018406,,5,2,9,3700,0,3,5,,2,170,"S SANTA FE AVE","SMILAX RD",757.00,N,N,A,-,N,,,,,,,,,,Y,1,1,0,2,A,-,09,21801,A,F,D,G,A,A,H,-,D,D,0,,,Y,,Y,,A,01,0,0,0,0,0,0,0,1,0,"- ","- ",33.163890000000002,-117.20529999999999,"SAN DIEGO",UNINCORPORATED,-117.20535826,33.163803870000002
90259662,2016,2016-09-02,9645,2016-07-27,2155,018987,,3,2,5,3709,0,1,1,,2,001,"I-5 N/B FROM MILE OF CARS WAY E/B","MILE OF CARS WAY",3.00,N,N,A,-,Y,,,5,,,,R,,N,N,3,0,1,2,A,-,10,21950,A,F,D,G,A,A,H,-,C,A,0,,Y,,,Y,,-,99,0,1,0,0,0,0,1,0,0,"- ","- ",32.660290000000003,-117.10764,"SAN DIEGO","NATIONAL CITY",-117.10764,32.660290000000003
90262214,2016,2016-09-06,9680,2016-06-22,0705,015877,,3,1,9,3700,0,3,5,,2,003,"SOUTH GRADE ROAD (2400 BLOCK)","CALLE DE COMPADRES",145.00,S,N,A,-,N,,,,,,,,,,Y,1,1,0,2,A,-,11,21954,A,N,G,B,D,A,H,-,A,D,0,Y,,,,Y,,N,60,0,0,0,1,0,0,0,0,0,"- ","- ",32.821370000000002,-116.75712,"SAN DIEGO",UNINCORPORATED,-116.75842178000001,32.821393299999997
90263460,2016,2016-09-08,9645,2016-07-24,0340,020401,,7,3,7,3711,0,1,3,,2,006,"SR-94 E/B","HOME AVE",500.00,E,N,B,-,Y,,,94,,,,,,E,N,3,0,1,2,A,-,08,22107,,F,G,B,E,A,H,-,C,D,0,Y,,,,Y,Y,-,99,0,1,0,0,1,0,0,0,0,"- ","- ",32.718110000000003,-117.10938,"SAN DIEGO","SAN DIEGO",-117.10938005,32.718103730000003
90267034,2016,2016-09-13,9680,2016-09-03,1005,017330,,6,1,9,3700,0,3,5,,2,001,SR-94,"LYONS VALLEY RD",0.00,,Y,A,-,Y,,,94,,,,,,,Y,3,0,1,2,A,-,09,21801,A,N,H,G,A,A,H,-,A,A,0,,Y,,,Y,,A,07,0,1,0,0,0,0,1,0,0,"- ","- ",32.719920000000002,-116.88023,"SAN DIEGO",UNINCORPORATED,-116.88024406,32.71989876
90267852,2016,2016-09-14,9680,2016-09-03,1425,018801,,6,2,9,3700,0,1,3,,2,027,"SR-94 E/B","GROVE ST.",830.00,E,N,A,-,Y,,,,,,,,,,N,4,0,1,2,A,-,08,22107,,N,G,B,E,A,H,-,A,D,0,Y,,,,Y,,A,07,0,0,1,0,1,0,0,0,0,"- ","- ",32.7468,-117.02460000000001,"SAN DIEGO",UNINCORPORATED,-117.02403728,32.746864090000003
90268111,2016,2016-09-15,9650,2016-09-07,0825,017012,,3,1,9,3700,0,3,5,,2,170,"S. SANTA FE AVE","BUENA CREEK RD",300.00,S,N,B,-,N,,,,,,,,,,N,4,0,2,3,A,-,09,21801,A,N,D,G,A,A,H,-,A,D,0,,Y,,,Y,,A,07,0,0,2,0,0,0,2,0,0,"- ","- ",33.172359999999998,-117.20753000000001,"SAN DIEGO",UNINCORPORATED,-117.20769233,33.172600750000001
90268195,2016,2016-09-15,9680,2016-08-21,1745,019270,,7,2,9,3700,0,3,5,,2,003,"VICTORIA MEADOWS DR","SHOOTING STAR CT",0.00,,Y,A,-,N,,,,,,,,,,N,3,0,2,3,A,-,09,21800,B,F,H,G,A,A,H,-,A,D,0,,Y,,,Y,,L,04,0,2,0,0,0,0,2,0,0,"- ","- ",32.83972,-116.76192,"SAN DIEGO",UNINCORPORATED,-116.76193005,32.83967011
90269572,2016,2016-09-19,9650,2016-08-07,1135,016275,,7,1,5,3713,0,1,3,,2,017,"SR-78 E/B TO MELROSE DR.","MELROSE DR",6.00,W,N,A,-,Y,,,,,,,,,,N,4,0,1,2,A,-,10,21950,A,N,G,B,B,A,H,-,A,A,0,Y,,,,Y,,A,01,0,0,1,0,1,0,0,0,0,"- ","- ",33.113799999999998,-117.1514,"SAN DIEGO",VISTA,-117.25423926000001,33.19456718
90272609,2016,2016-09-21,9680,2016-09-09,0620,018104,,5,1,9,3700,0,2,4,,1,012,"MAPLEVIEW ST.","ASHWOOD ST.",5.00,W,N,A,-,N,,,,,,,,,,N,3,0,1,2,A,-,10,21950,A,N,G,B,B,A,H,-,B,A,0,Y,,,,Y,,A,01,0,1,0,0,1,0,0,0,0,"- ","- ",32.863680000000002,-116.91793,"SAN DIEGO",UNINCORPORATED,-116.91782598,32.863587639999999
90272768,2016,2016-09-21,9650,2016-09-18,0850,015273,,7,1,9,3700,0,3,5,,2,230,"DEL DIOS HWY (9500 BLOCK)","MOUNT ISRAEL RD",1000.00,E,N,A,-,N,,,,,,,,,,N,4,0,1,2,A,-,08,22107,,N,H,G,A,A,H,-,A,D,0,,Y,,,Y,,A,01,0,0,1,0,0,0,1,0,0,"- ","- ",33.06521,-117.12388,"SAN DIEGO",UNINCORPORATED,-117.12430000000001,33.062480000000001
90275717,2016,2016-09-26,9645,2016-09-13,1430,017804,,2,2,7,3711,0,1,A,,2,752,"6111 BUSINESS CENTER CT (PARKING LOT)","BUSINESS CENTER COURT",220.00,S,N,A,-,N,,,,,,,,,,N,4,0,1,2,B,-,22,,,N,G,B,D,A,H,-,A,D,0,Y,,,,Y,,A,08,0,0,1,0,1,0,0,0,0,"- ","- ",32.568629999999999,-117.00351000000001,"SAN DIEGO","SAN DIEGO",-117.00541,32.569310000000002
90281630,2016,2016-10-03,9680,2016-09-22,2157,019946,,4,2,9,3700,0,2,4,,1,026,"JAMACHA BLVD","GRAND AVE",96.00,E,N,A,-,N,,,,,,,,,,N,2,0,1,2,A,-,11,21954,A,N,G,B,D,A,H,-,C,D,0,Y,,,,Y,,N,60,1,0,0,0,1,0,0,0,0,"- ","- ",32.708089999999999,-116.99708,"SAN DIEGO",UNINCORPORATED,-116.99719913,32.707842720000002
90282779,2016,2016-10-03,9645,2016-07-17,2134,020500,,7,2,5,3709,0,1,1,,2,009,"I-805 N/B","PLAZA BLVD U/C",1200.00,N,N,A,-,Y,,,805,,,,,,N,N,3,0,1,2,A,-,11,21954,A,F,G,B,E,A,H,-,D,D,0,Y,,,,Y,,N,60,0,1,0,0,1,0,0,0,0,"- ","- ",32.67736,-117.08462,"SAN DIEGO","NATIONAL CITY",-117.08452988000001,32.6774086
90286012,2016,2016-10-06,9680,2016-10-01,1650,018356,,6,2,9,3700,0,2,4,,1,010,"WOODSIDE AVE","SHAMROCK LN",26.00,W,N,A,-,N,,,,,,,,,,N,3,0,1,2,A,-,05,21202,A,N,H,G,A,A,H,-,A,D,0,,Y,,,Y,,L,04,0,1,0,0,0,0,1,0,0,"- ","- ",32.856319999999997,-116.92854,"SAN DIEGO",UNINCORPORATED,-116.92855337,32.856409130000003
90286486,2016,2016-10-07,9680,2016-10-03,1552,018583,,1,2,9,3700,0,3,5,,2,002,"KENWOOD DR",SR-94,51.00,S,N,A,-,Y,,,,,,,,,,N,4,0,1,2,A,-,11,21954,A,N,G,B,D,A,H,-,A,D,0,Y,,,,Y,,N,60,0,0,1,0,1,0,0,0,0,"- ","- ",32.746160000000003,-116.99028,"SAN DIEGO",UNINCORPORATED,-116.99019002999999,32.746335770000002
90287884,2016,2016-10-10,9680,2016-10-01,1445,017996,,6,2,9,3700,0,3,5,,2,002,"KENWOOD DRIVE","CAMPO ROAD",8.00,S,N,A,-,N,,,,,,,,,,N,3,0,1,2,A,-,10,21950,A,N,G,B,B,A,H,-,A,A,0,Y,,,,Y,,A,01,0,1,0,0,1,0,0,0,0,"- ","- ",32.747889999999998,-116.98851000000001,"SAN DIEGO",UNINCORPORATED,-117.00795115,32.752698109999997
90292277,2016,2016-10-14,9645,2016-08-10,2130,017667,,3,2,7,3711,0,1,3,,2,006,"SR-94 E/B",SR-15,500.00,W,N,A,-,Y,,,94,,,,,,E,N,4,0,1,2,A,-,11,21950,B,N,G,B,E,A,H,-,C,D,0,Y,,,,Y,,N,60,0,0,1,0,1,0,0,0,0,"- ","- ",32.716000000000001,-117.12009999999999,"SAN DIEGO","SAN DIEGO",-117.12010433,32.716020960000002
90292547,2016,2016-10-17,9650,2016-10-12,1550,013452,,3,2,9,3700,0,3,5,,1,160,"WEST LILAC ROAD","OLD HIGHWAY 395",5808.00,W,N,A,-,N,,,,,,,,,,N,3,0,1,2,A,-,06,21750,,N,H,G,A,A,H,-,A,D,0,,Y,,,Y,,A,01,0,1,0,0,0,0,1,0,0,"- ","- ",33.296340000000001,-117.16974,"SAN DIEGO",UNINCORPORATED,-117.170956,33.29615398
90293908,2016,2016-10-17,9680,2016-10-14,1305,017330,,5,1,9,3700,0,3,5,,2,001,"RIVERFORD RD","N. WOODSIDE AV.",0.00,,Y,A,-,N,,,,,,,,,,N,4,0,1,2,A,-,05,21460,A,N,D,G,A,A,H,-,A,A,0,,Y,,,Y,,L,04,0,0,1,0,0,0,1,0,0,"- ","- ",32.855640000000001,-116.94807,"SAN DIEGO",UNINCORPORATED,-116.94668007,32.854230080000001
90294965,2016,2016-10-18,9680,2016-10-12,1625,015983,,3,2,9,3700,0,3,5,,2,001,"BRADLEY AVENUE","MAGNOLIA AVE",4.00,E,N,A,-,N,,,,,,,,,,N,4,0,1,2,A,-,11,21451,C,N,G,B,B,A,H,-,A,A,0,Y,,,,Y,,N,60,0,0,1,0,1,0,0,0,0,"- ","- ",32.819110000000002,-116.96226,"SAN DIEGO",UNINCORPORATED,-116.96229703,32.819109859999998
90301123,2016,2016-10-25,9680,2016-10-16,1503,020780,,7,2,9,3700,0,2,4,,1,010,"WOODSIDE AVE","CHANNEL RD",350.00,W,N,A,-,N,,,,,,,,,,N,4,0,1,2,A,-,05,21650,,N,H,G,A,A,H,-,A,D,0,,Y,,,Y,,L,04,0,0,1,0,0,0,1,0,0,"- ","- ",32.856819999999999,-116.92672,"SAN DIEGO",UNINCORPORATED,-116.92654281,32.856676469999996
90305543,2016,2016-10-28,9650,2016-09-28,2230,018496,,3,3,9,3700,0,3,5,,2,213,"PAUMA RESERVATION RD","ADAMS ROAD",50.00,S,N,A,-,N,,,,,,,,,,Y,3,0,1,2,A,-,01,23152,E,N,G,B,E,A,H,-,D,D,0,Y,,,,Y,Y,A,07,0,1,0,0,1,0,0,0,0,"- ","- ",33.333179999999999,-116.9915,"SAN DIEGO",UNINCORPORATED,-116.99079242000001,33.333247280000002
90306429,2016,2016-10-31,9650,2016-10-27,0638,015027,,4,1,9,3700,0,3,5,,1,212,"COLE GRADE RD","MILLER RD",0.00,,Y,A,-,N,,,,,,,,,,N,3,0,1,2,A,-,05,21202,A,N,H,G,A,A,H,-,D,A,0,,Y,,,Y,,L,04,0,1,0,0,0,0,1,0,0,"- ","- ",33.256210000000003,-117.02337,"SAN DIEGO",UNINCORPORATED,-117.02343002000001,33.256230019999997
90306644,2016,2016-10-31,9650,2016-10-29,0600,013570,,6,1,9,3700,0,3,5,,2,170,"BUENA CREEK RD","S. SANTA FE AVE",500.00,N,N,A,-,N,,,,,,,,,,N,3,0,1,2,A,-,08,22107,,F,G,B,E,A,H,-,D,D,0,Y,,,,Y,,-,99,0,1,0,0,1,0,0,0,0,"- ","- ",,,"SAN DIEGO",UNINCORPORATED,-117.20671031000001,33.173744900000003
90309009,2016,2016-11-01,9645,2016-10-02,0135,020500,,7,3,7,3711,0,1,1,,2,003,"I-5 S/B TO SASSAFRAS STREET","WASHINGTON STREET U/C",385.00,S,N,A,-,Y,,,5,,,,R,,S,N,1,1,0,2,A,-,11,21954,A,N,G,B,E,A,H,-,C,A,0,Y,,,,Y,,N,60,0,0,0,1,0,0,0,0,0,"- ","- ",32.741579999999999,-117.18165999999999,"SAN DIEGO","SAN DIEGO",-117.18165999999999,32.741579999999999
90309469,2016,2016-11-02,9680,2016-10-24,1655,019946,,1,2,9,3700,0,2,4,,1,026,"JAMACHA RD","HELIX STREET",6.00,W,N,A,-,N,,,,,,,,,,N,3,0,1,2,A,-,12,21453,A,N,H,G,A,A,H,-,A,A,0,,Y,,,Y,,L,04,0,1,0,0,0,0,1,0,0,"- ","- ",32.714919999999999,-117.00928,"SAN DIEGO",UNINCORPORATED,-117.00950944,32.71479978
90310474,2016,2016-11-03,9680,2016-10-23,2000,020884,,7,2,9,3700,0,3,5,,2,002,"BANCROFT DR","TROY ST",66.00,S,N,A,-,N,,,,,,,,,,N,3,0,1,2,A,-,08,22107,,N,H,G,A,A,H,-,C,D,0,,Y,,,Y,,-,99,0,1,0,0,0,0,1,0,0,"- ","- ",32.736649999999997,-117.00645,"SAN DIEGO",UNINCORPORATED,-117.00652509,32.736665289999998
90311364,2016,2016-11-04,9645,2016-10-24,1525,018950,,1,2,9,3700,0,3,5,,2,024,"DOVE CANYON ROAD E/B (16800 BLK)","CAMINO DEL NORTE",5.00,W,N,B,-,N,,,,,,,,,,N,4,0,1,2,A,-,21,22106,,N,D,G,A,A,H,-,A,D,0,,Y,,,Y,,A,01,0,0,1,0,0,0,1,0,0,"- ","- ",33.016640000000002,-117.11181000000001,"SAN DIEGO",UNINCORPORATED,-117.11152631,33.016567379999998
90313204,2016,2016-11-07,9680,2016-10-28,0915,018104,,5,1,9,3700,0,3,5,,2,002,"FURY LN","RANCHO SAN DIEGO PKY",0.00,,Y,A,-,N,,,,,,,,,,N,3,0,1,2,A,-,08,22100,A,N,B,G,A,A,H,-,A,A,0,,Y,,,Y,,A,01,0,1,0,0,0,0,1,0,0,"- ","- ",32.747210000000003,-116.93722,"SAN DIEGO",UNINCORPORATED,-116.93711008,32.747170099999998
90318403,2016,2016-11-14,9680,2016-11-03,0828,015972,,4,1,9,3700,0,2,4,,1,019,"LAKESIDE AVENUE","CHANNEL ROAD",0.00,,Y,A,-,N,,,,,,,,,,N,3,0,1,2,A,-,17,21451,B,N,G,B,D,A,H,-,A,A,0,Y,,,,Y,,A,01,0,1,0,0,1,0,0,0,0,"- ","- ",32.865949999999998,-116.92789,"SAN DIEGO",UNINCORPORATED,-116.92804013,32.866070049999998
90320142,2016,2016-11-15,9645,2016-10-27,0700,014461,,4,1,7,3711,0,1,3,,2,023,"I-5 SOUTHBOUND FROM SR-163 SOUTHBOUND","LAURAL ST. BRIDGE",420.00,S,N,A,-,Y,,,,,,,,,,N,4,0,1,2,A,-,11,21954,A,N,B,B,E,A,H,-,A,A,0,Y,,,,Y,,N,60,0,0,1,0,1,0,0,0,0,"- ","- ",32.730600000000003,-117.15474,"SAN DIEGO","SAN DIEGO",,