CASE_ID,ACCIDENT_YEAR,PROC_DATE,JURIS,COLLISION_DATE,COLLISION_TIME,OFFICER_ID,REPORTING_DISTRICT,DAY_OF_WEEK,CHP_SHIFT,POPULATION,CNTY_CITY_LOC,SPECIAL_COND,BEAT_TYPE,CHP_BEAT_TYPE,CITY_DIVISION_LAPD,CHP_BEAT_CLASS,BEAT_NUMBER,PRIMARY_RD,SECONDARY_RD,DISTANCE,DIRECTION,INTERSECTION,WEATHER_1,WEATHER_2,STATE_HWY_IND,CALTRANS_COUNTY,CALTRANS_DISTRICT,STATE_ROUTE,ROUTE_SUFFIX,POSTMILE_PREFIX,POSTMILE,LOCATION_TYPE,RAMP_INTERSECTION,SIDE_OF_HWY,TOW_AWAY,COLLISION_SEVERITY,NUMBER_KILLED,NUMBER_INJURED,PARTY_COUNT,PRIMARY_COLL_FACTOR,PCF_CODE_OF_VIOL,PCF_VIOL_CATEGORY,PCF_VIOLATION,PCF_VIOL_SUBSECTION,HIT_AND_RUN,TYPE_OF_COLLISION,MVIW,PED_ACTION,ROAD_SURFACE,ROAD_COND_1,ROAD_COND_2,LIGHTING,CONTROL_DEVICE,CHP_ROAD_TYPE,PEDESTRIAN_ACCIDENT,BICYCLE_ACCIDENT,MOTORCYCLE_ACCIDENT,TRUCK_ACCIDENT,NOT_PRIVATE_PROPERTY,ALCOHOL_INVOLVED,STWD_VEHTYPE_AT_FAULT,CHP_VEHTYPE_AT_FAULT,COUNT_SEVERE_INJ,COUNT_VISIBLE_INJ,COUNT_COMPLAINT_PAIN,COUNT_PED_KILLED,COUNT_PED_INJURED,COUNT_BICYCLIST_KILLED,COUNT_BICYCLIST_INJURED,COUNT_MC_KILLED,COUNT_MC_INJURED,PRIMARY_RAMP,SECONDARY_RAMP,LATITUDE,LONGITUDE,COUNTY,CITY,POINT_X,POINT_Y
90709697,2018,2018-04-20,9645,2018-03-28,1355,020844,,3,1,6,3702,0,1,1,,2,001,"I-5 S/B TO PALM AVENUE","PALM AVENUE",5.00,N,N,A,-,Y,,,,,,,,,,N,3,0,1,2,A,-,21,22106,,N,G,B,B,A,H,-,A,A,0,Y,,,,Y,,A,08,0,1,0,0,1,0,0,0,0,"- ","- ",32.583930969238281,-117.08889007568359,"SAN DIEGO","CHULA VISTA",-117.08889008,32.583930969999997
90715613,2018,2018-04-27,9680,2018-04-19,1230,021828,,4,1,9,3700,0,1,3,,2,028,"SR-125 S/B TO JAMACHA RD","JAMACHA RD",0.00,,Y,A,-,Y,,,125,,,,R,,S,N,4,0,1,2,A,-,11,21950,B,N,G,B,B,A,H,-,A,A,0,Y,,,,Y,,N,60,0,0,1,0,1,0,0,0,0,"- ","- ",32.714759826660156,-117.01505279541016,"SAN DIEGO",UNINCORPORATED,-117.01505279541016,32.714759826660156
90717319,2018,2018-05-01,9680,2018-04-26,2140,019475,,4,2,9,3700,0,3,5,,2,002,"BANCROFT DR","KENWOOD DR",36.00,N,N,A,-,N,,,,,,,,,,N,2,0,1,2,A,-,11,21954,A,F,G,B,D,A,H,-,C,A,0,Y,,,,Y,Y,N,60,1,0,0,0,1,0,0,0,0,"- ","- ",32.744678497314453,-117.00346374511719,"SAN DIEGO",UNINCORPORATED,-117.00349426269531,32.744647979736328
90720288,2018,2019-11-21,9650,2018-03-09,2014,017392,,5,2,9,3700,0,3,5,,2,170,"ESTRELITA DR","PALMYRA DR",36.00,E,N,A,-,N,,,,,,,,,,Y,1,1,0,2,A,-,01,23152,A,F,G,B,D,A,H,-,A,D,0,Y,,,,Y,Y,D,22,0,0,0,1,0,0,0,0,0,"- ","- ",33.1708984375,-117.20649719238281,"SAN DIEGO",UNINCORPORATED,-117.20639801025391,33.170875549316406
90723457,2018,2018-05-10,9680,2018-05-06,0650,021772,,7,1,9,3700,0,3,5,,2,001,"GREENFIELD DR","1 ST STREET",0.00,,Y,A,-,N,,,,,,,,,,N,4,0,1,2,A,-,03,22350,,N,G,B,A,A,H,-,A,A,0,,Y,,,Y,,A,01,0,0,1,0,0,0,1,0,0,"- ","- ",32.813091278076172,-116.94467926025391,"SAN DIEGO",UNINCORPORATED,-116.94461822509766,32.813320159912109
90727622,2018,2018-05-16,9680,2018-05-07,1514,020780,,1,2,9,3700,0,3,5,,2,002,"KEMPTON ST","PIEDMONT ST",40.00,S,N,A,-,N,,,,,,,,,,N,3,0,1,2,A,-,11,21954,A,N,G,B,D,A,H,-,A,D,0,Y,,,,Y,,N,60,0,1,0,0,1,0,0,0,0,"- ","- ",32.713340759277344,-117.00170135498047,"SAN DIEGO",UNINCORPORATED,-117.00167083740234,32.713371276855469
90729369,2018,2018-05-18,9680,2018-05-12,1234,019910,,6,1,9,3700,0,3,5,,2,001,"MARILLA DRIVE","WATERHILL ROAD",193.00,N,N,B,-,N,,,,,,,,,,N,2,0,1,2,A,-,11,21954,A,N,G,B,D,A,H,-,A,D,0,Y,,,,Y,,N,60,1,0,0,0,1,0,0,0,0,"- ","- ",32.852119445800781,-116.94072723388672,"SAN DIEGO",UNINCORPORATED,-116.94071960449219,32.852119445800781
90732203,2018,2018-05-23,9680,2018-05-16,1515,020116,,3,2,9,3700,0,2,4,,1,029,"SWEETWATER SPRINGS BLVD","JAMACHA BLVD",280.00,N,N,A,-,N,,,,,,,,,,N,3,0,1,2,A,-,11,21954,A,N,G,B,E,A,H,-,A,D,0,Y,,,,Y,,N,60,0,1,0,0,1,0,0,0,0,"- ","- ",32.725788116455078,-116.96964263916016,"SAN DIEGO",UNINCORPORATED,-116.96958923339844,32.726169586181641
90733485,2018,2018-05-24,9645,2018-02-18,2110,021873,,7,2,7,3711,0,1,3,,2,006,"SR-94 W/B",I-5,93.00,E,N,A,-,Y,,,94,,,,,,W,Y,1,1,0,2,A,-,11,21954,A,F,G,B,D,A,H,-,D,D,0,Y,,,,Y,,N,60,0,0,0,1,0,0,0,0,0,"- ","- ",32.713661193847656,-117.14682006835938,"SAN DIEGO","SAN DIEGO",-117.14682006835938,32.713649749755859
90736074,2018,2018-05-29,9680,2018-05-18,2030,020249,,5,2,9,3700,0,1,3,,1,090,"STATE ROUTE 67 (MAIN STREET)","RAMONA STREET",154.00,N,N,A,-,Y,,,67,,,,,,,N,2,0,1,2,A,-,11,21954,A,N,G,B,D,A,H,-,D,D,0,Y,,,,Y,Y,N,60,1,0,0,0,1,0,0,0,0,"- ","- ",33.035499572753906,-116.880126953125,"SAN DIEGO",UNINCORPORATED,-116.88014221191406,33.035514831542969
90736089,2018,2018-05-29,9645,2018-04-11,0006,019577,,3,3,7,3711,0,1,1,,2,010,"I-8 E/B","PRESIDIO PARK",1584.00,E,N,A,-,Y,,,8,,,,,,E,Y,2,0,1,2,A,-,11,21954,A,N,G,B,E,A,H,-,D,D,0,Y,,,,Y,Y,N,60,1,0,0,0,1,0,0,0,0,"- ","- ",32.759109497070312,-117.18270874023438,"SAN DIEGO","SAN DIEGO",-117.18270111083984,32.759326934814453
90737749,2018,2018-05-30,9680,2018-05-23,1805,021944,,3,2,9,3700,0,2,4,,1,032,"LA CRESTA RD","MOUNTAIN VIEW RD",27.00,W,N,A,-,N,,,,,,,,,,N,2,0,1,2,A,-,11,21954,A,N,G,B,D,A,H,-,A,D,0,Y,,,,Y,,N,60,1,0,0,0,1,0,0,0,0,"- ","- ",32.81488037109375,-116.86254119873047,"SAN DIEGO",UNINCORPORATED,-116.86237335205078,32.814754486083984
90737984,2018,2018-05-31,9650,2018-05-17,2350,018496,,4,3,9,3700,0,1,3,,1,028,"SR-76 W/B","CHURCH RD",1056.00,E,N,A,-,Y,,,76,,,,,,W,N,4,0,1,2,A,-,11,21956,A,N,G,B,E,A,H,-,D,D,0,Y,,,Y,Y,Y,N,60,0,0,1,0,1,0,0,0,0,"- ","- ",33.282768249511719,-116.86878967285156,"SAN DIEGO",UNINCORPORATED,-116.86880493164062,33.282779693603516
90738591,2018,2018-05-31,9645,2018-05-23,0630,015331,,3,1,7,3711,0,1,1,,2,017,"I-15 SOUTHBOUND FROM W/B MIRA MESA BLVD","MIRA MESA BLVD",10.00,N,N,B,-,Y,,,15,,,,R,,S,N,3,0,1,2,A,-,10,21950,A,N,G,B,B,A,H,-,A,A,0,Y,,,,Y,,D,22,0,1,0,0,1,0,0,0,0,"- ","- ",32.917518615722656,-117.11733245849609,"SAN DIEGO","SAN DIEGO",-117.11733245849609,32.917518615722656
90749127,2018,2018-06-15,9645,2018-06-01,1915,020479,,5,2,7,3711,0,1,1,,2,005,"I-5 N/B FROM HAWTHORN ST","HAWTHORN ST",45.00,N,N,A,-,Y,,,5,,,,R,,N,Y,4,0,1,2,A,-,10,21950,A,N,G,B,C,A,H,-,A,D,0,Y,,,,Y,,A,01,0,0,1,0,1,0,0,0,0,"- ","- ",32.727310180664062,-117.16705322265625,"SAN DIEGO","SAN DIEGO",-117.16705322265625,32.727310180664062
90749886,2018,2018-06-18,9680,2018-06-08,1115,016181,,5,1,9,3700,0,3,5,,2,001,"WOODSIDE AVE","VINE ST",113.00,E,N,A,-,N,,,,,,,,,,N,2,0,2,5,A,-,13,22515,A,N,G,B,E,A,H,-,A,D,0,Y,,,,Y,,D,22,2,0,0,0,2,0,0,0,0,"- ","- ",32.857620239257812,-116.92021179199219,"SAN DIEGO",UNINCORPORATED,-116.92018127441406,32.857505798339844
90749949,2018,2018-06-18,9645,2018-04-30,2310,019867,,1,3,7,3711,0,1,3,,2,006,"SR-94 W/B","25TH ST",724.00,E,N,B,-,Y,,,94,,,,,,W,N,1,1,0,2,A,-,11,21954,A,F,G,B,E,B,H,-,C,D,0,Y,,,,Y,Y,N,60,0,0,0,1,0,0,0,0,0,"- ","- ",32.713340759277344,-117.13784027099609,"SAN DIEGO","SAN DIEGO",-117.13784027099609,32.713283538818359
90753602,2018,2018-06-22,9645,2018-06-15,1228,016766,,5,1,7,3711,0,1,1,,2,017,"I-15 S/B","RANCHO PENASQUITIOS BLVD",230.00,S,N,A,-,Y,,,,,,,,,,Y,2,0,1,2,A,-,11,21954,A,N,G,B,E,A,H,-,A,D,0,Y,,,,Y,,N,60,1,0,0,0,1,0,0,0,0,"- ","- ",32.948501586914062,-117.10706329345703,"SAN DIEGO","SAN DIEGO",,
90755182,2018,2018-06-25,9680,2018-06-15,1835,021588,,5,2,9,3700,0,3,5,,2,002,"KENWOOD DR`","BANCROFT DR",560.00,E,N,A,-,N,,,,,,,,,,N,3,0,1,2,A,-,11,21954,A,N,G,B,D,A,H,-,A,D,0,Y,,,,Y,,N,60,0,1,0,0,1,0,0,0,0,"- ","- ",32.744480133056641,-117.00160217285156,"SAN DIEGO",UNINCORPORATED,-117.00160217285156,32.744480133056641
90757867,2018,2018-06-28,9645,2018-06-09,1145,020867,,6,1,7,3711,0,1,1,,2,003,"I-5 SB TO SR-94 E/B",I-5,100.00,E,N,A,-,Y,,,5,,,,R,,S,N,3,0,1,2,A,-,11,21954,A,N,G,B,E,A,H,-,A,D,0,Y,,,,Y,,N,60,0,1,0,0,1,0,0,0,0,"- ","- ",32.714248657226562,-117.14647674560547,"SAN DIEGO","SAN DIEGO",-117.14647674560547,32.714248657226562
90757962,2018,2018-06-28,9645,2018-06-06,2322,019445,,3,3,7,3711,0,1,1,,2,010,"I-8 E/B","COLLEGE AVE O/C",1100.00,W,N,A,-,Y,,,8,,,,,,E,N,3,0,1,2,A,-,01,23152,A,N,G,B,E,A,H,-,C,D,0,Y,,,,Y,Y,A,01,0,1,0,0,1,0,0,0,0,"- ","- ",32.779109954833984,-117.07010650634766,"SAN DIEGO","SAN DIEGO",-117.07010650634766,32.779167175292969
90762870,2018,2018-07-05,9645,2018-05-01,0433,013784,,2,3,7,3711,0,1,1,,2,013,"I-805 NORTHBOUND TO KEARNY VILLA ROAD","KEARNY VILLA ROAD",1375.00,S,N,B,-,Y,,,805,,,,R,,N,Y,1,1,0,2,A,-,11,21954,A,N,G,B,E,A,H,-,D,D,0,Y,,,,Y,,N,60,0,0,0,1,0,0,0,0,0,"- ","- ",32.80010986328125,-117.14943695068359,"SAN DIEGO","SAN DIEGO",-117.14943695068359,32.80010986328125
90764477,2018,2018-07-06,9680,2018-06-29,1003,015578,,5,1,9,3700,0,3,5,,2,002,"BLOSSOM LN.","FOLKSTONE ST.",544.00,E,N,A,-,N,,,,,,,,,,N,3,0,1,2,A,-,11,21950,B,N,G,B,E,A,H,-,A,D,0,Y,,,,Y,,N,60,0,1,0,0,1,0,0,0,0,"- ","- ",32.724929809570312,-117.01744079589844,"SAN DIEGO",UNINCORPORATED,-117.01747894287109,32.724918365478516
90764691,2018,2018-07-09,9650,2018-06-25,1300,021154,,1,1,6,3710,0,1,3,,2,015,"SR-78 E/B","COLLEGE BLVD",3000.00,W,N,A,-,Y,,,78,,,,,,E,N,3,0,1,2,A,-,21,22106,,N,G,B,E,A,H,-,A,D,0,Y,,,,Y,,A,01,0,1,0,0,1,0,0,0,0,"- ","- ",33.182949066162109,-117.29824066162109,"SAN DIEGO",OCEANSIDE,-117.29823303222656,33.182914733886719
90766517,2018,2018-07-10,9645,2018-06-27,2040,016864,,3,2,7,3711,0,1,1,,2,015,"I-805 N/B FROM W/B CLAIREMONT MESA BLVD","CLAIREMONT MESA BLVD",35.00,N,N,A,-,Y,,,,,,,,,,N,3,0,1,2,A,-,09,21802,A,N,D,G,A,A,H,-,C,A,0,,Y,,,Y,,L,04,0,1,0,0,0,0,1,0,0,"- ","- ",32.832901000976562,-117.16577911376953,"SAN DIEGO","SAN DIEGO",-117.16938018798828,32.833477020263672
90767857,2018,2018-07-12,9650,2018-07-06,1204,018840,,5,1,9,3700,0,3,5,,2,231,"BEAR VALLEY PKY","ELDORADO DR",235.00,N,N,A,-,Y,,,,,,,,,,N,2,0,1,2,A,-,17,21200,,N,H,G,A,A,H,-,A,D,0,,Y,,,Y,Y,L,04,1,0,0,0,0,0,1,0,0,"- ","- ",33.104888916015625,-117.05291748046875,"SAN DIEGO",UNINCORPORATED,-117.05329132080078,33.104667663574219
90768354,2018,2018-07-13,9650,2018-06-01,0142,021805,,5,3,9,3700,0,1,1,,2,021,"I-15 N/B","DEER SPRINGS RD",5500.00,N,N,A,-,Y,,,15,,,,,,N,Y,1,1,0,2,A,-,11,21956,,N,G,B,E,A,H,-,D,D,0,Y,,,Y,Y,,N,60,0,0,0,1,0,0,0,0,0,"- ","- ",33.210769653320312,-117.13446044921875,"SAN DIEGO",UNINCORPORATED,-117.13454437255859,33.210708618164062
90770720,2018,2018-07-17,9645,2018-07-05,1140,014669,,4,1,9,3700,0,3,5,,2,024,"CAMINO SAN BERNARDO N/B (16900 BLOCK)","CAMINO DEL NORTE ON-RAMP",0.00,,Y,A,-,N,,,,,,,,,,N,3,0,1,2,A,-,11,21954,A,N,G,B,D,A,H,-,A,A,0,Y,,,,Y,,N,60,0,1,0,0,1,0,0,0,0,"- ","- ",33.013458251953125,-117.1044921875,"SAN DIEGO",UNINCORPORATED,,
90772300,2018,2018-07-19,9650,2018-07-07,0040,017056,,6,3,6,3710,0,1,1,,2,005,"I-5 S/B","MISSION AVE",184.00,S,N,A,-,Y,,,5,,,,,,S,Y,2,0,2,3,A,-,03,22350,,N,G,B,E,A,H,-,D,D,0,Y,,,,Y,,A,01,1,0,1,0,1,0,0,0,0,"- ","- ",33.199840545654297,-117.37145233154297,"SAN DIEGO",OCEANSIDE,-117.37145233154297,33.199840545654297
90772578,2018,2018-07-19,9680,2018-07-11,1855,017621,,3,2,9,3700,0,1,3,,1,090,"SR-67 (MAIN ST.)","12TH ST",35.00,S,N,A,-,Y,,,67,,,,,,,N,3,0,1,2,A,-,10,21954,B,N,G,B,D,A,H,-,A,A,0,Y,,,,Y,,D,22,0,1,0,0,1,0,0,0,0,"- ","- ",33.040130615234375,-116.87198638916016,"SAN DIEGO",UNINCORPORATED,-116.87199401855469,33.040134429931641
90773806,2018,2018-07-20,9650,2018-07-08,2104,017392,,7,2,5,3701,0,1,1,,2,005,"I-5 N/B TO TAMARACK AVE","TAMARACK AVE",4.00,S,N,A,-,Y,,,5,,,,R,,N,Y,4,0,1,2,A,-,21,22106,,N,G,B,B,A,H,-,C,D,0,Y,,,,Y,,A,07,0,0,1,0,1,0,0,0,0,"- ","- ",33.152400970458984,-117.33570098876953,"SAN DIEGO",CARLSBAD,-117.33570098876953,33.152400970458984
90774359,2018,2018-07-23,9680,2018-04-08,0124,020625,,7,3,5,3705,0,1,1,,2,081,"INTERSTATE 8 EASTBOUND","EL CAJON BOULEVARD",528.00,W,N,A,-,Y,,,8,,,,,,E,Y,1,2,0,3,A,-,11,21956,A,N,G,B,E,A,H,-,D,D,0,Y,,,,Y,Y,N,60,0,0,0,2,0,0,0,0,0,"- ","- ",32.781028747558594,-116.98203277587891,"SAN DIEGO","EL CAJON",-116.98200225830078,32.781005859375
90776638,2018,2018-07-25,9680,2018-07-15,2151,021501,,7,2,9,3700,0,1,3,,1,071,SR-78,"BORREGO SPRINGS RD",4752.00,E,N,A,-,Y,,,78,,,,,,,N,4,0,1,2,A,-,05,21460,C,F,G,B,E,A,H,-,D,D,0,Y,,,,Y,,-,99,0,0,1,0,1,0,0,0,0,"- ","- ",33.159309387207031,-116.22889709472656,"SAN DIEGO",UNINCORPORATED,-116.22889709472656,33.159294128417969
90782425,2018,2018-08-01,9680,2018-07-22,2145,021813,,7,2,9,3700,0,1,3,,2,028,"SR-125 S/B TO JAMACHA RD","JAMACHA RD",10.00,N,N,A,-,Y,,,125,,,,R,,S,Y,3,0,1,2,A,-,01,23152,A,N,D,G,A,A,H,-,C,A,0,,Y,,,Y,Y,D,22,0,1,0,0,0,0,1,0,0,"- ","- ",32.714889526367188,-117.01499938964844,"SAN DIEGO",UNINCORPORATED,-117.01499938964844,32.714889526367188
90784069,2018,2018-08-03,9680,2018-07-25,2000,021944,,3,2,9,3700,0,3,5,,2,002,"ROSEDALE DR","BANCROFT DR",528.00,E,N,A,-,N,,,,,,,,,,N,3,0,1,2,A,-,09,21804,A,N,D,G,A,A,H,-,B,D,0,,Y,,,Y,,L,04,0,1,0,0,0,0,1,0,0,"- ","- ",32.736141204833984,-117.00473785400391,"SAN DIEGO",UNINCORPORATED,-117.0047607421875,32.736122131347656
90785254,2018,2018-08-06,9680,2018-07-26,1635,021944,,4,2,9,3700,0,2,4,,1,026,"JAMACHA BLVD","GRAND AVE",10.00,E,N,A,-,N,,,,,,,,,,Y,3,0,1,2,A,-,11,21950,B,N,G,B,B,A,H,-,A,A,0,Y,,Y,,Y,,N,60,0,1,0,0,1,0,0,0,0,"- ","- ",32.707939147949219,-116.99739837646484,"SAN DIEGO",UNINCORPORATED,-116.99747467041016,32.707847595214844
90786999,2018,2018-08-08,9680,2018-04-17,1514,015070,,2,2,9,3700,0,3,5,,2,003,"OLDE HIGHWAY 80","SOLDIN LANE",288.00,E,N,A,-,N,,,,,,,,,,Y,1,1,3,3,A,-,08,22107,,N,C,G,A,A,H,-,A,D,0,,Y,,,Y,,A,08,0,0,3,0,0,1,0,0,0,"- ","- ",32.847930908203125,-116.86569976806641,"SAN DIEGO",UNINCORPORATED,-116.86559295654297,32.847877502441406
90787032,2018,2018-08-08,9650,2018-07-31,2326,018675,,2,3,9,3700,0,1,1,,2,001,"I-5 S/B","U.S.B.P CHECKPOINT",6864.00,S,N,A,-,Y,,,5,,,,,,S,N,2,0,1,2,A,-,11,21954,A,N,G,B,E,A,H,-,D,D,0,Y,,,Y,Y,,N,60,1,0,0,0,1,0,0,0,0,"- ","- ",33.34027099609375,-117.50849151611328,"SAN DIEGO",UNINCORPORATED,-117.50845336914062,33.340316772460938
90788156,2018,2018-08-10,9645,2018-02-18,0120,020623,,7,3,7,3711,0,1,1,,2,001,"I-5 NORTHBOUND","IRIS AVENUE",700.00,S,N,A,-,Y,,,5,,,,,,N,N,1,1,0,2,C,-,18,,,N,G,B,E,A,H,-,C,D,0,Y,,,,Y,Y,-,"- ",0,0,0,1,0,0,0,0,0,"- ","- ",32.567161560058594,-117.07512664794922,"SAN DIEGO","SAN DIEGO",-117.0750732421875,32.567203521728516
90788539,2018,2018-08-10,9650,2018-08-09,0525,020673,,4,3,6,3706,0,1,1,,2,023,"I-15 SOUTHBOUND","EL NORTE PKWY.",2200.00,S,N,B,-,Y,,,,,,,,,,N,4,0,1,2,A,-,08,22107,,N,G,B,E,A,H,-,B,D,0,Y,,,,Y,,D,22,0,0,1,0,1,0,0,0,0,"- ","- ",33.082618713378906,-117.06182098388672,"SAN DIEGO",ESCONDIDO,-117.10494232177734,33.140678405761719
90791221,2018,2018-08-15,9680,2018-08-04,1915,020682,,6,2,9,3700,0,3,5,,2,003,"EAST COUNTY DR","PIPING ROCK LN",223.00,W,N,A,-,N,,,,,,,,,,N,3,0,1,2,A,-,05,21650,,N,B,G,A,A,H,-,B,D,0,,Y,,,Y,,L,04,0,1,0,0,0,0,1,0,0,"- ","- ",32.827121734619141,-116.89572143554688,"SAN DIEGO",UNINCORPORATED,-116.89559936523438,32.827102661132812
90792226,2018,2018-08-16,9650,2018-07-11,1430,017328,,3,2,9,3700,0,1,1,,2,022,"I-15 S/B TO SR-76",SR-76,15.00,N,N,A,-,Y,,,15,,,,R,,S,N,4,0,1,2,A,-,11,21950,B,F,G,B,B,A,H,-,A,A,0,Y,,,,Y,,N,60,0,0,1,0,1,0,0,0,0,"- ","- ",33.329921722412109,-117.16088104248047,"SAN DIEGO",UNINCORPORATED,-117.16088104248047,33.329921722412109
90792232,2018,2018-08-16,9645,2018-06-16,1935,018950,,6,2,7,3711,0,3,5,,2,024,"CAMINO SAN BERNARDO W/B","4S RANCH PKWY",200.00,W,N,A,-,N,,,,,,,,,,N,3,0,1,2,D,-,00,,,F,G,B,A,A,H,-,D,D,0,,,,,Y,Y,-,"- ",0,1,0,0,0,0,0,0,0,"- ","- ",33.009708404541016,-117.11593627929688,"SAN DIEGO","SAN DIEGO",-117.11622619628906,33.009601593017578
90794129,2018,2018-08-20,9650,2018-08-14,1811,021327,,2,2,9,3700,0,3,5,,2,006,"FALLBROOK ST","OLD STAGE RD",46.00,W,N,A,-,N,,,,,,,,,,N,2,0,1,2,A,-,11,21950,B,N,G,B,D,A,H,-,A,D,0,Y,,,,Y,,N,60,1,0,0,0,1,0,0,0,0,"- ","- ",33.376628875732422,-117.29444122314453,"SAN DIEGO",UNINCORPORATED,-117.24944305419922,33.376590728759766
90794959,2018,2018-08-21,9650,2018-08-12,0748,017743,,7,1,9,3700,0,2,4,,1,027,"VALLEY CENTER RD","SASS DR.",0.00,,Y,A,-,N,,,,,,,,,,Y,2,0,1,2,A,-,09,21801,A,N,H,G,A,A,H,-,A,D,0,,Y,,,Y,,A,07,1,0,0,0,0,0,1,0,0,"- ","- ",33.244808197021484,-116.96375274658203,"SAN DIEGO",UNINCORPORATED,-116.963893,33.244765000000001
90795294,2018,2018-08-21,9650,2018-06-30,0419,019766,,6,3,9,3700,0,1,1,,2,003,"I-5 NORTHBOUND","COCKLEBURR ROAD",374.00,N,N,B,-,Y,,,5,,,,,,N,N,1,1,0,3,A,-,11,21954,A,N,G,B,E,A,H,-,D,D,0,Y,,,,Y,Y,N,60,0,0,0,1,0,0,0,0,0,"- ","- ",33.254608154296875,-117.42398071289062,"SAN DIEGO",UNINCORPORATED,-117.42374420166016,33.254798889160156
90797458,2018,2018-08-24,9645,2018-07-24,0511,014804,,2,3,7,3711,0,1,3,,2,025,"SR-163 (S/B)",SR-52,858.00,S,N,B,-,Y,,,163,,,,,,,Y,1,1,0,2,A,-,07,21658,A,N,H,G,A,A,H,-,D,A,0,,Y,,,Y,,L,04,0,0,0,0,0,1,0,0,0,"- ","- ",32.839260101318359,-117.13545989990234,"SAN DIEGO","SAN DIEGO",-117.13545227050781,32.839252471923828
90797837,2018,2019-11-07,9650,2018-06-17,2300,019822,,7,3,6,3706,0,1,3,,2,019,SR-78,BROADWAY,47.00,W,N,B,-,Y,,,78,,,,,,,Y,1,1,1,4,A,-,01,23152,G,F,G,B,E,A,H,-,C,A,0,Y,,,,Y,Y,A,07,1,0,0,1,0,0,0,0,0,"- ","- ",33.13275146484375,-117.08672332763672,"SAN DIEGO",ESCONDIDO,-117.08672332763672,33.132762908935547
90801236,2018,2018-08-29,9680,2018-08-19,0218,021828,,7,3,9,3700,0,1,1,,2,081,"I-8 EASTBOUND TO FLETCHER PKWY","BALTIMORE DR",1056.00,W,N,A,-,Y,,,,,,,,,,Y,2,0,1,2,A,-,11,21954,A,N,G,B,D,A,H,-,D,D,0,Y,,,,Y,Y,N,60,1,0,0,0,1,0,0,0,0,"- ","- ",32.773040771484375,-117.03053283691406,"SAN DIEGO",UNINCORPORATED,-117.02973937988281,32.773159027099609
90803505,2018,2018-08-31,9680,2018-08-22,0730,015972,,3,1,9,3700,0,3,5,,2,002,"JAMACHA ROAD","SWEETWATER ROAD",0.00,,Y,A,-,N,,,,,,,,,,N,3,0,1,2,A,-,05,21650,,N,D,G,A,A,H,-,A,A,0,,Y,,,Y,,L,04,0,1,0,0,0,0,1,0,0,"- ","- ",32.714870452880859,-117.01251983642578,"SAN DIEGO",UNINCORPORATED,-117.01271820068359,32.714759826660156
90804926,2018,2018-09-04,9645,2018-08-22,1715,015790,,3,2,9,3700,0,3,5,,2,024,"THORNMINT ROAD","THORNMINT COURT",0.00,,Y,A,-,N,,,,,,,,,,N,3,0,1,2,A,-,12,22450,A,N,D,G,A,A,H,-,A,D,0,,Y,,,Y,,L,04,0,1,0,0,0,0,1,0,0,"- ","- ",33.021858215332031,-117.27313995361328,"SAN DIEGO",UNINCORPORATED,-117.10031890869141,33.016891479492188
90805295,2018,2018-09-04,9645,2018-08-14,1647,018678,,2,2,9,3700,0,3,5,,2,018,"BONITA ROAD E/B (3400 BLOCK)","GLEN ABBEY BLVD",335.00,W,N,A,-,N,,,,,,,,,,N,3,0,1,2,A,-,05,21650,,N,D,G,A,A,H,-,A,D,0,,Y,,,Y,,L,04,0,1,0,0,0,0,1,0,0,"- ","- ",32.651519775390625,-117.050048828125,"SAN DIEGO",UNINCORPORATED,-117.05079650878906,32.651142120361328
90806438,2018,2018-09-05,9680,2018-08-24,0745,016598,,5,1,9,3700,0,2,4,,1,029,"SWEETWATER SPRINGS BLVD","AUSTIN DRIVE",0.00,,Y,B,-,N,,,,,,,,,,N,4,0,1,2,D,-,00,,,N,G,B,B,A,H,-,A,A,0,Y,,,,Y,,-,"- ",0,0,1,0,1,0,0,0,0,"- ","- ",32.730941772460938,-116.97176361083984,"SAN DIEGO",UNINCORPORATED,-116.97160339355469,32.730979919433594