CASE_ID,ACCIDENT_YEAR,PROC_DATE,JURIS,COLLISION_DATE,COLLISION_TIME,OFFICER_ID,REPORTING_DISTRICT,DAY_OF_WEEK,CHP_SHIFT,POPULATION,CNTY_CITY_LOC,SPECIAL_COND,BEAT_TYPE,CHP_BEAT_TYPE,CITY_DIVISION_LAPD,CHP_BEAT_CLASS,BEAT_NUMBER,PRIMARY_RD,SECONDARY_RD,DISTANCE,DIRECTION,INTERSECTION,WEATHER_1,WEATHER_2,STATE_HWY_IND,CALTRANS_COUNTY,CALTRANS_DISTRICT,STATE_ROUTE,ROUTE_SUFFIX,POSTMILE_PREFIX,POSTMILE,LOCATION_TYPE,RAMP_INTERSECTION,SIDE_OF_HWY,TOW_AWAY,COLLISION_SEVERITY,NUMBER_KILLED,NUMBER_INJURED,PARTY_COUNT,PRIMARY_COLL_FACTOR,PCF_CODE_OF_VIOL,PCF_VIOL_CATEGORY,PCF_VIOLATION,PCF_VIOL_SUBSECTION,HIT_AND_RUN,TYPE_OF_COLLISION,MVIW,PED_ACTION,ROAD_SURFACE,ROAD_COND_1,ROAD_COND_2,LIGHTING,CONTROL_DEVICE,CHP_ROAD_TYPE,PEDESTRIAN_ACCIDENT,BICYCLE_ACCIDENT,MOTORCYCLE_ACCIDENT,TRUCK_ACCIDENT,NOT_PRIVATE_PROPERTY,ALCOHOL_INVOLVED,STWD_VEHTYPE_AT_FAULT,CHP_VEHTYPE_AT_FAULT,COUNT_SEVERE_INJ,COUNT_VISIBLE_INJ,COUNT_COMPLAINT_PAIN,COUNT_PED_KILLED,COUNT_PED_INJURED,COUNT_BICYCLIST_KILLED,COUNT_BICYCLIST_INJURED,COUNT_MC_KILLED,COUNT_MC_INJURED,PRIMARY_RAMP,SECONDARY_RAMP,LATITUDE,LONGITUDE,COUNTY,CITY,POINT_X,POINT_Y
90853872,2018,2018-11-06,9645,2018-10-29,1048,017717,,1,1,7,3711,0,1,1,,2,005,"I-5 S/B FROM OLD TOWN AVE","OLD TOWNE AVE",20.00,S,N,B,-,Y,,,5,,,,R,,S,N,2,0,1,2,A,-,10,21950,A,N,G,B,B,A,H,-,A,D,0,Y,,,,Y,,A,01,1,0,0,0,1,0,0,0,0,"- ","- ",32.747028350830078,-117.19338226318359,"SAN DIEGO","SAN DIEGO",-117.19338226318359,32.747028350830078
90855488,2018,2018-12-31,9650,2018-11-01,1635,021154,,4,2,9,3700,0,3,5,,2,170,"SOUTH SANTA FE AVE","LOVEENY LN",0.00,,Y,A,-,N,,,,,,,,,,N,4,0,1,2,A,-,09,21801,A,N,H,G,A,A,H,-,B,D,0,,Y,,,Y,,A,01,0,0,1,0,0,0,1,0,0,"- ","- ",33.172359466552734,-117.20752716064453,"SAN DIEGO",UNINCORPORATED,-117.207605,33.172376
90855653,2018,2018-11-07,9650,2018-11-04,1919,020966,,7,2,5,3713,0,3,5,,2,170,"S. SANTA FE AVE","ROBELINI DR",0.00,,Y,A,-,N,,,,,,,,,,N,4,0,1,2,A,-,10,21950,A,N,G,B,B,A,H,-,C,D,0,Y,,,,Y,,A,01,0,0,1,0,1,0,0,0,0,"- ","- ",33.173690795898438,-117.20941162109375,"SAN DIEGO",VISTA,-117.20939636230469,33.173789978027344
90855995,2018,2018-11-08,9680,2018-10-29,0715,020500,,1,1,9,3700,0,1,3,,1,090,"SR-67 (MAIN STREET)","11TH ST",0.00,,Y,A,-,Y,,,67,,,,,,,N,4,0,1,2,A,-,12,22450,A,N,D,G,A,A,H,-,A,A,0,,Y,,,Y,,L,04,0,0,1,0,0,0,1,0,0,"- ","- ",33.041149139404297,-116.87027740478516,"SAN DIEGO",UNINCORPORATED,-116.87025451660156,33.041107177734375
90856318,2018,2018-11-08,9680,2018-10-29,1730,019555,,1,2,9,3700,0,2,4,,1,010,"WOODSIDE AVE","MARILLA DR",560.00,E,N,A,-,N,,,,,,,,,,N,3,0,1,2,A,-,10,21954,B,N,G,B,E,A,H,-,A,D,0,Y,,,,Y,,D,22,0,1,0,0,1,0,0,0,0,"- ","- ",32.854961395263672,-116.93903350830078,"SAN DIEGO",UNINCORPORATED,-116.93891143798828,32.854999542236328
90856662,2018,2018-11-08,9680,2018-10-29,0330,021828,,1,3,9,3700,0,1,3,,1,017,"SR-67 NORTHBOUND","MAPLEVIEW ST",528.00,N,N,A,-,Y,,,67,,,,,,N,N,3,0,1,2,A,-,11,21954,A,N,G,B,D,A,H,-,D,D,0,Y,,,,Y,,N,60,0,1,0,0,1,0,0,0,0,"- ","- ",32.865398406982422,-116.92234802246094,"SAN DIEGO",UNINCORPORATED,-116.92227172851562,32.865409851074219
90859892,2018,2018-11-14,9650,2018-11-13,0635,013636,,2,1,6,3710,0,1,1,,2,005,"I-5 S/B TO MISSION AVE","MISSION AVE",528.00,N,N,A,-,Y,,,5,,,,R,,S,N,4,0,1,2,A,-,11,21954,A,N,G,B,E,A,H,-,A,D,0,Y,,,,Y,,N,60,0,0,1,0,1,0,0,0,0,"- ","- ",33.200508117675781,-117.37432861328125,"SAN DIEGO",OCEANSIDE,-117.37432861328125,33.200508117675781
90860491,2018,2018-11-15,9680,2018-11-03,2120,021764,,6,2,9,3700,0,2,4,,1,014,"WINTER GARDENS BLVD","LEMON CREST DR",449.00,N,N,A,-,N,,,,,,,,,,Y,3,0,1,2,A,-,17,21200,,N,B,G,A,A,H,-,D,D,0,,Y,,,Y,Y,L,04,0,1,0,0,0,0,1,0,0,"- ","- ",32.850799560546875,-116.93109130859375,"SAN DIEGO",UNINCORPORATED,-116.93117523193359,32.850700378417969
90864339,2018,2018-11-20,9680,2018-11-08,0745,017621,,4,1,9,3700,0,3,5,,2,009,"8TH ST.","E ST",2.00,S,N,A,-,N,,,,,,,,,,N,4,0,1,2,A,-,09,21802,A,N,D,G,A,A,H,-,A,A,0,,Y,,,Y,,L,04,0,0,1,0,0,0,1,0,0,"- ","- ",33.042030334472656,-116.86412811279297,"SAN DIEGO",UNINCORPORATED,-116.86405944824219,33.041965484619141
90866172,2018,2018-11-26,9650,2018-11-17,0925,019270,,6,1,9,3700,0,3,5,,2,070,"SAN DIEGUITO RD","VIA DE SANTA FE",0.00,,Y,A,-,N,,,,,,,,,,N,3,0,3,4,A,-,09,21801,A,N,D,G,A,A,H,-,A,D,0,,Y,,,Y,,A,01,0,2,1,0,0,0,3,0,0,"- ","- ",32.991180419921875,-117.19734191894531,"SAN DIEGO",UNINCORPORATED,-117.19747099999999,32.991152999999997
90866612,2018,2018-11-26,9645,2018-08-19,2152,021494,,7,2,5,3709,0,1,1,,2,001,"I-5 N/B","PLAZA BLVD",466.00,S,N,A,-,Y,,,5,,,,,,N,Y,1,1,0,2,A,-,11,21954,A,N,G,B,E,A,H,-,C,D,0,Y,,,,Y,,N,60,0,0,0,1,0,0,0,0,0,"- ","- ",32.666301727294922,-117.11039733886719,"SAN DIEGO","NATIONAL CITY",-117.11038208007812,32.666309356689453
90867205,2018,2018-11-26,9650,2018-11-09,1045,015788,,5,1,9,3700,0,3,5,,2,070,"CANCHA DE GOLF","VIA CORONADO",0.00,,Y,A,-,N,,,,,,,,,,N,3,0,1,2,A,-,03,22350,,N,G,B,E,A,H,-,A,D,0,Y,,,,Y,,A,07,0,1,0,0,1,0,0,0,0,"- ","- ",32.992160797119141,-117.21254730224609,"SAN DIEGO",UNINCORPORATED,-117.21256256103516,32.992160797119141
90868285,2018,2018-11-27,9680,2018-11-13,1455,020500,,2,2,9,3700,0,1,3,,1,091,"SR-78 (10TH STREET)","B ST",20.00,W,N,A,G,Y,,,,,,,,,,N,3,0,1,2,A,-,09,21804,A,N,D,G,A,A,H,-,A,D,0,,Y,,,Y,,L,04,0,1,0,0,0,0,1,0,0,"- ","- ",33.042991638183594,-116.86934661865234,"SAN DIEGO",UNINCORPORATED,-116.6015625,33.077964782714844
90870647,2018,2018-11-29,9650,2018-11-19,1925,015373,,1,2,9,3700,0,2,4,,2,061,"EAST MISSION ROAD","LEON WAY",100.00,W,N,A,-,N,,,,,,,,,,N,3,0,1,2,A,-,08,22107,,F,G,B,E,A,H,-,D,D,0,Y,,,,Y,,D,22,0,1,0,0,1,0,0,0,0,"- ","- ",33.391830444335938,-117.19210815429688,"SAN DIEGO",UNINCORPORATED,-117.19210815429688,33.391780853271484
90872768,2018,2018-11-30,9650,2018-11-23,1705,020771,,5,2,9,3700,0,2,4,,1,027,"VALLEY CENTER RD","S. RESORT DR.",130.00,S,N,A,-,N,,,,,,,,,,N,3,0,1,2,A,-,11,21954,A,N,G,B,D,A,H,-,D,D,0,Y,,,,Y,,N,60,0,1,0,0,1,0,0,0,0,"- ","- ",33.268230438232422,-116.95368957519531,"SAN DIEGO",UNINCORPORATED,-116.95372009277344,33.268375396728516
90875447,2018,2018-12-04,9650,2018-08-09,0949,021327,,4,1,9,3700,0,1,1,,2,001,"I-5 N/B","USBP CHECKPOINT",1323.00,S,N,A,-,Y,,,,,,,,,,N,1,1,0,2,A,-,11,21954,A,N,G,B,E,A,H,-,A,D,0,Y,,,,Y,,N,60,0,0,0,1,0,0,0,0,0,"- ","- ",33.211631774902344,-117.31201171875,"SAN DIEGO",UNINCORPORATED,,
90876467,2018,2018-12-05,9645,2018-11-26,1200,015331,,1,1,7,3711,0,1,3,,2,023,"SR-163 SOUTHBOUND","QUINCE STREET",105.00,S,N,A,-,Y,,,163,,,,,,S,Y,2,0,2,4,A,-,11,21954,A,N,G,B,D,A,H,-,A,D,0,Y,,Y,,Y,,N,60,1,1,0,0,1,0,0,0,0,"- ","- ",32.733921051025391,-117.15567779541016,"SAN DIEGO","SAN DIEGO",-117.15582275390625,32.733871459960938
90880202,2018,2018-12-13,9680,2018-08-13,2040,020500,,1,2,9,3700,0,2,4,,1,096,"HIGHLAND VALLEY ROAD","HANDLEBAR ROAD",560.00,W,N,A,-,N,,,,,,,,,,N,1,1,0,2,A,-,11,21954,A,F,G,B,E,A,H,-,D,D,0,Y,,,,Y,Y,N,60,0,0,0,1,0,0,0,0,0,"- ","- ",33.023120880126953,-116.92745208740234,"SAN DIEGO",UNINCORPORATED,-116.92794799804688,33.023384094238281
90880652,2018,2019-03-04,9680,2018-08-27,1840,019384,,1,2,9,3700,0,3,5,,2,001,"NORTH WOODSIDE AVENUE","RIVERFORD ROAD",1075.00,S,N,A,-,N,,,,,,,,,,Y,1,1,0,2,A,-,01,23152,A,N,G,B,E,A,H,-,A,D,0,Y,,,,Y,Y,D,22,0,0,0,1,0,0,0,0,0,"- ","- ",32.854000091552734,-116.94940948486328,"SAN DIEGO",UNINCORPORATED,-116.94918060302734,32.852210998535156
90881239,2018,2018-12-12,9680,2018-07-15,2216,022021,,7,3,9,3700,0,2,4,,1,025,"SWEETWATER ROAD","TROY STREET",14.00,N,N,A,-,N,,,,,,,,,,Y,1,1,0,2,A,-,11,21950,B,N,G,B,B,A,H,-,C,A,0,Y,,,,Y,,N,60,0,0,0,1,0,0,0,0,0,"- ","- ",32.736808776855469,-117.01451110839844,"SAN DIEGO",UNINCORPORATED,-117.01447296142578,32.736717224121094
90881331,2018,2019-07-16,9650,2018-09-29,0420,021698,,6,3,9,3700,0,1,1,,2,021,"I-15 N/B","GOPHER CANYON RD",4756.00,S,N,A,-,Y,,,15,,,,,,N,Y,1,1,0,3,A,-,03,22350,,F,G,B,E,A,H,-,C,D,0,Y,,,,Y,,-,99,0,0,0,1,0,0,0,0,0,"- ","- ",33.241661071777344,-117.15084075927734,"SAN DIEGO",UNINCORPORATED,-117.15081787109375,33.241668701171875
90884073,2018,2018-12-17,9650,2018-11-30,1515,021406,,5,2,9,3700,0,3,5,,2,231,"BEAR VALLEY PKY","LAS PALMAS AVE",0.00,,Y,A,-,N,,,,,,,,,,N,4,0,1,2,A,-,10,21950,A,F,G,B,B,A,H,-,A,D,0,Y,,,,Y,,-,99,0,0,1,0,1,0,0,0,0,"- ","- ",33.086048126220703,-117.05735778808594,"SAN DIEGO",UNINCORPORATED,-117.05734252929688,33.086170196533203
90884134,2018,2018-12-17,9645,2018-11-30,0138,019712,,5,3,7,3711,0,1,1,,2,003,"I-5 S/B",SR-94,30.00,N,N,B,C,Y,,,5,,,,,,S,N,2,0,1,2,A,-,11,21954,A,F,G,B,D,B,H,-,D,D,0,Y,,,,Y,Y,N,60,1,0,0,0,1,0,0,0,0,"- ","- ",32.712779998779297,-117.14778900146484,"SAN DIEGO","SAN DIEGO",-117.14775848388672,32.712779998779297
90884971,2018,2018-12-18,9680,2018-12-07,0550,015410,,5,3,9,3700,0,2,4,,1,010,"WOODSIDE AVE","MARILLA DR",260.00,W,N,A,-,N,,,,,,,,,,Y,2,0,1,2,A,-,11,21956,,N,G,B,E,B,H,-,D,D,0,Y,,,,Y,,N,60,1,0,0,0,1,0,0,0,0,"- ","- ",32.85498046875,-116.94174957275391,"SAN DIEGO",UNINCORPORATED,-116.94156646728516,32.854946136474609
90885440,2018,2018-12-18,9680,2018-12-06,2130,021813,,4,2,9,3700,0,2,4,,1,026,"JAMACHA RD","HELIX ST",15.00,W,N,A,-,N,,,,,,,,,,N,3,0,1,2,A,-,12,21453,A,F,G,B,B,A,H,-,C,A,0,Y,,,,Y,Y,A,07,0,1,0,0,1,0,0,0,0,"- ","- ",32.714801788330078,-117.00968170166016,"SAN DIEGO",UNINCORPORATED,-117.00953674316406,32.714797973632812
90885654,2018,2018-12-18,9680,2018-12-11,1540,020682,,2,2,9,3700,0,2,4,,1,014,"LEMON CREST DR","WINTER GARDENS BLVD",0.00,,Y,A,-,N,,,,,,,,,,N,3,0,1,2,A,-,10,21950,A,N,G,B,B,A,H,-,A,A,0,Y,,,,Y,,A,07,0,1,0,0,1,0,0,0,0,"- ","- ",32.849430084228516,-116.93115234375,"SAN DIEGO",UNINCORPORATED,-116.93109893798828,32.849479675292969
90885998,2018,2018-12-20,9680,2018-12-12,2025,021476,,3,2,9,3700,0,3,5,,2,002,"LAMAR STREET","SWEETWATER RD",145.00,E,N,A,-,N,,,,,,,,,,N,4,0,1,2,A,-,11,21954,A,N,G,B,D,A,H,-,D,D,0,Y,,,,Y,,N,60,0,0,1,0,1,0,0,0,0,"- ","- ",32.738719940185547,-117.01390075683594,"SAN DIEGO",UNINCORPORATED,-117.01400756835938,32.738689422607422
90889265,2018,2018-12-24,9680,2018-12-14,1750,019910,,5,2,9,3700,0,2,4,,1,014,"WINTER GARDENS BLVD","GOLDEN RIDGE RD",23.00,S,N,B,-,N,,,,,,,,,,N,3,0,1,2,A,-,11,21954,A,N,G,B,E,A,H,-,C,A,0,Y,,,,Y,Y,N,60,0,1,0,0,1,0,0,0,0,"- ","- ",32.829208374023438,-116.93315124511719,"SAN DIEGO",UNINCORPORATED,-116.93305206298828,32.8292236328125
90893101,2018,2018-12-28,9680,2018-12-17,1600,021584,,1,2,9,3700,0,3,5,,2,005,"MANZANITA DRIVE","HOLLOW GLEN ROAD",6.00,N,N,A,-,N,,,,,,,,,,N,3,0,1,2,A,-,11,21954,A,N,G,B,E,A,H,-,A,D,0,Y,,,,Y,,N,60,0,1,0,0,1,0,0,0,0,"- ","- ",33.076881408691406,-116.58992767333984,"SAN DIEGO",UNINCORPORATED,-116.58994293212891,33.076789855957031
90893145,2018,2018-12-28,9645,2018-12-13,0800,015698,,4,1,9,3700,0,3,5,,2,018,"NEWELL ST. (2000 BLOCK)","GROVE ST.",10.00,S,N,A,-,N,,,,,,,,,,N,4,0,1,2,A,-,21,22106,,M,G,B,B,A,H,-,A,A,0,Y,,,,Y,,A,01,0,0,1,0,1,0,0,0,0,"- ","- ",32.669921875,-117.08052062988281,"SAN DIEGO",UNINCORPORATED,-117.08094787597656,32.665519714355469
90893566,2018,2018-12-28,9680,2018-12-19,1745,020625,,3,2,9,3700,0,3,5,,2,002,"KENWOOD DR","KENORA DR",21.00,N,N,A,-,N,,,,,,,,,,N,3,0,1,2,A,-,11,21954,A,N,G,B,D,A,H,-,D,A,0,Y,,,,Y,,N,60,0,1,0,0,1,0,0,0,0,"- ","- ",32.747470855712891,-116.98887634277344,"SAN DIEGO",UNINCORPORATED,-116.98892211914062,32.747482299804688
90893962,2018,2018-12-31,9650,2018-12-22,0915,019270,,6,1,9,3700,0,3,5,,2,230,"DEL DIOS HWY","RANCHO DR",3168.00,W,N,A,-,N,,,,,,,,,,N,2,0,2,3,A,-,04,21703,,N,H,G,A,A,H,-,A,D,0,,Y,,,Y,,L,04,2,0,0,0,0,0,2,0,0,"- ","- ",33.052520751953125,-117.1221923828125,"SAN DIEGO",UNINCORPORATED,-117.12439727783203,33.061759948730469
90897159,2018,2019-01-03,9680,2018-12-22,1940,020116,,6,2,9,3700,0,2,4,,1,025,"SWEETWATER RD","JAMACHA RD",0.00,,Y,A,-,N,,,,,,,,,,N,3,0,1,2,A,-,11,21456,B,N,G,B,B,A,H,-,C,A,0,Y,,,,Y,,N,60,0,1,0,0,1,0,0,0,0,"- ","- ",32.714889526367188,-117.01254272460938,"SAN DIEGO",UNINCORPORATED,-117.01271820068359,32.714759826660156
90899652,2018,2019-01-08,9645,2018-12-27,1240,015331,,4,1,7,3711,0,1,3,,2,023,"SR-163 SOUTHBOUND","EL PRADO",425.00,S,N,A,-,Y,,,163,,,,,,S,N,2,0,1,2,A,-,07,21658,A,N,B,G,A,A,H,-,A,D,0,,Y,,,Y,,L,04,1,0,0,0,0,0,1,0,0,"- ","- ",32.730228424072266,-117.15483093261719,"SAN DIEGO","SAN DIEGO",-117.15480041503906,32.730224609375
90901161,2018,2019-01-09,9645,2018-12-30,0025,020867,,7,3,5,3709,0,3,5,,2,018,"RIDGEWAY DR. E/B","GWYNNE AVE.",140.00,W,N,A,-,N,,,,,,,,,,N,2,0,1,2,A,-,11,21954,A,N,G,B,E,A,H,-,C,D,0,Y,,,,Y,Y,N,60,1,0,0,0,1,0,0,0,0,"- ","- ",32.667259216308594,-117.07425689697266,"SAN DIEGO","NATIONAL CITY",-117.07421112060547,32.667285919189453
90901186,2018,2019-01-09,9680,2018-12-30,1830,021944,,7,2,9,3700,0,3,5,,2,002,"TROY ST.","SWEETWATER RD",208.00,E,N,A,-,N,,,,,,,,,,N,3,0,1,2,A,-,11,21954,A,N,G,B,D,A,H,-,D,D,0,Y,,,,Y,Y,N,60,0,1,0,0,1,0,0,0,0,"- ","- ",32.736648559570312,-117.01371002197266,"SAN DIEGO",UNINCORPORATED,-117.0137939453125,32.736679077148438
90901519,2018,2019-01-10,9650,2018-12-29,1420,021435,,6,2,6,3710,0,1,1,,2,005,I-5,"COUNTRY CLUB LN",50.00,S,N,A,-,Y,,,5,,,,,,,N,4,0,1,2,A,-,08,22107,,F,G,B,E,A,H,-,A,D,0,Y,,,,Y,,A,01,0,0,1,0,1,0,0,0,0,"- ","- ",33.195869445800781,-117.36717987060547,"SAN DIEGO",OCEANSIDE,-117.36712646484375,33.195915222167969
90902065,2018,2019-08-05,9650,2018-12-23,0229,021933,,7,3,5,3713,0,1,3,,2,017,"SR-78 E/B","VISTA VILLAGE DR",730.00,E,N,E,-,Y,,,78,,,,,,E,N,1,1,0,2,A,-,11,21954,A,N,G,B,E,A,H,-,D,D,0,Y,,,,Y,,N,60,0,0,0,1,0,0,0,0,0,"- ","- ",33.19390869140625,-117.24777221679688,"SAN DIEGO",VISTA,-117.24775695800781,33.193935394287109
90902405,2018,2019-10-23,9680,2018-07-16,2228,018907,,1,3,9,3700,0,2,4,,1,014,"NORTH 2ND STREET","PEPPER DRIVE",8.00,S,N,B,-,N,,,,,,,,,,N,1,1,0,2,A,-,12,21453,A,N,D,G,A,A,H,-,C,A,0,,Y,,,Y,,L,04,0,0,0,0,0,1,0,0,0,"- ","- ",32.820709228515625,-116.93454742431641,"SAN DIEGO",UNINCORPORATED,-116.93457794189453,32.820781707763672
90902540,2018,2019-01-11,9680,2018-07-27,0326,019936,,5,3,9,3700,0,1,3,,1,024,"STATE ROUTE 94 (CAMPO ROAD)","STEELE CANYON ROAD",5.00,W,N,A,-,Y,,,94,,,,,,,N,1,1,0,2,A,-,21,22106,,F,G,B,E,A,H,-,C,D,0,Y,,,,Y,,A,07,0,0,0,1,0,0,0,0,0,"- ","- ",32.727260589599609,-116.9093017578125,"SAN DIEGO",UNINCORPORATED,-116.90949249267578,32.727573394775391
90903642,2018,2019-03-28,9645,2018-05-12,0130,020992,,6,3,7,3711,0,1,1,,2,015,"I-805 S/B",SR-52,800.00,S,N,B,-,Y,,,805,,,,,,S,Y,1,1,0,3,A,-,10,21954,,N,G,B,E,A,H,-,C,D,0,Y,,,,Y,Y,N,60,0,0,0,1,0,0,0,0,0,"- ","- ",32.845100402832031,-117.17684936523438,"SAN DIEGO","SAN DIEGO",-117.17681121826172,32.845123291015625
90905472,2018,2019-01-16,9680,2018-08-04,0808,015578,,6,1,9,3700,0,2,4,,1,020,"AVOCADO BOULEVARD","NABAL DRIVE",325.00,N,N,A,-,N,,,,,,,,,,Y,1,1,0,2,A,-,08,22107,,N,C,G,A,A,H,-,A,D,0,,Y,,,Y,,L,04,0,0,0,0,0,1,0,0,0,"- ","- ",32.752838134765625,-116.96205902099609,"SAN DIEGO",UNINCORPORATED,-116.96198272705078,32.752769470214844
90913337,2018,2019-01-28,9645,2018-10-10,1540,015790,,3,2,7,3711,0,1,3,,2,023,"SR-163 (SB) TO CLAIREMONT MESA BLVD","CLAIREMONT MESA BLVD",14.00,N,N,A,-,Y,,,,,,,,,,N,3,0,1,2,A,-,21,22106,,N,G,B,B,A,H,-,A,A,0,Y,,,,Y,,-,99,0,1,0,0,1,0,0,0,0,"- ","- ",33.021858215332031,-117.27313995361328,"SAN DIEGO","SAN DIEGO",-117.14109039306641,32.832313537597656
90918602,2018,2019-02-04,9645,2018-08-30,0400,020867,,4,3,6,3702,0,1,1,,2,001,"I-5 N/B","PALOMAR ST.",1000.00,S,N,A,-,Y,,,5,,,,,,N,Y,1,1,1,2,A,-,11,21954,A,N,G,B,E,A,H,-,C,D,0,Y,,,,Y,,N,60,0,0,1,1,0,0,0,0,0,"- ","- ",32.601680755615234,-117.08943176269531,"SAN DIEGO","CHULA VISTA",-117.08955383300781,32.601665496826172
90919860,2018,2019-02-06,9650,2018-10-19,2053,019227,,5,2,9,3700,0,3,5,,2,006,"EAST ALVARADO ST.","KADEN CT.",10.00,E,N,A,-,N,,,,,,,,,,N,1,1,0,2,A,-,11,21954,A,F,G,B,D,A,H,-,D,D,0,Y,,,,Y,Y,N,60,0,0,0,1,0,0,0,0,0,"- ","- ",33.381969451904297,-117.23832702636719,"SAN DIEGO",UNINCORPORATED,-117.23832702636719,33.381969451904297
90924310,2018,2019-02-12,9680,2018-10-06,2324,021996,,6,3,9,3700,0,3,5,,2,001,"GARDENA RD.","CREEKFORD DR.",885.00,S,N,A,-,N,,,,,,,,,,N,2,0,2,3,A,-,08,22107,,F,G,B,E,A,H,-,D,D,0,Y,,,,Y,,A,01,1,0,1,0,2,0,0,0,0,"- ","- ",32.836769104003906,-116.93599700927734,"SAN DIEGO",UNINCORPORATED,-116.93571472167969,32.83734130859375
90935045,2018,2019-02-27,9650,2018-11-01,0735,017780,,4,1,9,3700,0,3,5,,2,170,"HANNALEI DR","WOODLAND DR",800.00,N,N,A,-,N,,,,,,,,,,N,4,0,1,2,D,-,00,,,N,G,B,F,A,H,-,A,D,0,Y,,,,Y,,-,"- ",0,0,1,0,1,0,0,0,0,"- ","- ",33.177738189697266,-117.21536254882812,"SAN DIEGO",UNINCORPORATED,-117.21501922607422,33.177597045898438
90944589,2018,2019-03-12,9680,2018-10-05,1917,021756,,5,2,9,3700,0,1,3,,1,040,"STATE ROUTE 94 WESTBOUND","MAXFIELD ROAD",80.00,E,N,A,-,Y,,,94,,,,,,W,Y,1,1,0,2,A,-,11,21954,A,F,G,B,D,A,H,-,D,D,0,Y,,,,Y,,N,60,0,0,0,1,0,0,0,0,0,"- ","- ",32.714061737060547,-116.87101745605469,"SAN DIEGO",UNINCORPORATED,-116.87101745605469,32.714061737060547
90958184,2018,2019-04-01,9680,2018-08-04,2245,020884,,6,3,9,3700,0,2,4,,1,010,"WOODSIDE AVENUE","SHAMROCK LANE",15.00,W,N,A,-,N,,,,,,,,,,N,1,1,0,2,A,-,11,21954,A,N,G,B,D,A,H,-,C,D,0,Y,,,,Y,Y,N,60,0,0,0,1,0,0,0,0,0,"- ","- ",32.856361389160156,-116.92852020263672,"SAN DIEGO",UNINCORPORATED,-116.92852020263672,32.856414794921875
90967008,2018,2019-04-15,9680,2018-11-07,0510,020720,,3,3,5,3708,0,1,1,,2,081,"INTERSTATE 8 WESTBOUND","SEVERIN DRIVE",184.00,E,N,B,-,Y,,,8,,,,,,W,Y,1,1,0,2,C,-,18,,,N,G,B,E,A,H,-,C,D,0,Y,,,,Y,,-,"- ",0,0,0,1,0,0,0,0,0,"- ","- ",32.779510498046875,-116.9959716796875,"SAN DIEGO","LA MESA",-116.9959716796875,32.779399871826172
90982912,2018,2019-05-06,9645,2018-10-25,2024,017133,,4,2,5,3709,0,1,1,,2,001,"I-5 S/B TO CIVIC CENTER DR.","CIVIC CENTER DR. U/C",14.00,S,N,A,-,Y,,,5,,,,R,,S,N,1,1,0,2,A,-,11,21954,A,N,G,B,D,A,H,-,C,D,0,Y,,,,Y,,N,60,0,0,0,1,0,0,0,0,0,"- ","- ",32.669750213623047,-117.11171722412109,"SAN DIEGO","NATIONAL CITY",-117.11171722412109,32.669750213623047
90983096,2018,2019-05-07,9645,2018-12-02,2200,020997,,7,3,5,3709,0,1,3,,2,008,"SR-54 W/B","I-805 S/B",714.00,W,N,A,-,Y,,,54,,,,,,W,Y,1,1,0,2,A,-,11,21954,A,F,G,B,D,A,H,-,D,D,0,Y,,,,Y,,N,60,0,0,0,1,0,0,0,0,0,"- ","- ",32.658660888671875,-117.0772705078125,"SAN DIEGO","NATIONAL CITY",-117.07728576660156,32.658588409423828